date,date_str,year,month,doy,T2M,T2M_MAX,T2M_MIN,ALLSKY_SFC_SW_DWN,PRECTOTCORR,RH2M,WS2M
2013-01-01,20130101,2013,1,1,27.36,30.19,25.59,18.9,0.0,73.23,5.45
2013-01-02,20130102,2013,1,2,27.2,30.54,24.75,21.28,0.0,78.2,4.74
2013-01-03,20130103,2013,1,3,27.64,31.13,25.02,21.17,0.0,77.03,5.08
2013-01-04,20130104,2013,1,4,27.69,31.36,25.49,21.12,0.0,75.49,5.71
2013-01-05,20130105,2013,1,5,27.37,30.91,25.22,21.59,0.0,76.52,6.02
2013-01-06,20130106,2013,1,6,27.15,30.85,24.59,21.85,0.0,77.34,5.5
2013-01-07,20130107,2013,1,7,27.2,31.1,24.77,21.76,0.0,78.34,5.51
2013-01-08,20130108,2013,1,8,27.57,31.88,24.89,21.78,0.0,75.87,5.75
2013-01-09,20130109,2013,1,9,27.39,30.88,25.1,22.1,0.0,75.23,6.44
2013-01-10,20130110,2013,1,10,27.0,30.59,24.9,22.17,0.0,74.79,6.63
2013-01-11,20130111,2013,1,11,26.69,30.68,24.27,22.41,0.0,73.44,6.25
2013-01-12,20130112,2013,1,12,25.96,29.22,24.03,22.26,0.0,77.06,5.95
2013-01-13,20130113,2013,1,13,26.1,29.72,23.65,21.83,0.0,77.04,5.16
2013-01-14,20130114,2013,1,14,26.15,29.99,24.07,21.7,0.0,76.37,5.6
2013-01-15,20130115,2013,1,15,26.17,30.08,23.89,21.21,0.0,75.67,5.12
2013-01-16,20130116,2013,1,16,26.1,29.89,23.34,21.5,0.0,77.14,5.17
2013-01-17,20130117,2013,1,17,26.13,29.69,24.04,20.81,0.0,76.33,5.12
2013-01-18,20130118,2013,1,18,25.93,28.97,24.01,20.49,0.0,78.4,5.68
2013-01-19,20130119,2013,1,19,26.12,29.1,24.32,20.39,0.0,75.48,6.13
2013-01-20,20130120,2013,1,20,26.18,29.59,24.1,20.83,0.0,74.61,5.69
2013-01-21,20130121,2013,1,21,26.53,30.07,23.94,21.53,0.0,74.32,5.28
2013-01-22,20130122,2013,1,22,26.19,28.86,24.85,20.61,0.0,77.31,6.07
2013-01-23,20130123,2013,1,23,26.14,28.78,24.69,18.82,0.0,80.16,5.77
2013-01-24,20130124,2013,1,24,26.31,29.62,24.38,18.97,0.0,77.56,5.28
2013-01-25,20130125,2013,1,25,26.54,29.86,24.68,20.39,0.0,77.05,5.72
2013-01-26,20130126,2013,1,26,26.63,30.04,24.63,21.12,0.0,76.34,5.71
2013-01-27,20130127,2013,1,27,26.89,30.34,24.5,21.61,0.0,75.3,5.8
2013-01-28,20130128,2013,1,28,27.27,30.89,24.85,22.32,0.0,73.4,5.97
2013-01-29,20130129,2013,1,29,27.22,30.49,25.08,21.79,0.0,73.51,6.1
2013-01-30,20130130,2013,1,30,27.46,31.67,24.9,21.9,0.0,71.64,5.55
2013-01-31,20130131,2013,1,31,27.12,31.02,24.9,22.36,0.0,75.31,5.86
2013-02-01,20130201,2013,2,32,26.8,29.8,24.93,22.42,0.01,75.22,6.94
2013-02-02,20130202,2013,2,33,26.82,29.84,24.98,20.12,0.0,74.43,6.25
2013-02-03,20130203,2013,2,34,26.7,29.78,25.01,18.17,0.02,74.91,5.11
2013-02-04,20130204,2013,2,35,26.58,29.41,24.98,17.39,0.0,78.12,5.82
2013-02-05,20130205,2013,2,36,26.64,29.2,25.13,18.14,0.03,76.14,5.75
2013-02-06,20130206,2013,2,37,26.39,28.34,25.12,19.49,0.0,74.86,5.68
2013-02-07,20130207,2013,2,38,26.56,29.55,24.87,20.06,0.0,76.03,5.26
2013-02-08,20130208,2013,2,39,26.84,29.86,25.07,19.71,0.16,78.15,5.64
2013-02-09,20130209,2013,2,40,26.74,29.56,25.1,19.84,0.08,75.93,6.14
2013-02-10,20130210,2013,2,41,26.91,30.14,25.08,19.61,0.0,73.37,6.03
2013-02-11,20130211,2013,2,42,27.36,30.66,25.43,23.26,0.0,71.84,5.84
2013-02-12,20130212,2013,2,43,27.57,31.09,25.66,23.34,0.0,68.58,6.08
2013-02-13,20130213,2013,2,44,27.05,30.76,24.35,23.01,0.0,70.89,4.73
2013-02-14,20130214,2013,2,45,27.3,32.03,24.32,22.58,0.0,71.79,4.11
2013-02-15,20130215,2013,2,46,27.35,32.01,24.38,21.76,0.0,74.76,4.36
2013-02-16,20130216,2013,2,47,27.47,32.09,24.76,21.87,0.0,74.78,4.58
2013-02-17,20130217,2013,2,48,26.98,29.74,25.29,19.27,0.0,73.35,6.38
2013-02-18,20130218,2013,2,49,27.2,29.95,25.44,22.31,0.0,71.17,6.92
2013-02-19,20130219,2013,2,50,27.75,31.25,25.34,22.9,0.0,71.91,6.43
2013-02-20,20130220,2013,2,51,27.78,31.34,25.74,22.74,0.0,71.63,6.25
2013-02-21,20130221,2013,2,52,27.7,30.95,25.37,22.95,0.0,72.41,6.25
2013-02-22,20130222,2013,2,53,27.74,31.28,25.5,22.73,0.0,72.83,5.57
2013-02-23,20130223,2013,2,54,27.72,31.15,25.78,22.75,0.0,74.45,5.64
2013-02-24,20130224,2013,2,55,27.46,30.93,25.27,22.81,0.0,75.71,5.37
2013-02-25,20130225,2013,2,56,27.77,31.87,25.18,22.8,0.0,76.01,5.1
2013-02-26,20130226,2013,2,57,27.73,32.14,24.93,21.63,0.0,76.85,4.97
2013-02-27,20130227,2013,2,58,27.66,31.44,25.33,20.63,0.0,76.47,5.59
2013-02-28,20130228,2013,2,59,27.64,31.25,25.76,19.16,0.0,76.94,5.28
2013-03-01,20130301,2013,3,60,27.14,30.84,25.59,11.25,0.0,79.54,4.8
2013-03-02,20130302,2013,3,61,27.18,30.82,25.15,16.88,0.02,79.55,4.24
2013-03-03,20130303,2013,3,62,26.63,28.66,25.37,12.99,0.03,81.88,5.27
2013-03-04,20130304,2013,3,63,26.81,28.74,25.67,18.37,0.06,79.89,6.02
2013-03-05,20130305,2013,3,64,27.39,30.14,25.8,19.55,0.03,78.86,5.73
2013-03-06,20130306,2013,3,65,27.45,30.75,25.72,18.97,0.01,77.42,5.22
2013-03-07,20130307,2013,3,66,26.8,28.8,25.73,18.01,0.01,81.37,5.67
2013-03-08,20130308,2013,3,67,27.22,29.6,25.92,20.43,0.0,77.5,6.2
2013-03-09,20130309,2013,3,68,27.25,30.0,25.81,22.03,0.0,76.3,6.36
2013-03-10,20130310,2013,3,69,27.65,30.83,25.82,20.04,0.0,76.85,6.04
2013-03-11,20130311,2013,3,70,27.56,30.06,25.83,19.59,0.18,77.31,5.62
2013-03-12,20130312,2013,3,71,27.57,30.45,25.93,18.92,0.44,78.36,6.51
2013-03-13,20130313,2013,3,72,27.29,30.25,25.82,18.0,0.2,78.43,6.75
2013-03-14,20130314,2013,3,73,26.88,29.07,25.68,18.41,0.34,77.68,6.45
2013-03-15,20130315,2013,3,74,26.92,29.74,25.33,15.06,0.44,74.1,6.58
2013-03-16,20130316,2013,3,75,27.2,30.18,25.45,20.48,0.9,74.74,6.62
2013-03-17,20130317,2013,3,76,27.73,30.86,25.77,19.51,0.01,73.63,6.4
2013-03-18,20130318,2013,3,77,27.47,30.26,25.97,18.73,0.0,76.79,5.6
2013-03-19,20130319,2013,3,78,27.61,30.16,26.04,18.23,0.02,76.69,5.01
2013-03-20,20130320,2013,3,79,27.49,30.88,25.69,19.4,0.09,74.85,5.2
2013-03-21,20130321,2013,3,80,27.07,29.37,25.68,18.92,0.4,76.88,4.57
2013-03-22,20130322,2013,3,81,27.08,29.45,25.37,14.49,0.32,79.24,4.72
2013-03-23,20130323,2013,3,82,27.67,30.48,26.05,16.7,0.43,78.16,4.61
2013-03-24,20130324,2013,3,83,28.09,31.52,25.94,22.0,0.02,76.56,3.4
2013-03-25,20130325,2013,3,84,28.49,32.74,25.82,18.89,0.49,76.58,3.55
2013-03-26,20130326,2013,3,85,27.63,30.29,26.19,21.74,0.01,77.8,4.91
2013-03-27,20130327,2013,3,86,27.54,30.55,26.0,18.98,0.02,76.05,6.13
2013-03-28,20130328,2013,3,87,27.49,30.4,25.87,22.09,0.0,73.04,6.2
2013-03-29,20130329,2013,3,88,27.68,30.87,26.04,20.6,0.06,76.38,6.21
2013-03-30,20130330,2013,3,89,28.39,32.12,26.17,22.25,0.13,75.35,6.01
2013-03-31,20130331,2013,3,90,27.93,29.89,26.66,21.55,0.09,76.96,5.19
2013-04-01,20130401,2013,4,91,28.35,32.03,25.99,25.0,0.03,74.79,4.97
2013-04-02,20130402,2013,4,92,28.64,33.2,26.19,19.64,0.52,73.21,4.75
2013-04-03,20130403,2013,4,93,28.12,31.25,26.18,16.19,1.01,78.38,5.13
2013-04-04,20130404,2013,4,94,28.41,32.27,26.21,22.48,0.01,76.25,4.71
2013-04-05,20130405,2013,4,95,27.96,31.07,26.28,21.9,0.21,76.41,4.23
2013-04-06,20130406,2013,4,96,28.5,32.52,25.96,20.37,0.09,75.13,4.52
2013-04-07,20130407,2013,4,97,27.93,31.21,25.94,20.48,0.23,77.63,5.82
2013-04-08,20130408,2013,4,98,28.38,31.9,26.54,21.37,0.0,75.59,5.72
2013-04-09,20130409,2013,4,99,28.56,31.91,26.46,20.2,0.0,72.65,5.72
2013-04-10,20130410,2013,4,100,28.59,32.56,26.17,21.37,0.0,71.47,5.58
2013-04-11,20130411,2013,4,101,28.31,32.42,25.66,21.65,0.0,74.0,4.75
2013-04-12,20130412,2013,4,102,28.29,31.91,25.73,22.07,0.0,74.13,4.73
2013-04-13,20130413,2013,4,103,28.43,31.81,26.33,22.33,0.0,74.3,5.46
2013-04-14,20130414,2013,4,104,28.43,31.76,26.23,18.35,0.0,76.86,4.85
2013-04-15,20130415,2013,4,105,28.04,31.53,26.17,17.03,0.04,79.65,4.69
2013-04-16,20130416,2013,4,106,28.15,31.35,26.08,18.6,0.09,78.9,5.3
2013-04-17,20130417,2013,4,107,27.92,31.07,26.27,18.12,0.14,77.26,5.63
2013-04-18,20130418,2013,4,108,28.12,31.06,26.13,17.06,0.68,77.48,5.59
2013-04-19,20130419,2013,4,109,27.62,29.89,26.05,13.95,1.28,80.3,4.31
2013-04-20,20130420,2013,4,110,27.7,30.32,26.07,17.71,0.28,78.51,4.23
2013-04-21,20130421,2013,4,111,27.97,31.11,25.74,19.55,1.08,76.38,4.64
2013-04-22,20130422,2013,4,112,27.7,30.9,25.73,23.46,0.27,73.72,4.64
2013-04-23,20130423,2013,4,113,27.94,31.66,25.62,22.08,0.22,75.23,4.51
2013-04-24,20130424,2013,4,114,28.04,31.62,26.0,22.73,0.17,76.9,4.98
2013-04-25,20130425,2013,4,115,28.16,30.98,26.34,23.22,0.17,75.08,5.96
2013-04-26,20130426,2013,4,116,28.14,31.24,26.41,19.99,0.15,73.88,6.24
2013-04-27,20130427,2013,4,117,27.74,30.87,26.0,19.11,0.04,73.24,6.12
2013-04-28,20130428,2013,4,118,27.49,30.81,25.7,18.43,0.15,75.02,4.99
2013-04-29,20130429,2013,4,119,27.95,31.4,25.89,23.3,0.17,76.86,4.88
2013-04-30,20130430,2013,4,120,27.88,30.16,26.27,21.71,0.4,79.77,4.74
2013-05-01,20130501,2013,5,121,27.97,31.01,26.12,19.34,3.53,80.64,3.58
2013-05-02,20130502,2013,5,122,27.48,30.21,25.96,8.92,16.54,83.88,2.85
2013-05-03,20130503,2013,5,123,27.56,30.47,25.66,19.46,4.15,81.69,1.94
2013-05-04,20130504,2013,5,124,27.75,31.24,25.35,22.97,1.2,78.64,2.14
2013-05-05,20130505,2013,5,125,27.38,30.05,25.59,18.42,0.95,77.76,1.96
2013-05-06,20130506,2013,5,126,27.22,29.96,25.28,16.16,0.73,78.16,2.58
2013-05-07,20130507,2013,5,127,27.54,30.33,25.64,21.31,3.17,79.75,3.45
2013-05-08,20130508,2013,5,128,28.17,30.89,26.59,23.29,4.71,81.55,4.45
2013-05-09,20130509,2013,5,129,28.07,30.2,26.72,13.24,6.34,83.49,4.59
2013-05-10,20130510,2013,5,130,28.61,32.03,26.47,13.35,4.33,79.21,3.85
2013-05-11,20130511,2013,5,131,28.62,31.76,26.59,22.53,0.42,77.2,4.48
2013-05-12,20130512,2013,5,132,28.64,31.87,26.67,24.43,0.02,75.08,5.15
2013-05-13,20130513,2013,5,133,28.87,32.03,26.65,24.9,0.0,73.6,5.43
2013-05-14,20130514,2013,5,134,28.64,31.75,27.0,22.37,0.0,75.09,5.85
2013-05-15,20130515,2013,5,135,28.44,31.26,26.74,21.47,0.05,76.22,5.82
2013-05-16,20130516,2013,5,136,28.65,32.42,26.76,19.78,0.72,76.71,4.33
2013-05-17,20130517,2013,5,137,27.98,30.11,26.43,15.96,0.68,81.86,3.53
2013-05-18,20130518,2013,5,138,28.01,30.57,26.23,21.16,0.42,81.82,3.86
2013-05-19,20130519,2013,5,139,28.02,30.75,26.7,18.94,1.67,82.45,4.1
2013-05-20,20130520,2013,5,140,27.88,30.2,26.43,12.42,3.12,83.99,3.54
2013-05-21,20130521,2013,5,141,27.65,29.56,26.23,12.85,9.21,85.88,2.84
2013-05-22,20130522,2013,5,142,26.9,28.15,25.99,7.17,11.47,87.89,2.08
2013-05-23,20130523,2013,5,143,27.68,30.66,26.14,16.06,5.16,84.39,3.07
2013-05-24,20130524,2013,5,144,27.79,30.08,26.43,16.04,3.93,83.88,3.18
2013-05-25,20130525,2013,5,145,28.34,31.24,26.5,23.42,2.33,80.96,4.42
2013-05-26,20130526,2013,5,146,28.83,31.85,26.77,24.44,3.28,80.45,4.32
2013-05-27,20130527,2013,5,147,28.76,31.48,27.06,19.9,2.62,81.23,3.77
2013-05-28,20130528,2013,5,148,28.53,31.37,26.84,19.4,12.63,82.93,3.56
2013-05-29,20130529,2013,5,149,28.52,31.22,26.7,13.7,9.45,81.17,2.7
2013-05-30,20130530,2013,5,150,27.81,29.98,26.29,20.75,6.06,84.06,2.19
2013-05-31,20130531,2013,5,151,27.6,30.11,26.05,10.93,13.03,85.13,1.74
2013-06-01,20130601,2013,6,152,27.32,28.88,25.89,16.76,10.24,86.7,2.34
2013-06-02,20130602,2013,6,153,28.07,31.23,25.92,22.27,2.81,82.12,2.5
2013-06-03,20130603,2013,6,154,28.57,30.9,26.99,23.55,1.59,84.1,3.04
2013-06-04,20130604,2013,6,155,29.24,32.18,27.3,22.12,1.82,80.58,3.05
2013-06-05,20130605,2013,6,156,29.06,32.69,27.3,20.63,9.37,80.69,2.12
2013-06-06,20130606,2013,6,157,29.03,31.75,27.62,20.46,6.06,79.15,1.85
2013-06-07,20130607,2013,6,158,29.35,32.33,27.41,21.53,1.7,78.54,3.46
2013-06-08,20130608,2013,6,159,28.77,31.23,27.26,19.13,1.81,81.4,4.19
2013-06-09,20130609,2013,6,160,28.84,31.71,27.2,21.48,2.75,82.12,3.75
2013-06-10,20130610,2013,6,161,28.47,30.74,27.26,19.97,2.3,82.44,3.86
2013-06-11,20130611,2013,6,162,28.06,30.05,26.82,10.76,11.14,86.24,3.37
2013-06-12,20130612,2013,6,163,27.76,29.97,26.29,19.02,7.5,87.46,3.05
2013-06-13,20130613,2013,6,164,27.82,29.72,26.73,20.4,1.15,85.84,3.65
2013-06-14,20130614,2013,6,165,28.34,31.78,26.49,18.09,4.58,83.26,3.91
2013-06-15,20130615,2013,6,166,27.98,30.67,26.67,20.39,3.77,86.55,2.84
2013-06-16,20130616,2013,6,167,28.53,31.78,26.56,20.34,1.9,83.12,3.88
2013-06-17,20130617,2013,6,168,28.43,30.88,26.82,22.01,0.11,81.64,4.79
2013-06-18,20130618,2013,6,169,28.96,32.31,26.54,23.99,0.88,78.67,4.59
2013-06-19,20130619,2013,6,170,27.95,30.19,26.55,15.0,4.39,85.29,3.57
2013-06-20,20130620,2013,6,171,27.79,30.29,26.17,17.48,1.68,83.58,3.06
2013-06-21,20130621,2013,6,172,27.67,29.36,26.58,22.1,1.54,85.87,3.74
2013-06-22,20130622,2013,6,173,27.85,29.71,26.65,21.41,0.33,82.0,5.2
2013-06-23,20130623,2013,6,174,28.14,30.92,26.24,20.6,0.12,79.26,4.72
2013-06-24,20130624,2013,6,175,28.07,30.54,26.45,15.86,0.17,82.26,3.97
2013-06-25,20130625,2013,6,176,27.71,29.76,26.44,15.2,0.74,84.89,3.35
2013-06-26,20130626,2013,6,177,28.04,31.08,26.36,21.79,0.55,83.22,4.13
2013-06-27,20130627,2013,6,178,28.02,31.07,26.35,17.09,2.6,84.3,4.05
2013-06-28,20130628,2013,6,179,27.89,31.58,26.29,16.12,4.0,81.22,2.27
2013-06-29,20130629,2013,6,180,27.26,29.11,25.82,17.77,3.13,85.64,2.4
2013-06-30,20130630,2013,6,181,27.6,29.89,26.24,19.93,1.53,84.13,3.51
2013-07-01,20130701,2013,7,182,28.14,31.12,26.4,17.27,4.1,83.27,2.56
2013-07-02,20130702,2013,7,183,28.6,31.58,27.06,23.83,1.89,81.43,3.58
2013-07-03,20130703,2013,7,184,29.04,32.95,26.75,23.82,0.04,75.77,4.7
2013-07-04,20130704,2013,7,185,29.05,32.68,26.82,23.68,0.95,75.68,4.82
2013-07-05,20130705,2013,7,186,28.85,32.14,26.8,20.79,3.19,76.49,4.71
2013-07-06,20130706,2013,7,187,28.39,31.6,26.59,24.6,1.05,77.38,4.56
2013-07-07,20130707,2013,7,188,28.31,31.46,26.41,22.09,2.28,80.78,4.35
2013-07-08,20130708,2013,7,189,28.36,31.49,26.74,18.56,6.34,83.32,3.64
2013-07-09,20130709,2013,7,190,28.35,30.86,26.61,23.2,1.99,83.2,4.33
2013-07-10,20130710,2013,7,191,28.29,31.9,26.52,22.03,1.14,81.25,3.85
2013-07-11,20130711,2013,7,192,28.0,30.55,26.33,16.43,0.74,81.9,2.33
2013-07-12,20130712,2013,7,193,28.3,30.87,26.42,23.75,0.43,81.83,3.37
2013-07-13,20130713,2013,7,194,28.2,31.07,26.33,22.64,0.46,81.44,3.88
2013-07-14,20130714,2013,7,195,28.26,31.22,26.22,23.77,0.09,79.58,4.46
2013-07-15,20130715,2013,7,196,28.56,31.25,26.77,21.39,0.25,80.84,4.17
2013-07-16,20130716,2013,7,197,28.7,30.89,27.41,19.6,0.45,82.13,3.5
2013-07-17,20130717,2013,7,198,28.76,31.61,26.7,19.84,0.1,80.44,4.35
2013-07-18,20130718,2013,7,199,28.44,31.76,26.79,21.2,0.27,80.84,4.12
2013-07-19,20130719,2013,7,200,28.04,30.19,26.61,18.69,1.1,84.48,3.42
2013-07-20,20130720,2013,7,201,28.15,30.68,26.54,17.05,0.72,80.83,4.95
2013-07-21,20130721,2013,7,202,28.31,31.63,26.13,21.01,0.16,77.85,4.92
2013-07-22,20130722,2013,7,203,28.05,30.51,26.3,19.41,0.6,81.66,4.2
2013-07-23,20130723,2013,7,204,28.32,31.04,26.44,22.07,0.41,81.58,4.26
2013-07-24,20130724,2013,7,205,28.13,29.97,26.59,24.05,0.44,82.99,4.41
2013-07-25,20130725,2013,7,206,28.8,32.39,26.83,23.57,0.58,79.8,4.08
2013-07-26,20130726,2013,7,207,28.28,31.8,26.5,20.92,3.76,83.03,3.71
2013-07-27,20130727,2013,7,208,27.95,30.33,26.62,16.91,1.87,83.75,3.56
2013-07-28,20130728,2013,7,209,28.38,31.7,26.59,23.47,1.05,81.12,3.3
2013-07-29,20130729,2013,7,210,28.84,32.51,26.64,22.87,0.95,79.1,3.7
2013-07-30,20130730,2013,7,211,28.48,31.04,27.13,20.87,2.14,81.46,3.14
2013-07-31,20130731,2013,7,212,28.6,31.32,27.01,19.36,1.24,80.51,3.97
2013-08-01,20130801,2013,8,213,28.27,30.5,27.01,15.66,2.72,81.51,3.83
2013-08-02,20130802,2013,8,214,28.07,30.16,26.99,20.58,2.77,84.29,3.04
2013-08-03,20130803,2013,8,215,28.46,30.82,26.7,21.84,1.51,82.7,4.49
2013-08-04,20130804,2013,8,216,28.59,31.54,26.75,22.33,1.43,82.03,4.63
2013-08-05,20130805,2013,8,217,28.3,30.46,26.5,21.89,0.57,83.15,4.36
2013-08-06,20130806,2013,8,218,28.42,31.68,26.54,22.76,0.06,79.6,4.74
2013-08-07,20130807,2013,8,219,28.64,32.15,26.85,18.45,0.92,77.93,4.47
2013-08-08,20130808,2013,8,220,27.9,30.29,26.76,16.52,7.03,82.77,4.07
2013-08-09,20130809,2013,8,221,27.41,29.05,26.56,14.65,13.12,86.27,3.02
2013-08-10,20130810,2013,8,222,28.2,30.78,26.54,19.96,9.01,81.89,3.46
2013-08-11,20130811,2013,8,223,28.01,31.05,26.53,16.48,28.38,82.32,3.27
2013-08-12,20130812,2013,8,224,27.12,29.0,25.64,13.98,5.32,82.05,2.09
2013-08-13,20130813,2013,8,225,27.72,30.7,25.56,17.91,3.54,78.21,1.79
2013-08-14,20130814,2013,8,226,29.29,33.15,26.83,25.2,1.15,78.61,4.16
2013-08-15,20130815,2013,8,227,29.31,32.89,26.99,23.78,1.55,79.92,3.66
2013-08-16,20130816,2013,8,228,28.18,30.8,26.77,14.41,1.44,82.17,4.07
2013-08-17,20130817,2013,8,229,28.21,31.38,26.79,20.11,2.14,82.14,3.63
2013-08-18,20130818,2013,8,230,28.35,31.52,26.91,17.5,2.54,81.76,3.67
2013-08-19,20130819,2013,8,231,28.38,31.38,26.76,20.53,1.65,81.35,3.7
2013-08-20,20130820,2013,8,232,28.54,31.9,26.72,18.77,1.99,81.87,3.63
2013-08-21,20130821,2013,8,233,28.73,32.2,26.87,19.89,1.54,80.38,2.22
2013-08-22,20130822,2013,8,234,28.37,31.13,26.61,21.84,1.94,81.61,2.75
2013-08-23,20130823,2013,8,235,29.04,31.83,27.56,23.85,2.32,79.36,3.5
2013-08-24,20130824,2013,8,236,28.16,30.17,27.2,16.01,9.46,83.27,4.08
2013-08-25,20130825,2013,8,237,28.23,31.12,26.71,20.9,1.65,78.42,3.87
2013-08-26,20130826,2013,8,238,28.27,30.88,26.81,14.36,10.2,83.49,2.83
2013-08-27,20130827,2013,8,239,28.34,31.04,27.01,14.87,9.13,82.72,2.4
2013-08-28,20130828,2013,8,240,28.26,30.84,26.78,22.27,6.14,83.17,2.14
2013-08-29,20130829,2013,8,241,28.78,32.15,27.05,20.99,3.97,80.78,3.88
2013-08-30,20130830,2013,8,242,28.15,31.42,26.39,16.09,5.07,81.96,2.2
2013-08-31,20130831,2013,8,243,28.17,30.88,26.43,20.91,4.7,79.48,1.44
2013-09-01,20130901,2013,9,244,27.84,30.11,26.09,15.56,16.76,84.42,2.35
2013-09-02,20130902,2013,9,245,28.04,30.22,26.75,19.39,8.26,82.58,2.95
2013-09-03,20130903,2013,9,246,27.8,29.7,26.69,19.32,16.12,84.21,2.88
2013-09-04,20130904,2013,9,247,27.61,29.41,26.65,17.36,9.74,83.81,3.24
2013-09-05,20130905,2013,9,248,27.93,30.61,26.3,18.54,12.6,83.51,2.04
2013-09-06,20130906,2013,9,249,27.07,29.46,25.7,15.97,34.35,81.01,1.4
2013-09-07,20130907,2013,9,250,26.57,27.96,25.61,17.84,14.1,83.49,2.07
2013-09-08,20130908,2013,9,251,27.69,30.34,25.84,19.49,3.64,77.87,1.46
2013-09-09,20130909,2013,9,252,27.69,29.18,26.56,18.19,9.66,86.58,2.46
2013-09-10,20130910,2013,9,253,28.7,30.77,27.52,16.37,16.67,84.54,3.4
2013-09-11,20130911,2013,9,254,28.39,30.25,27.04,17.1,20.77,81.16,1.88
2013-09-12,20130912,2013,9,255,27.19,28.37,26.51,15.74,11.96,85.72,1.21
2013-09-13,20130913,2013,9,256,27.72,29.31,26.68,18.59,3.25,82.82,1.53
2013-09-14,20130914,2013,9,257,28.39,30.81,26.89,18.66,3.22,81.81,3.0
2013-09-15,20130915,2013,9,258,28.8,30.89,27.5,20.86,3.59,84.82,3.21
2013-09-16,20130916,2013,9,259,28.74,31.49,27.05,17.14,10.99,86.74,2.78
2013-09-17,20130917,2013,9,260,28.64,31.03,27.58,18.93,6.03,86.21,2.97
2013-09-18,20130918,2013,9,261,28.3,30.02,27.28,15.75,14.06,84.88,2.24
2013-09-19,20130919,2013,9,262,27.28,28.14,26.4,11.79,12.61,86.51,2.03
2013-09-20,20130920,2013,9,263,27.98,31.17,26.06,22.15,3.2,78.01,1.6
2013-09-21,20130921,2013,9,264,28.47,30.72,27.0,21.53,3.1,84.83,2.63
2013-09-22,20130922,2013,9,265,28.88,31.4,27.5,20.62,3.84,85.22,2.29
2013-09-23,20130923,2013,9,266,29.06,31.26,27.75,19.7,4.0,84.8,2.14
2013-09-24,20130924,2013,9,267,29.17,30.91,27.82,17.43,4.04,85.07,2.65
2013-09-25,20130925,2013,9,268,28.95,30.69,27.86,19.24,3.1,84.25,2.35
2013-09-26,20130926,2013,9,269,28.37,29.85,27.35,6.83,6.83,85.59,2.32
2013-09-27,20130927,2013,9,270,27.71,29.52,26.78,18.58,6.73,85.84,1.8
2013-09-28,20130928,2013,9,271,27.61,29.78,26.22,6.23,9.41,84.98,2.04
2013-09-29,20130929,2013,9,272,27.46,29.85,25.73,21.89,8.32,81.09,1.63
2013-09-30,20130930,2013,9,273,27.39,29.39,25.9,17.66,8.78,84.76,1.9
2013-10-01,20131001,2013,10,274,27.82,29.22,26.93,18.71,4.67,86.53,3.55
2013-10-02,20131002,2013,10,275,28.44,31.94,26.31,22.73,2.54,81.79,3.73
2013-10-03,20131003,2013,10,276,28.61,31.7,27.02,23.42,6.25,82.92,3.8
2013-10-04,20131004,2013,10,277,27.5,28.62,26.43,6.08,6.95,86.73,2.59
2013-10-05,20131005,2013,10,278,27.95,30.24,26.18,20.0,2.75,84.52,2.43
2013-10-06,20131006,2013,10,279,28.27,30.23,27.18,22.48,3.3,84.52,2.45
2013-10-07,20131007,2013,10,280,28.23,29.88,27.24,16.88,4.51,85.57,2.93
2013-10-08,20131008,2013,10,281,28.22,30.24,26.96,19.47,1.31,84.21,3.49
2013-10-09,20131009,2013,10,282,28.26,29.96,27.09,19.56,1.86,86.35,3.46
2013-10-10,20131010,2013,10,283,28.02,29.33,27.14,15.33,3.87,86.95,3.53
2013-10-11,20131011,2013,10,284,27.49,28.86,26.72,11.48,2.96,84.52,2.75
2013-10-12,20131012,2013,10,285,28.19,30.79,26.77,18.26,4.04,84.35,3.07
2013-10-13,20131013,2013,10,286,27.8,29.25,27.04,11.12,12.66,86.96,3.1
2013-10-14,20131014,2013,10,287,27.62,29.37,26.31,15.22,15.83,84.85,1.77
2013-10-15,20131015,2013,10,288,27.48,29.81,25.89,16.27,7.5,83.35,1.59
2013-10-16,20131016,2013,10,289,26.87,28.5,25.72,7.92,11.48,86.76,1.62
2013-10-17,20131017,2013,10,290,27.39,29.86,25.86,20.32,8.64,83.59,1.85
2013-10-18,20131018,2013,10,291,28.23,31.11,26.23,21.94,3.92,80.77,2.78
2013-10-19,20131019,2013,10,292,28.02,29.95,26.98,17.85,3.66,84.06,2.71
2013-10-20,20131020,2013,10,293,27.97,29.7,27.08,21.32,5.14,85.45,3.29
2013-10-21,20131021,2013,10,294,27.97,29.9,27.05,12.44,12.46,87.01,3.84
2013-10-22,20131022,2013,10,295,27.94,29.7,26.73,11.95,9.16,84.51,2.1
2013-10-23,20131023,2013,10,296,27.93,30.03,26.67,15.83,3.87,84.21,1.9
2013-10-24,20131024,2013,10,297,28.26,30.42,27.01,19.54,1.63,84.3,2.97
2013-10-25,20131025,2013,10,298,28.52,30.48,27.38,19.99,4.76,84.58,3.46
2013-10-26,20131026,2013,10,299,27.95,29.46,27.08,16.61,7.92,85.5,2.68
2013-10-27,20131027,2013,10,300,28.45,30.85,27.16,16.06,9.07,84.17,2.47
2013-10-28,20131028,2013,10,301,28.63,31.13,27.32,19.11,12.53,82.76,3.39
2013-10-29,20131029,2013,10,302,28.45,31.28,26.64,22.44,0.41,78.89,4.93
2013-10-30,20131030,2013,10,303,28.31,30.73,26.9,21.2,2.88,83.87,4.24
2013-10-31,20131031,2013,10,304,28.04,30.25,26.71,18.81,6.62,81.31,4.37
2013-11-01,20131101,2013,11,305,27.45,29.88,26.12,17.34,3.91,80.19,2.95
2013-11-02,20131102,2013,11,306,27.26,29.31,25.84,18.64,10.27,78.59,2.04
2013-11-03,20131103,2013,11,307,27.17,29.79,25.59,18.29,6.65,81.42,2.08
2013-11-04,20131104,2013,11,308,27.07,28.93,25.7,17.59,3.15,81.41,1.74
2013-11-05,20131105,2013,11,309,27.53,30.09,25.92,17.52,0.96,79.08,1.51
2013-11-06,20131106,2013,11,310,27.16,28.75,25.94,19.96,3.59,85.31,2.25
2013-11-07,20131107,2013,11,311,26.51,27.56,25.54,13.42,4.46,87.64,1.71
2013-11-08,20131108,2013,11,312,26.98,29.71,25.34,18.55,2.08,81.8,1.38
2013-11-09,20131109,2013,11,313,27.26,29.0,25.71,18.08,3.57,86.71,3.49
2013-11-10,20131110,2013,11,314,27.68,28.76,26.82,19.2,1.67,86.26,4.78
2013-11-11,20131111,2013,11,315,28.47,31.27,26.79,20.97,0.34,80.33,5.1
2013-11-12,20131112,2013,11,316,28.64,31.72,26.95,21.13,0.16,81.68,4.91
2013-11-13,20131113,2013,11,317,28.04,30.02,26.38,18.52,0.64,85.17,3.56
2013-11-14,20131114,2013,11,318,27.74,29.12,26.86,18.51,0.28,87.72,3.8
2013-11-15,20131115,2013,11,319,28.19,30.96,26.48,18.69,0.02,82.67,4.58
2013-11-16,20131116,2013,11,320,28.15,30.59,26.87,21.3,0.04,83.72,5.21
2013-11-17,20131117,2013,11,321,28.05,30.9,26.66,21.53,0.01,81.18,5.09
2013-11-18,20131118,2013,11,322,27.5,30.07,26.01,20.94,0.0,79.41,4.65
2013-11-19,20131119,2013,11,323,27.87,31.16,26.04,19.84,0.06,81.0,2.95
2013-11-20,20131120,2013,11,324,27.94,31.35,25.96,19.14,0.03,78.54,3.13
2013-11-21,20131121,2013,11,325,27.95,31.0,26.38,20.1,0.08,79.95,4.24
2013-11-22,20131122,2013,11,326,27.78,30.21,26.56,18.96,0.44,80.65,4.42
2013-11-23,20131123,2013,11,327,27.96,30.56,26.54,20.2,0.31,80.94,4.45
2013-11-24,20131124,2013,11,328,27.69,30.12,26.22,16.69,0.94,81.85,3.84
2013-11-25,20131125,2013,11,329,27.61,29.73,26.37,15.72,0.22,81.93,3.93
2013-11-26,20131126,2013,11,330,27.93,30.8,26.31,19.89,0.45,82.57,4.31
2013-11-27,20131127,2013,11,331,27.91,30.84,26.35,18.58,1.2,81.97,4.47
2013-11-28,20131128,2013,11,332,27.59,29.91,26.43,19.59,0.23,77.11,5.84
2013-11-29,20131129,2013,11,333,27.62,30.11,25.94,19.7,0.02,76.33,5.56
2013-11-30,20131130,2013,11,334,27.46,30.08,25.92,19.88,0.04,77.03,5.25
2013-12-01,20131201,2013,12,335,27.37,30.09,25.78,19.26,0.05,77.91,4.69
2013-12-02,20131202,2013,12,336,27.46,30.77,25.74,19.92,0.0,78.58,3.99
2013-12-03,20131203,2013,12,337,26.98,28.84,25.93,12.85,0.04,85.06,3.54
2013-12-04,20131204,2013,12,338,27.37,29.18,26.24,17.3,0.05,84.34,4.06
2013-12-05,20131205,2013,12,339,27.91,30.32,26.63,18.33,0.03,81.63,5.28
2013-12-06,20131206,2013,12,340,27.94,30.58,26.23,18.62,0.04,79.51,5.25
2013-12-07,20131207,2013,12,341,27.73,30.4,26.14,19.97,0.08,77.81,5.77
2013-12-08,20131208,2013,12,342,27.55,30.4,25.92,19.39,0.08,74.99,5.38
2013-12-09,20131209,2013,12,343,27.63,31.16,25.18,19.05,0.58,77.58,3.88
2013-12-10,20131210,2013,12,344,27.23,29.56,25.95,17.04,0.92,85.15,3.42
2013-12-11,20131211,2013,12,345,27.57,30.11,25.85,19.15,0.23,81.77,5.39
2013-12-12,20131212,2013,12,346,27.58,30.52,25.51,20.26,0.01,78.54,5.42
2013-12-13,20131213,2013,12,347,27.59,29.96,26.09,19.11,0.01,78.99,5.82
2013-12-14,20131214,2013,12,348,27.76,30.89,25.74,17.1,0.01,80.07,4.96
2013-12-15,20131215,2013,12,349,27.96,31.19,25.96,18.4,0.01,79.83,4.69
2013-12-16,20131216,2013,12,350,27.62,30.45,25.78,19.32,0.05,80.32,5.28
2013-12-17,20131217,2013,12,351,27.22,29.71,25.54,17.64,0.09,79.81,5.45
2013-12-18,20131218,2013,12,352,27.3,30.32,25.48,16.62,1.62,77.36,5.02
2013-12-19,20131219,2013,12,353,27.06,29.48,25.33,20.51,0.28,77.58,5.77
2013-12-20,20131220,2013,12,354,27.32,30.8,24.92,20.94,0.02,73.74,5.85
2013-12-21,20131221,2013,12,355,27.26,31.34,24.55,21.61,0.02,71.5,5.85
2013-12-22,20131222,2013,12,356,27.19,30.68,24.68,21.61,0.0,73.8,5.76
2013-12-23,20131223,2013,12,357,26.99,30.9,24.3,21.29,0.0,76.05,5.22
2013-12-24,20131224,2013,12,358,26.98,30.31,24.97,20.25,0.0,75.47,4.65
2013-12-25,20131225,2013,12,359,26.54,29.69,24.71,19.97,0.0,76.42,4.1
2013-12-26,20131226,2013,12,360,27.21,31.28,24.82,19.11,0.0,76.35,4.0
2013-12-27,20131227,2013,12,361,27.58,31.09,25.08,20.46,0.0,80.01,4.4
2013-12-28,20131228,2013,12,362,27.87,31.0,25.41,20.18,0.0,78.15,5.41
2013-12-29,20131229,2013,12,363,28.34,32.52,25.95,21.08,0.0,72.01,5.65
2013-12-30,20131230,2013,12,364,27.81,31.21,25.63,21.14,0.0,76.02,5.98
2013-12-31,20131231,2013,12,365,28.0,31.57,25.68,19.36,0.0,75.23,5.96
2014-01-01,20140101,2014,1,1,27.65,31.14,25.75,20.93,0.0,74.75,6.11
2014-01-02,20140102,2014,1,2,27.32,30.79,24.91,20.17,0.0,77.0,4.68
2014-01-03,20140103,2014,1,3,27.32,31.01,24.65,20.12,0.0,78.75,4.76
2014-01-04,20140104,2014,1,4,27.59,30.95,25.4,19.46,0.0,76.23,5.67
2014-01-05,20140105,2014,1,5,27.49,30.96,25.16,19.69,0.0,76.52,5.06
2014-01-06,20140106,2014,1,6,26.99,30.0,25.13,17.98,0.0,81.12,4.6
2014-01-07,20140107,2014,1,7,26.49,28.32,25.32,13.67,0.01,82.22,5.21
2014-01-08,20140108,2014,1,8,27.55,31.15,25.66,18.83,0.0,75.84,5.7
2014-01-09,20140109,2014,1,9,27.65,31.52,25.14,21.46,0.0,71.49,5.93
2014-01-10,20140110,2014,1,10,27.17,31.48,24.28,22.13,0.0,71.12,6.02
2014-01-11,20140111,2014,1,11,27.0,31.47,23.94,22.66,0.0,72.72,5.43
2014-01-12,20140112,2014,1,12,26.68,30.32,24.05,22.39,0.0,74.92,5.9
2014-01-13,20140113,2014,1,13,26.84,30.7,23.92,22.04,0.0,73.1,5.67
2014-01-14,20140114,2014,1,14,27.15,31.55,24.23,21.63,0.0,76.11,4.68
2014-01-15,20140115,2014,1,15,26.95,30.77,24.51,21.07,0.0,78.23,4.61
2014-01-16,20140116,2014,1,16,27.0,31.47,24.35,20.78,0.0,76.55,4.76
2014-01-17,20140117,2014,1,17,26.95,30.53,24.68,21.24,0.0,74.45,5.56
2014-01-18,20140118,2014,1,18,27.21,30.86,24.76,20.95,0.0,78.28,5.05
2014-01-19,20140119,2014,1,19,27.21,30.31,25.51,18.61,0.0,80.52,5.14
2014-01-20,20140120,2014,1,20,27.44,30.57,25.64,18.06,0.0,77.73,5.39
2014-01-21,20140121,2014,1,21,27.42,30.99,25.08,19.95,0.0,73.45,5.18
2014-01-22,20140122,2014,1,22,27.0,30.4,25.19,20.92,0.0,74.07,5.6
2014-01-23,20140123,2014,1,23,26.86,30.1,25.1,21.1,0.0,73.9,6.14
2014-01-24,20140124,2014,1,24,27.16,30.33,24.99,20.76,0.0,75.77,6.05
2014-01-25,20140125,2014,1,25,26.95,29.87,25.3,21.11,0.0,73.14,6.15
2014-01-26,20140126,2014,1,26,27.05,30.42,25.04,21.75,0.0,72.15,5.12
2014-01-27,20140127,2014,1,27,27.26,31.14,24.48,21.01,0.0,74.49,5.09
2014-01-28,20140128,2014,1,28,27.45,30.93,25.29,20.09,0.0,74.13,5.63
2014-01-29,20140129,2014,1,29,27.57,31.2,24.83,21.82,0.0,70.06,5.55
2014-01-30,20140130,2014,1,30,27.38,30.23,25.24,20.88,0.0,69.15,5.94
2014-01-31,20140131,2014,1,31,27.18,30.65,24.54,22.57,0.0,68.14,5.91
2014-02-01,20140201,2014,2,32,26.76,30.1,24.63,21.81,0.0,70.94,6.01
2014-02-02,20140202,2014,2,33,27.01,31.22,24.09,21.65,0.0,72.74,4.96
2014-02-03,20140203,2014,2,34,26.95,30.83,24.42,20.94,0.0,77.44,5.23
2014-02-04,20140204,2014,2,35,27.08,30.84,24.77,21.17,0.0,73.46,5.75
2014-02-05,20140205,2014,2,36,27.06,30.46,24.86,20.8,0.0,72.02,5.71
2014-02-06,20140206,2014,2,37,26.83,30.1,25.17,20.25,0.0,72.97,5.61
2014-02-07,20140207,2014,2,38,27.11,31.04,24.96,21.31,0.0,74.54,5.69
2014-02-08,20140208,2014,2,39,27.47,31.3,25.01,21.94,0.0,74.83,5.98
2014-02-09,20140209,2014,2,40,27.4,31.57,24.96,21.91,0.0,75.38,5.65
2014-02-10,20140210,2014,2,41,27.15,30.66,24.94,21.1,0.0,77.0,5.58
2014-02-11,20140211,2014,2,42,27.45,31.04,25.11,21.74,0.0,75.84,5.4
2014-02-12,20140212,2014,2,43,27.43,31.18,25.03,21.02,0.0,75.83,5.21
2014-02-13,20140213,2014,2,44,27.53,31.66,25.57,19.88,0.0,75.98,4.08
2014-02-14,20140214,2014,2,45,26.99,30.34,25.21,19.2,0.0,80.63,5.03
2014-02-15,20140215,2014,2,46,27.28,31.21,25.27,20.02,0.0,75.65,5.9
2014-02-16,20140216,2014,2,47,27.0,30.41,25.0,22.65,0.0,74.89,6.54
2014-02-17,20140217,2014,2,48,27.12,30.38,25.26,23.92,0.0,70.62,6.79
2014-02-18,20140218,2014,2,49,26.83,30.2,24.95,24.07,0.0,70.34,7.01
2014-02-19,20140219,2014,2,50,26.96,30.74,24.53,22.79,0.0,71.02,6.01
2014-02-20,20140220,2014,2,51,27.29,30.98,25.22,22.27,0.0,72.23,5.83
2014-02-21,20140221,2014,2,52,27.2,30.99,24.62,22.95,0.0,72.2,5.61
2014-02-22,20140222,2014,2,53,27.02,30.51,24.42,23.47,0.0,72.88,5.79
2014-02-23,20140223,2014,2,54,27.12,30.95,24.97,23.11,0.0,72.56,6.27
2014-02-24,20140224,2014,2,55,26.87,30.51,24.67,21.87,0.0,73.19,5.78
2014-02-25,20140225,2014,2,56,26.87,30.65,24.8,21.0,0.0,74.98,6.01
2014-02-26,20140226,2014,2,57,27.16,31.29,24.98,21.57,0.0,75.22,5.38
2014-02-27,20140227,2014,2,58,26.8,30.38,24.68,20.38,0.0,78.32,5.14
2014-02-28,20140228,2014,2,59,27.01,30.8,24.96,16.35,0.06,77.65,4.81
2014-03-01,20140301,2014,3,60,26.65,29.63,24.99,17.82,0.01,74.8,5.99
2014-03-02,20140302,2014,3,61,26.29,29.07,24.75,22.61,0.0,73.69,5.66
2014-03-03,20140303,2014,3,62,27.1,31.2,24.59,24.08,0.0,72.95,5.11
2014-03-04,20140304,2014,3,63,27.18,31.48,24.19,22.14,0.0,73.06,5.02
2014-03-05,20140305,2014,3,64,27.28,31.32,24.6,21.46,0.0,73.58,5.03
2014-03-06,20140306,2014,3,65,27.29,31.48,24.87,19.21,0.0,76.04,4.18
2014-03-07,20140307,2014,3,66,27.2,30.76,25.09,16.72,0.02,77.83,4.09
2014-03-08,20140308,2014,3,67,26.94,30.21,25.19,14.73,0.26,77.22,4.94
2014-03-09,20140309,2014,3,68,26.37,28.83,24.93,20.25,0.02,73.67,5.34
2014-03-10,20140310,2014,3,69,26.78,29.77,24.86,22.22,0.0,70.63,5.38
2014-03-11,20140311,2014,3,70,27.21,31.05,25.05,18.44,0.0,69.64,5.08
2014-03-12,20140312,2014,3,71,27.39,31.82,24.74,22.32,0.0,73.21,4.85
2014-03-13,20140313,2014,3,72,27.12,30.85,25.27,21.8,0.0,75.45,5.27
2014-03-14,20140314,2014,3,73,26.66,29.45,24.95,20.05,0.0,76.44,5.79
2014-03-15,20140315,2014,3,74,27.5,31.09,25.47,22.95,0.0,71.61,5.93
2014-03-16,20140316,2014,3,75,27.38,30.69,24.82,24.52,0.0,71.03,5.75
2014-03-17,20140317,2014,3,76,27.99,32.75,25.26,24.5,0.0,73.34,4.21
2014-03-18,20140318,2014,3,77,28.2,32.25,25.78,23.18,0.0,75.8,5.38
2014-03-19,20140319,2014,3,78,27.75,31.49,25.45,22.59,0.0,77.56,5.69
2014-03-20,20140320,2014,3,79,28.12,31.87,26.09,23.62,0.0,73.66,6.48
2014-03-21,20140321,2014,3,80,27.59,30.77,25.94,20.89,0.0,75.59,6.29
2014-03-22,20140322,2014,3,81,27.93,31.75,25.89,21.46,0.28,76.03,5.61
2014-03-23,20140323,2014,3,82,27.67,31.38,25.95,21.62,0.02,77.57,5.28
2014-03-24,20140324,2014,3,83,27.49,30.84,25.73,20.6,0.0,77.16,5.65
2014-03-25,20140325,2014,3,84,27.71,31.37,25.48,18.49,0.0,74.5,4.43
2014-03-26,20140326,2014,3,85,27.62,31.13,25.72,19.32,0.0,72.95,5.66
2014-03-27,20140327,2014,3,86,27.85,31.19,26.06,22.62,0.0,69.55,7.15
2014-03-28,20140328,2014,3,87,28.05,31.71,25.78,25.3,0.0,69.84,6.45
2014-03-29,20140329,2014,3,88,27.81,31.79,25.31,25.59,0.0,71.8,5.72
2014-03-30,20140330,2014,3,89,27.45,31.15,25.16,24.64,0.0,74.86,5.44
2014-03-31,20140331,2014,3,90,27.37,30.96,25.34,22.09,0.0,75.69,5.94
2014-04-01,20140401,2014,4,91,27.52,31.17,25.65,24.76,0.0,73.56,5.82
2014-04-02,20140402,2014,4,92,27.55,30.89,25.32,23.43,0.0,77.38,5.53
2014-04-03,20140403,2014,4,93,27.54,30.69,25.82,19.9,0.0,77.42,5.63
2014-04-04,20140404,2014,4,94,27.77,30.99,25.68,21.21,0.0,76.11,5.26
2014-04-05,20140405,2014,4,95,27.82,31.53,25.18,24.57,0.0,75.57,5.4
2014-04-06,20140406,2014,4,96,28.4,32.53,25.96,23.43,0.0,75.79,5.49
2014-04-07,20140407,2014,4,97,28.67,32.82,25.95,23.01,0.02,75.87,4.37
2014-04-08,20140408,2014,4,98,28.42,32.71,25.9,20.13,0.06,77.52,3.69
2014-04-09,20140409,2014,4,99,28.06,31.66,26.08,19.19,0.13,78.85,4.29
2014-04-10,20140410,2014,4,100,28.43,32.69,26.18,22.19,0.0,72.92,5.88
2014-04-11,20140411,2014,4,101,28.55,32.81,26.09,25.67,0.0,68.2,6.77
2014-04-12,20140412,2014,4,102,28.34,32.12,25.91,24.43,0.0,67.8,5.87
2014-04-13,20140413,2014,4,103,28.0,32.12,25.73,22.91,0.0,71.84,5.03
2014-04-14,20140414,2014,4,104,27.5,30.86,25.37,21.68,0.0,75.11,4.93
2014-04-15,20140415,2014,4,105,27.67,31.77,25.47,19.2,0.0,74.73,4.86
2014-04-16,20140416,2014,4,106,27.24,30.51,25.26,19.98,0.0,77.16,5.14
2014-04-17,20140417,2014,4,107,27.66,30.91,25.72,23.2,0.01,75.43,5.81
2014-04-18,20140418,2014,4,108,28.09,31.15,25.63,23.7,0.0,73.85,5.5
2014-04-19,20140419,2014,4,109,28.62,32.73,26.32,19.41,0.0,74.13,5.31
2014-04-20,20140420,2014,4,110,28.05,30.9,26.56,18.62,0.0,78.02,4.96
2014-04-21,20140421,2014,4,111,28.07,31.61,26.42,19.32,0.0,78.98,4.66
2014-04-22,20140422,2014,4,112,27.2,29.47,26.01,18.56,0.22,82.93,3.8
2014-04-23,20140423,2014,4,113,27.21,29.52,25.95,17.18,1.06,85.79,4.41
2014-04-24,20140424,2014,4,114,27.91,30.72,26.13,16.65,0.66,82.41,3.96
2014-04-25,20140425,2014,4,115,28.18,30.97,26.29,20.5,0.99,80.64,4.32
2014-04-26,20140426,2014,4,116,28.37,31.9,26.06,17.74,0.96,79.95,3.97
2014-04-27,20140427,2014,4,117,28.58,31.82,26.16,16.55,0.46,76.56,3.54
2014-04-28,20140428,2014,4,118,28.84,32.74,26.38,23.37,0.22,76.08,4.3
2014-04-29,20140429,2014,4,119,28.33,30.68,26.91,21.73,0.14,78.37,3.04
2014-04-30,20140430,2014,4,120,28.41,31.57,26.33,14.67,0.04,78.87,4.34
2014-05-01,20140501,2014,5,121,28.52,31.59,26.46,20.73,0.12,75.77,4.62
2014-05-02,20140502,2014,5,122,28.88,32.12,26.46,20.9,3.16,75.14,3.74
2014-05-03,20140503,2014,5,123,28.75,32.5,26.64,19.93,0.7,77.84,3.54
2014-05-04,20140504,2014,5,124,28.88,32.73,26.66,18.6,1.94,74.53,4.26
2014-05-05,20140505,2014,5,125,28.54,32.24,26.65,24.72,0.54,75.25,4.69
2014-05-06,20140506,2014,5,126,28.61,32.47,26.47,22.67,0.34,74.85,4.62
2014-05-07,20140507,2014,5,127,28.76,32.38,26.56,19.35,1.07,75.91,4.79
2014-05-08,20140508,2014,5,128,28.3,31.32,26.3,21.5,0.3,76.48,5.08
2014-05-09,20140509,2014,5,129,28.25,31.69,26.27,19.84,1.55,74.74,4.97
2014-05-10,20140510,2014,5,130,28.22,31.72,26.08,23.03,5.32,74.11,4.65
2014-05-11,20140511,2014,5,131,28.11,31.84,25.77,23.64,1.29,74.31,4.15
2014-05-12,20140512,2014,5,132,28.43,32.16,26.05,24.16,0.27,74.5,3.96
2014-05-13,20140513,2014,5,133,29.35,33.37,26.83,25.6,0.38,73.38,4.8
2014-05-14,20140514,2014,5,134,29.22,33.17,26.75,22.39,0.72,76.08,4.36
2014-05-15,20140515,2014,5,135,28.55,30.99,26.99,13.58,2.27,80.42,4.31
2014-05-16,20140516,2014,5,136,28.51,31.62,26.58,20.46,0.54,77.45,4.37
2014-05-17,20140517,2014,5,137,29.0,32.71,26.64,21.94,0.19,73.13,4.73
2014-05-18,20140518,2014,5,138,28.81,32.02,26.62,22.88,0.36,73.93,4.69
2014-05-19,20140519,2014,5,139,28.6,31.58,26.8,21.38,1.55,77.94,4.1
2014-05-20,20140520,2014,5,140,28.73,32.09,26.59,20.04,2.11,76.94,3.68
2014-05-21,20140521,2014,5,141,28.41,31.62,26.57,16.13,7.87,78.17,4.36
2014-05-22,20140522,2014,5,142,28.74,32.2,26.58,23.96,0.71,75.76,4.82
2014-05-23,20140523,2014,5,143,28.45,31.02,26.77,23.35,0.41,77.2,4.32
2014-05-24,20140524,2014,5,144,28.36,30.88,26.72,19.82,0.46,78.02,4.37
2014-05-25,20140525,2014,5,145,28.8,32.24,26.52,24.73,0.11,75.69,4.85
2014-05-26,20140526,2014,5,146,28.93,32.11,26.36,24.49,0.02,74.43,5.25
2014-05-27,20140527,2014,5,147,29.33,32.41,26.78,23.59,0.37,73.84,4.26
2014-05-28,20140528,2014,5,148,28.92,32.11,26.6,22.54,0.26,75.42,3.76
2014-05-29,20140529,2014,5,149,28.61,31.85,26.66,11.22,0.35,78.14,2.96
2014-05-30,20140530,2014,5,150,28.14,30.55,26.44,16.35,1.57,80.17,3.85
2014-05-31,20140531,2014,5,151,28.65,32.48,26.16,20.66,1.2,78.12,4.18
2014-06-01,20140601,2014,6,152,29.09,33.32,26.7,21.24,0.87,76.72,4.06
2014-06-02,20140602,2014,6,153,28.29,30.78,26.83,16.17,6.74,83.76,3.52
2014-06-03,20140603,2014,6,154,28.81,32.33,26.68,19.97,0.39,78.56,4.55
2014-06-04,20140604,2014,6,155,29.23,33.31,26.73,23.54,0.23,75.58,3.86
2014-06-05,20140605,2014,6,156,29.57,34.02,26.8,24.06,0.01,75.01,4.09
2014-06-06,20140606,2014,6,157,29.38,33.28,26.87,23.47,0.01,75.7,4.68
2014-06-07,20140607,2014,6,158,29.05,32.53,26.93,20.36,0.12,76.37,4.43
2014-06-08,20140608,2014,6,159,28.46,31.4,26.86,15.74,1.32,80.7,4.07
2014-06-09,20140609,2014,6,160,28.34,31.39,26.47,21.82,1.42,81.09,4.14
2014-06-10,20140610,2014,6,161,28.45,30.9,26.72,23.19,1.31,81.31,4.03
2014-06-11,20140611,2014,6,162,28.19,30.57,26.69,18.23,0.34,82.55,3.6
2014-06-12,20140612,2014,6,163,28.78,31.88,26.74,24.46,0.21,78.7,4.35
2014-06-13,20140613,2014,6,164,28.33,31.22,26.61,22.11,1.5,81.77,4.03
2014-06-14,20140614,2014,6,165,28.2,31.69,26.3,15.37,1.56,82.35,4.08
2014-06-15,20140615,2014,6,166,28.28,30.35,26.69,20.2,0.34,81.33,3.83
2014-06-16,20140616,2014,6,167,28.57,31.42,26.81,18.01,0.35,79.09,3.04
2014-06-17,20140617,2014,6,168,27.95,30.46,26.12,21.87,0.55,82.34,3.32
2014-06-18,20140618,2014,6,169,28.32,30.99,26.81,20.82,0.26,79.9,3.97
2014-06-19,20140619,2014,6,170,28.38,31.24,26.66,20.42,0.1,78.83,4.54
2014-06-20,20140620,2014,6,171,28.74,32.07,26.55,20.22,1.38,78.19,3.3
2014-06-21,20140621,2014,6,172,28.53,31.57,26.75,20.04,1.6,81.95,3.11
2014-06-22,20140622,2014,6,173,28.65,31.43,26.84,22.42,0.43,81.18,3.52
2014-06-23,20140623,2014,6,174,28.6,31.19,26.79,17.25,0.42,79.15,4.16
2014-06-24,20140624,2014,6,175,28.65,31.9,26.94,17.28,0.14,78.52,5.08
2014-06-25,20140625,2014,6,176,28.16,30.3,26.45,16.58,0.41,79.29,4.31
2014-06-26,20140626,2014,6,177,28.04,30.68,26.33,21.03,0.17,81.34,3.64
2014-06-27,20140627,2014,6,178,28.52,31.95,26.41,19.34,0.01,76.53,4.21
2014-06-28,20140628,2014,6,179,28.19,30.36,26.59,20.89,0.1,79.04,4.18
2014-06-29,20140629,2014,6,180,28.7,32.02,26.88,23.4,0.32,78.03,4.73
2014-06-30,20140630,2014,6,181,28.9,32.63,26.43,20.11,1.62,77.86,4.49
2014-07-01,20140701,2014,7,182,27.97,30.6,26.6,13.7,7.15,83.86,2.71
2014-07-02,20140702,2014,7,183,28.38,31.01,26.59,21.84,2.73,83.08,2.99
2014-07-03,20140703,2014,7,184,28.9,32.92,26.59,24.33,0.03,74.62,5.04
2014-07-04,20140704,2014,7,185,29.0,32.56,26.25,23.65,0.24,74.68,4.9
2014-07-05,20140705,2014,7,186,28.25,30.43,26.78,18.7,0.07,77.18,4.56
2014-07-06,20140706,2014,7,187,28.16,30.71,26.56,21.86,0.23,77.18,4.67
2014-07-07,20140707,2014,7,188,28.17,30.77,26.41,21.79,1.23,82.36,4.3
2014-07-08,20140708,2014,7,189,28.85,32.03,26.55,20.43,0.16,74.95,5.58
2014-07-09,20140709,2014,7,190,28.87,32.33,26.28,24.23,0.07,72.57,5.46
2014-07-10,20140710,2014,7,191,28.46,30.82,26.88,23.37,0.01,74.55,4.78
2014-07-11,20140711,2014,7,192,28.29,30.35,26.69,18.79,0.07,78.05,4.75
2014-07-12,20140712,2014,7,193,28.89,32.22,26.9,19.93,0.04,73.84,4.04
2014-07-13,20140713,2014,7,194,29.21,33.14,26.68,24.01,0.02,73.36,4.46
2014-07-14,20140714,2014,7,195,28.64,31.21,26.61,23.66,0.04,77.05,4.11
2014-07-15,20140715,2014,7,196,28.96,32.29,26.86,20.36,0.11,76.66,4.08
2014-07-16,20140716,2014,7,197,28.83,31.54,26.92,21.84,0.14,79.84,2.91
2014-07-17,20140717,2014,7,198,29.16,32.5,26.92,24.31,0.15,77.24,4.18
2014-07-18,20140718,2014,7,199,28.99,32.14,27.16,21.59,0.09,77.3,3.92
2014-07-19,20140719,2014,7,200,29.26,32.68,27.29,23.62,0.03,76.27,4.73
2014-07-20,20140720,2014,7,201,29.45,32.59,27.59,23.71,0.13,76.39,4.37
2014-07-21,20140721,2014,7,202,29.16,31.85,27.29,18.51,1.46,78.05,3.84
2014-07-22,20140722,2014,7,203,29.65,33.19,27.06,23.35,0.09,70.7,5.33
2014-07-23,20140723,2014,7,204,29.47,32.86,26.83,25.23,0.0,70.71,5.58
2014-07-24,20140724,2014,7,205,29.48,33.1,27.33,23.59,0.08,74.26,4.7
2014-07-25,20140725,2014,7,206,29.51,33.11,27.23,24.48,0.07,73.62,4.52
2014-07-26,20140726,2014,7,207,29.42,33.2,26.81,21.03,0.46,72.58,4.64
2014-07-27,20140727,2014,7,208,28.54,31.06,26.9,16.07,1.01,78.97,2.59
2014-07-28,20140728,2014,7,209,29.63,34.04,26.53,23.82,0.05,74.31,4.76
2014-07-29,20140729,2014,7,210,29.51,33.03,27.23,20.49,0.18,74.05,4.52
2014-07-30,20140730,2014,7,211,28.96,31.54,27.32,23.83,0.27,77.24,4.23
2014-07-31,20140731,2014,7,212,28.74,31.71,27.22,20.85,0.08,79.33,3.3
2014-08-01,20140801,2014,8,213,28.95,32.16,27.06,23.28,0.03,78.22,4.44
2014-08-02,20140802,2014,8,214,29.09,32.27,27.1,16.41,0.66,77.61,3.48
2014-08-03,20140803,2014,8,215,28.01,31.22,26.15,16.86,0.86,79.45,2.08
2014-08-04,20140804,2014,8,216,28.86,33.18,25.52,22.67,1.62,73.96,4.25
2014-08-05,20140805,2014,8,217,29.19,32.78,26.52,23.94,0.24,72.7,4.81
2014-08-06,20140806,2014,8,218,29.22,32.98,26.87,22.25,2.14,75.4,4.41
2014-08-07,20140807,2014,8,219,28.16,30.8,27.05,18.85,6.12,81.56,2.66
2014-08-08,20140808,2014,8,220,27.99,30.56,26.59,20.92,4.45,82.84,3.25
2014-08-09,20140809,2014,8,221,29.0,32.37,26.64,22.1,0.39,78.68,3.98
2014-08-10,20140810,2014,8,222,28.72,31.9,27.0,17.23,2.31,80.12,3.75
2014-08-11,20140811,2014,8,223,29.09,32.65,26.89,23.16,0.32,74.31,4.72
2014-08-12,20140812,2014,8,224,28.73,31.23,27.06,21.78,0.38,78.54,3.53
2014-08-13,20140813,2014,8,225,28.93,31.67,27.18,22.46,1.81,79.6,3.33
2014-08-14,20140814,2014,8,226,28.59,30.93,27.2,17.99,0.72,80.87,4.62
2014-08-15,20140815,2014,8,227,29.6,34.09,26.82,24.39,0.1,74.95,4.6
2014-08-16,20140816,2014,8,228,29.24,32.32,27.32,24.25,0.42,77.17,4.76
2014-08-17,20140817,2014,8,229,28.69,31.49,26.94,21.92,1.28,80.88,3.52
2014-08-18,20140818,2014,8,230,28.41,31.0,26.72,17.97,1.04,81.29,3.18
2014-08-19,20140819,2014,8,231,27.33,29.11,26.46,17.58,3.71,84.54,2.65
2014-08-20,20140820,2014,8,232,28.23,30.98,26.54,22.81,1.43,81.3,3.96
2014-08-21,20140821,2014,8,233,28.05,29.78,26.82,16.61,0.68,79.94,4.61
2014-08-22,20140822,2014,8,234,28.51,31.81,26.37,20.43,2.97,77.68,3.87
2014-08-23,20140823,2014,8,235,28.12,31.29,26.07,18.95,12.16,78.9,2.06
2014-08-24,20140824,2014,8,236,28.06,31.0,26.31,20.49,9.45,78.12,1.43
2014-08-25,20140825,2014,8,237,27.98,30.55,26.52,16.77,8.22,81.79,2.31
2014-08-26,20140826,2014,8,238,28.21,30.56,26.15,19.48,20.18,82.76,3.27
2014-08-27,20140827,2014,8,239,27.84,29.93,26.38,20.2,11.51,84.09,2.06
2014-08-28,20140828,2014,8,240,27.98,29.98,26.35,19.32,8.25,80.88,2.07
2014-08-29,20140829,2014,8,241,27.55,30.0,25.91,23.48,2.27,80.95,2.17
2014-08-30,20140830,2014,8,242,29.47,33.44,27.19,25.38,0.6,77.58,3.72
2014-08-31,20140831,2014,8,243,29.72,33.69,27.17,25.44,0.2,75.51,4.71
2014-09-01,20140901,2014,9,244,29.63,33.42,27.15,24.31,0.35,77.38,4.36
2014-09-02,20140902,2014,9,245,28.91,31.4,27.5,15.71,2.33,81.72,4.48
2014-09-03,20140903,2014,9,246,28.12,30.07,26.99,15.64,12.34,85.92,3.07
2014-09-04,20140904,2014,9,247,28.64,30.94,27.32,23.14,7.33,83.1,3.54
2014-09-05,20140905,2014,9,248,28.72,31.56,27.03,24.53,2.44,83.05,2.96
2014-09-06,20140906,2014,9,249,28.79,31.48,27.25,20.63,2.41,82.26,3.33
2014-09-07,20140907,2014,9,250,28.56,31.45,27.07,20.27,3.56,83.29,2.42
2014-09-08,20140908,2014,9,251,28.66,31.92,26.19,19.71,2.04,80.41,2.4
2014-09-09,20140909,2014,9,252,29.15,32.76,27.16,23.05,3.92,80.7,3.2
2014-09-10,20140910,2014,9,253,28.88,31.64,27.26,18.14,1.1,80.59,4.36
2014-09-11,20140911,2014,9,254,28.36,30.4,27.16,15.9,1.32,81.8,3.64
2014-09-12,20140912,2014,9,255,28.2,30.09,27.21,12.87,3.24,83.93,2.55
2014-09-13,20140913,2014,9,256,28.14,30.34,27.05,15.91,6.9,83.66,3.8
2014-09-14,20140914,2014,9,257,28.49,30.96,26.96,15.08,6.74,81.75,3.85
2014-09-15,20140915,2014,9,258,27.83,29.26,26.94,16.73,5.72,84.76,2.97
2014-09-16,20140916,2014,9,259,28.0,30.27,26.89,19.02,15.33,85.55,3.54
2014-09-17,20140917,2014,9,260,28.29,31.23,26.97,20.03,25.86,83.16,4.01
2014-09-18,20140918,2014,9,261,28.11,30.09,27.01,17.21,20.02,82.9,3.78
2014-09-19,20140919,2014,9,262,28.32,31.45,26.8,21.62,4.13,82.24,3.5
2014-09-20,20140920,2014,9,263,27.9,29.39,27.09,17.86,15.21,86.26,2.63
2014-09-21,20140921,2014,9,264,27.64,29.66,26.43,18.19,14.37,84.35,1.84
2014-09-22,20140922,2014,9,265,27.97,31.08,26.52,15.49,20.95,82.86,1.99
2014-09-23,20140923,2014,9,266,28.06,30.31,26.75,17.8,8.79,81.25,1.9
2014-09-24,20140924,2014,9,267,27.83,29.66,26.46,21.29,3.12,84.14,2.11
2014-09-25,20140925,2014,9,268,28.71,31.21,27.2,23.9,5.19,82.65,2.92
2014-09-26,20140926,2014,9,269,28.17,30.19,26.7,19.87,4.78,84.79,2.26
2014-09-27,20140927,2014,9,270,28.54,32.09,26.38,23.16,2.03,78.72,2.3
2014-09-28,20140928,2014,9,271,28.84,31.38,27.42,18.07,0.24,81.41,1.89
2014-09-29,20140929,2014,9,272,28.78,31.23,27.26,22.18,0.19,83.31,2.55
2014-09-30,20140930,2014,9,273,28.61,31.06,26.76,23.76,0.07,83.85,2.17
2014-10-01,20141001,2014,10,274,29.29,32.21,27.73,23.55,0.16,81.89,3.35
2014-10-02,20141002,2014,10,275,28.75,30.62,27.66,21.56,0.3,83.38,4.04
2014-10-03,20141003,2014,10,276,28.64,30.85,27.46,18.24,0.79,83.83,3.52
2014-10-04,20141004,2014,10,277,27.93,29.2,27.28,17.4,0.52,85.87,4.14
2014-10-05,20141005,2014,10,278,27.72,29.23,26.8,19.16,1.87,86.7,3.42
2014-10-06,20141006,2014,10,279,27.58,28.96,26.72,14.21,1.41,87.7,3.78
2014-10-07,20141007,2014,10,280,27.36,28.64,26.72,16.36,8.73,89.09,3.52
2014-10-08,20141008,2014,10,281,27.41,29.65,26.53,16.64,18.06,88.89,3.53
2014-10-09,20141009,2014,10,282,26.89,28.24,25.9,11.44,7.67,88.83,2.84
2014-10-10,20141010,2014,10,283,26.82,28.46,25.78,20.45,5.07,85.85,2.04
2014-10-11,20141011,2014,10,284,27.08,28.41,25.97,15.52,6.34,86.23,2.27
2014-10-12,20141012,2014,10,285,27.68,29.55,26.37,9.72,7.24,86.81,2.77
2014-10-13,20141013,2014,10,286,27.84,29.6,26.78,17.31,9.36,86.98,2.52
2014-10-14,20141014,2014,10,287,27.79,30.18,26.53,11.97,4.23,85.26,1.6
2014-10-15,20141015,2014,10,288,27.99,30.17,26.7,18.57,3.03,82.48,1.52
2014-10-16,20141016,2014,10,289,27.77,29.87,26.85,18.39,2.88,86.6,3.13
2014-10-17,20141017,2014,10,290,28.3,30.09,27.12,16.7,6.03,85.12,2.81
2014-10-18,20141018,2014,10,291,28.19,30.64,26.69,16.15,5.13,80.39,1.96
2014-10-19,20141019,2014,10,292,26.83,28.7,25.33,16.48,5.49,85.34,2.4
2014-10-20,20141020,2014,10,293,26.73,28.84,25.28,17.81,4.03,85.52,2.95
2014-10-21,20141021,2014,10,294,27.54,29.25,26.26,20.43,1.56,81.45,2.09
2014-10-22,20141022,2014,10,295,28.28,30.72,26.68,21.42,5.79,84.17,2.67
2014-10-23,20141023,2014,10,296,28.73,30.75,27.41,18.87,21.57,83.07,2.03
2014-10-24,20141024,2014,10,297,28.89,31.74,27.32,19.4,14.65,83.27,2.46
2014-10-25,20141025,2014,10,298,28.21,30.39,27.04,17.78,19.48,84.49,2.89
2014-10-26,20141026,2014,10,299,27.92,30.2,26.42,20.18,41.33,83.31,2.0
2014-10-27,20141027,2014,10,300,26.45,27.86,25.62,20.34,15.6,87.42,1.81
2014-10-28,20141028,2014,10,301,27.59,30.63,25.03,20.32,1.43,80.75,2.61
2014-10-29,20141029,2014,10,302,28.55,31.14,27.19,22.32,1.88,81.33,4.22
2014-10-30,20141030,2014,10,303,27.88,29.25,26.8,17.98,5.75,85.8,2.98
2014-10-31,20141031,2014,10,304,27.53,29.89,26.24,11.75,11.22,88.2,2.45
2014-11-01,20141101,2014,11,305,27.05,28.06,26.13,18.4,7.57,89.0,3.47
2014-11-02,20141102,2014,11,306,28.15,29.5,27.23,17.57,2.59,87.11,4.23
2014-11-03,20141103,2014,11,307,28.63,31.19,27.11,21.63,0.51,80.11,5.42
2014-11-04,20141104,2014,11,308,28.47,31.07,26.92,22.64,0.75,78.84,5.15
2014-11-05,20141105,2014,11,309,28.14,30.89,26.63,18.25,7.88,80.99,3.64
2014-11-06,20141106,2014,11,310,27.9,30.06,26.63,19.72,4.55,83.72,3.36
2014-11-07,20141107,2014,11,311,27.73,30.13,26.68,18.59,6.5,85.86,2.82
2014-11-08,20141108,2014,11,312,27.81,30.22,26.31,21.36,4.39,84.37,2.93
2014-11-09,20141109,2014,11,313,27.59,29.2,26.64,15.96,7.01,87.27,2.57
2014-11-10,20141110,2014,11,314,27.12,28.28,26.4,12.15,11.59,89.6,2.95
2014-11-11,20141111,2014,11,315,26.92,27.88,26.41,15.45,11.44,90.12,3.02
2014-11-12,20141112,2014,11,316,27.82,30.07,26.52,15.42,3.64,84.09,3.19
2014-11-13,20141113,2014,11,317,27.72,29.95,26.67,15.31,6.88,82.9,3.74
2014-11-14,20141114,2014,11,318,27.88,30.97,26.26,18.89,4.01,80.07,3.41
2014-11-15,20141115,2014,11,319,27.79,29.8,26.42,20.35,4.22,83.03,4.07
2014-11-16,20141116,2014,11,320,27.79,29.65,26.76,17.32,3.47,84.3,3.81
2014-11-17,20141117,2014,11,321,27.96,29.76,26.73,19.06,0.52,85.67,3.31
2014-11-18,20141118,2014,11,322,28.38,31.06,27.06,18.94,0.88,82.89,4.06
2014-11-19,20141119,2014,11,323,28.19,30.95,26.81,19.07,1.07,81.78,5.4
2014-11-20,20141120,2014,11,324,28.12,31.02,26.54,17.29,0.61,80.43,4.75
2014-11-21,20141121,2014,11,325,28.17,30.99,26.6,19.01,0.24,79.51,4.68
2014-11-22,20141122,2014,11,326,28.05,30.65,26.52,19.91,0.47,81.09,4.66
2014-11-23,20141123,2014,11,327,28.41,31.3,26.89,20.13,0.13,81.74,4.07
2014-11-24,20141124,2014,11,328,28.56,31.57,26.94,20.73,0.11,83.01,4.49
2014-11-25,20141125,2014,11,329,28.3,30.81,26.95,18.55,0.15,81.71,5.18
2014-11-26,20141126,2014,11,330,28.16,31.07,26.55,16.09,0.04,80.2,4.38
2014-11-27,20141127,2014,11,331,27.86,30.48,26.27,18.78,0.0,79.8,4.54
2014-11-28,20141128,2014,11,332,27.69,30.26,26.33,21.11,0.0,80.3,5.31
2014-11-29,20141129,2014,11,333,27.75,30.08,26.46,20.61,0.0,81.8,5.42
2014-11-30,20141130,2014,11,334,28.14,30.8,26.76,20.29,0.01,82.02,5.51
2014-12-01,20141201,2014,12,335,27.97,30.72,26.25,20.51,0.08,82.33,5.18
2014-12-02,20141202,2014,12,336,27.22,28.59,26.3,18.52,0.27,84.98,4.85
2014-12-03,20141203,2014,12,337,26.92,28.07,26.15,16.25,0.54,89.72,3.91
2014-12-04,20141204,2014,12,338,26.92,28.19,26.32,9.9,0.86,89.7,4.48
2014-12-05,20141205,2014,12,339,26.93,28.31,26.21,14.45,0.8,89.68,3.81
2014-12-06,20141206,2014,12,340,26.99,29.28,26.1,13.42,1.21,86.05,4.41
2014-12-07,20141207,2014,12,341,27.2,29.84,25.89,16.15,2.34,82.26,4.61
2014-12-08,20141208,2014,12,342,27.05,29.13,25.81,19.11,3.42,82.97,4.94
2014-12-09,20141209,2014,12,343,27.18,29.4,25.83,18.58,6.03,83.92,5.31
2014-12-10,20141210,2014,12,344,26.89,28.56,26.01,13.58,19.05,87.52,4.31
2014-12-11,20141211,2014,12,345,27.02,29.33,25.92,14.59,13.51,86.26,4.65
2014-12-12,20141212,2014,12,346,27.08,29.0,26.01,18.58,2.62,84.59,4.04
2014-12-13,20141213,2014,12,347,26.97,28.95,25.92,15.08,8.41,84.8,3.85
2014-12-14,20141214,2014,12,348,26.34,27.9,25.36,10.49,9.34,86.68,1.54
2014-12-15,20141215,2014,12,349,26.8,29.53,25.03,18.48,1.36,83.46,1.96
2014-12-16,20141216,2014,12,350,27.13,29.95,25.45,18.55,0.7,82.08,3.44
2014-12-17,20141217,2014,12,351,27.75,31.09,25.96,19.74,0.05,79.95,4.69
2014-12-18,20141218,2014,12,352,27.86,30.92,26.09,18.88,0.09,79.89,5.02
2014-12-19,20141219,2014,12,353,27.51,30.15,25.89,19.98,0.14,78.52,5.55
2014-12-20,20141220,2014,12,354,27.52,30.6,25.61,19.62,0.01,77.64,4.71
2014-12-21,20141221,2014,12,355,27.74,30.87,25.8,19.4,0.01,78.07,5.04
2014-12-22,20141222,2014,12,356,27.85,31.11,25.58,19.89,0.0,78.28,4.81
2014-12-23,20141223,2014,12,357,28.1,31.72,25.6,21.05,0.0,79.2,4.85
2014-12-24,20141224,2014,12,358,28.16,31.71,26.16,21.13,0.0,81.24,4.53
2014-12-25,20141225,2014,12,359,27.38,29.76,25.93,20.74,0.0,79.18,6.24
2014-12-26,20141226,2014,12,360,27.66,31.06,25.91,21.54,0.0,77.15,5.7
2014-12-27,20141227,2014,12,361,27.64,31.01,25.57,21.23,0.0,78.57,5.82
2014-12-28,20141228,2014,12,362,27.56,30.74,25.74,21.17,0.0,78.91,5.7
2014-12-29,20141229,2014,12,363,27.35,30.16,25.55,20.67,0.0,80.58,5.42
2014-12-30,20141230,2014,12,364,27.81,31.11,25.69,20.62,0.0,79.08,5.63
2014-12-31,20141231,2014,12,365,27.53,30.98,25.64,20.68,0.0,76.28,6.12
2015-01-01,20150101,2015,1,1,27.3,30.76,24.71,21.67,0.0,74.47,5.94
2015-01-02,20150102,2015,1,2,27.51,31.12,25.3,21.25,0.0,75.71,6.13
2015-01-03,20150103,2015,1,3,27.5,31.18,25.25,21.69,0.0,72.84,6.99
2015-01-04,20150104,2015,1,4,27.18,31.08,24.73,21.77,0.0,72.5,6.34
2015-01-05,20150105,2015,1,5,26.84,30.29,24.91,22.06,0.0,75.94,6.71
2015-01-06,20150106,2015,1,6,26.53,29.85,24.73,22.31,0.0,75.01,6.7
2015-01-07,20150107,2015,1,7,26.15,29.48,24.14,22.11,0.0,76.95,6.17
2015-01-08,20150108,2015,1,8,25.99,29.13,23.91,21.61,0.0,76.91,6.17
2015-01-09,20150109,2015,1,9,26.13,29.45,23.85,21.4,0.0,77.9,5.7
2015-01-10,20150110,2015,1,10,26.39,29.82,24.24,21.34,0.0,79.47,5.74
2015-01-11,20150111,2015,1,11,26.66,30.56,24.43,20.77,0.0,80.33,5.38
2015-01-12,20150112,2015,1,12,26.74,30.78,24.44,20.77,0.0,80.24,5.15
2015-01-13,20150113,2015,1,13,26.96,30.98,24.3,20.81,0.0,79.81,5.01
2015-01-14,20150114,2015,1,14,26.65,30.25,24.49,18.93,0.0,82.57,4.54
2015-01-15,20150115,2015,1,15,26.49,29.44,24.61,19.07,0.0,83.89,4.77
2015-01-16,20150116,2015,1,16,26.7,29.89,24.93,18.38,0.0,82.23,5.01
2015-01-17,20150117,2015,1,17,26.55,29.01,25.29,17.69,0.0,81.93,5.38
2015-01-18,20150118,2015,1,18,26.6,28.98,25.07,20.22,0.0,81.01,5.09
2015-01-19,20150119,2015,1,19,26.78,29.8,25.21,18.24,0.0,78.05,5.59
2015-01-20,20150120,2015,1,20,26.89,30.26,24.87,16.66,0.0,76.11,5.05
2015-01-21,20150121,2015,1,21,26.86,30.13,24.97,15.52,0.02,76.76,5.22
2015-01-22,20150122,2015,1,22,26.81,29.79,25.23,19.9,0.06,77.9,5.35
2015-01-23,20150123,2015,1,23,26.84,30.12,25.04,20.26,0.05,76.81,5.04
2015-01-24,20150124,2015,1,24,27.07,30.74,24.67,21.05,0.01,77.51,4.46
2015-01-25,20150125,2015,1,25,26.93,30.23,24.78,21.36,0.01,77.31,5.12
2015-01-26,20150126,2015,1,26,27.09,31.02,24.46,20.88,0.0,76.5,4.94
2015-01-27,20150127,2015,1,27,26.83,29.77,25.06,19.91,0.0,77.46,5.46
2015-01-28,20150128,2015,1,28,26.87,29.36,25.34,18.69,0.0,76.15,5.84
2015-01-29,20150129,2015,1,29,27.06,30.08,25.43,21.55,0.0,71.02,6.05
2015-01-30,20150130,2015,1,30,27.35,30.71,25.27,21.45,0.0,74.63,6.03
2015-01-31,20150131,2015,1,31,27.09,30.04,25.42,19.08,0.13,76.58,5.7
2015-02-01,20150201,2015,2,32,27.39,30.39,25.56,20.83,0.04,77.41,6.21
2015-02-02,20150202,2015,2,33,27.71,31.57,25.19,21.37,0.04,76.34,5.16
2015-02-03,20150203,2015,2,34,27.68,31.03,25.52,22.31,0.02,73.84,5.93
2015-02-04,20150204,2015,2,35,27.93,31.48,25.59,22.63,0.02,73.51,6.0
2015-02-05,20150205,2015,2,36,27.94,32.23,25.25,22.29,0.18,76.71,4.4
2015-02-06,20150206,2015,2,37,27.13,30.15,25.47,19.23,0.56,78.45,5.57
2015-02-07,20150207,2015,2,38,27.01,30.2,25.19,17.47,0.12,73.94,5.37
2015-02-08,20150208,2015,2,39,27.23,30.25,25.39,17.54,0.32,75.24,4.56
2015-02-09,20150209,2015,2,40,26.82,30.07,25.08,17.94,6.79,80.09,3.25
2015-02-10,20150210,2015,2,41,26.49,29.85,24.58,18.02,2.42,78.54,2.53
2015-02-11,20150211,2015,2,42,26.49,29.38,24.58,17.32,2.83,77.81,3.34
2015-02-12,20150212,2015,2,43,27.03,29.86,25.37,20.58,0.11,76.26,4.98
2015-02-13,20150213,2015,2,44,27.28,29.91,25.89,19.24,1.89,79.86,5.6
2015-02-14,20150214,2015,2,45,27.3,29.47,25.92,19.73,10.03,83.06,5.83
2015-02-15,20150215,2015,2,46,27.64,30.38,26.29,21.03,0.02,76.69,6.65
2015-02-16,20150216,2015,2,47,27.88,31.47,25.55,23.74,0.0,71.28,6.38
2015-02-17,20150217,2015,2,48,27.9,31.89,24.88,24.19,0.0,74.61,5.13
2015-02-18,20150218,2015,2,49,28.11,32.33,25.46,22.49,0.0,76.27,4.28
2015-02-19,20150219,2015,2,50,27.34,30.33,25.86,18.82,0.05,76.41,5.78
2015-02-20,20150220,2015,2,51,26.98,29.59,25.52,19.67,0.02,73.4,5.53
2015-02-21,20150221,2015,2,52,27.69,30.92,25.61,23.61,0.06,73.23,6.02
2015-02-22,20150222,2015,2,53,28.11,31.97,25.69,23.38,0.01,70.99,6.41
2015-02-23,20150223,2015,2,54,27.64,30.88,25.57,24.37,0.0,71.18,6.52
2015-02-24,20150224,2015,2,55,27.63,30.8,25.64,23.04,0.0,71.91,6.1
2015-02-25,20150225,2015,2,56,28.08,31.66,25.48,23.78,0.03,71.06,5.22
2015-02-26,20150226,2015,2,57,28.27,32.22,25.39,22.99,0.06,72.14,4.85
2015-02-27,20150227,2015,2,58,28.17,31.71,25.89,23.49,0.03,73.39,5.91
2015-02-28,20150228,2015,2,59,28.37,31.78,26.11,22.21,0.23,73.7,6.69
2015-03-01,20150301,2015,3,60,28.05,31.68,25.9,23.82,0.01,67.71,7.32
2015-03-02,20150302,2015,3,61,27.3,30.32,25.57,22.71,0.0,71.08,7.13
2015-03-03,20150303,2015,3,62,27.48,30.56,25.45,24.78,0.0,68.5,7.03
2015-03-04,20150304,2015,3,63,27.79,31.55,25.41,25.66,0.0,69.65,6.66
2015-03-05,20150305,2015,3,64,27.86,31.62,25.41,25.21,0.0,70.51,6.72
2015-03-06,20150306,2015,3,65,27.55,30.86,25.49,24.6,0.0,69.65,7.08
2015-03-07,20150307,2015,3,66,27.01,30.27,24.82,23.59,0.0,70.05,6.71
2015-03-08,20150308,2015,3,67,27.14,30.73,24.85,24.06,0.0,68.28,7.08
2015-03-09,20150309,2015,3,68,27.03,30.86,24.36,24.28,0.0,67.81,6.75
2015-03-10,20150310,2015,3,69,27.41,32.01,24.31,24.77,0.0,70.73,5.89
2015-03-11,20150311,2015,3,70,27.44,31.44,24.57,24.35,0.0,71.09,6.23
2015-03-12,20150312,2015,3,71,27.24,31.18,24.74,24.21,0.0,70.36,6.4
2015-03-13,20150313,2015,3,72,26.97,30.15,24.86,23.67,0.0,71.56,6.74
2015-03-14,20150314,2015,3,73,27.2,30.69,24.97,23.96,0.0,70.11,6.12
2015-03-15,20150315,2015,3,74,27.05,31.32,24.65,23.9,0.0,72.15,5.89
2015-03-16,20150316,2015,3,75,26.43,29.28,24.81,21.31,0.0,75.8,6.25
2015-03-17,20150317,2015,3,76,26.3,29.33,24.66,20.38,0.01,77.87,6.13
2015-03-18,20150318,2015,3,77,26.43,29.6,24.59,22.49,0.0,75.55,5.61
2015-03-19,20150319,2015,3,78,26.68,30.01,24.73,18.46,0.0,74.53,5.18
2015-03-20,20150320,2015,3,79,26.47,29.49,24.76,15.94,0.0,77.35,5.58
2015-03-21,20150321,2015,3,80,26.68,29.86,24.81,19.86,0.03,73.33,5.26
2015-03-22,20150322,2015,3,81,26.45,29.46,24.45,23.85,0.01,73.02,5.29
2015-03-23,20150323,2015,3,82,27.02,31.04,24.79,25.0,0.01,72.67,4.61
2015-03-24,20150324,2015,3,83,27.31,31.27,25.13,24.24,0.03,74.74,5.08
2015-03-25,20150325,2015,3,84,27.41,31.01,25.51,23.1,0.02,74.22,5.85
2015-03-26,20150326,2015,3,85,27.69,31.42,25.43,23.83,0.09,73.83,5.18
2015-03-27,20150327,2015,3,86,28.12,33.18,25.28,24.41,0.0,75.0,4.46
2015-03-28,20150328,2015,3,87,27.69,31.58,25.59,20.18,0.0,78.15,5.45
2015-03-29,20150329,2015,3,88,26.76,28.74,25.62,13.19,0.03,79.48,5.35
2015-03-30,20150330,2015,3,89,26.97,29.83,25.32,15.79,0.01,78.64,5.35
2015-03-31,20150331,2015,3,90,27.34,30.66,25.42,21.55,0.0,74.45,5.6
2015-04-01,20150401,2015,4,91,27.89,31.93,25.74,23.06,0.02,72.71,5.78
2015-04-02,20150402,2015,4,92,27.76,31.6,25.96,23.06,0.1,73.68,5.98
2015-04-03,20150403,2015,4,93,27.59,30.41,26.03,20.33,0.11,74.71,5.91
2015-04-04,20150404,2015,4,94,27.44,30.41,25.65,19.71,0.14,76.22,6.44
2015-04-05,20150405,2015,4,95,27.58,31.09,25.58,23.72,0.02,71.45,6.57
2015-04-06,20150406,2015,4,96,27.77,30.98,25.84,23.04,0.01,73.18,6.45
2015-04-07,20150407,2015,4,97,27.79,30.54,25.97,21.12,0.01,73.22,6.02
2015-04-08,20150408,2015,4,98,27.84,30.7,26.09,19.15,0.06,74.01,5.89
2015-04-09,20150409,2015,4,99,28.16,31.49,26.03,19.42,0.09,73.69,5.43
2015-04-10,20150410,2015,4,100,28.12,31.48,26.27,22.46,0.16,75.33,5.68
2015-04-11,20150411,2015,4,101,28.11,31.48,26.08,16.65,0.35,76.79,4.62
2015-04-12,20150412,2015,4,102,27.67,30.33,25.95,18.98,0.37,80.31,4.22
2015-04-13,20150413,2015,4,103,27.72,30.48,25.79,17.66,0.42,79.42,4.0
2015-04-14,20150414,2015,4,104,27.88,31.38,26.01,18.79,0.77,77.98,4.89
2015-04-15,20150415,2015,4,105,28.06,31.67,25.79,20.8,1.87,76.34,4.89
2015-04-16,20150416,2015,4,106,27.48,30.34,25.61,19.38,2.49,79.54,4.87
2015-04-17,20150417,2015,4,107,27.72,31.63,25.69,17.57,3.05,78.5,4.55
2015-04-18,20150418,2015,4,108,27.42,30.16,25.54,21.72,2.69,80.64,4.33
2015-04-19,20150419,2015,4,109,27.47,30.45,25.64,19.12,3.59,82.79,4.28
2015-04-20,20150420,2015,4,110,27.04,29.6,25.68,17.97,3.89,86.36,3.26
2015-04-21,20150421,2015,4,111,27.36,29.91,25.87,14.48,0.18,83.44,3.91
2015-04-22,20150422,2015,4,112,28.26,32.06,25.88,24.92,0.05,73.83,5.34
2015-04-23,20150423,2015,4,113,28.0,31.91,26.14,24.63,0.0,73.12,5.69
2015-04-24,20150424,2015,4,114,27.93,31.62,25.74,23.76,0.01,75.6,5.12
2015-04-25,20150425,2015,4,115,27.91,31.65,25.95,20.47,0.6,79.63,4.73
2015-04-26,20150426,2015,4,116,27.85,31.61,26.03,17.63,1.47,84.31,3.83
2015-04-27,20150427,2015,4,117,29.01,32.98,26.48,24.19,0.3,79.66,2.74
2015-04-28,20150428,2015,4,118,29.24,33.71,26.89,24.53,1.8,79.75,2.0
2015-04-29,20150429,2015,4,119,29.47,34.04,26.97,22.04,0.28,77.04,1.79
2015-04-30,20150430,2015,4,120,28.74,32.71,26.49,20.94,1.84,78.48,2.2
2015-05-01,20150501,2015,5,121,28.56,31.77,26.34,20.73,5.81,78.81,3.1
2015-05-02,20150502,2015,5,122,28.16,31.63,26.27,21.35,3.19,77.6,4.49
2015-05-03,20150503,2015,5,123,28.54,32.33,26.37,22.9,1.26,75.62,4.91
2015-05-04,20150504,2015,5,124,28.64,32.28,26.27,19.23,3.47,76.82,4.13
2015-05-05,20150505,2015,5,125,28.51,31.69,26.38,22.8,6.71,79.33,3.88
2015-05-06,20150506,2015,5,126,28.5,31.81,26.51,24.23,0.75,78.08,3.93
2015-05-07,20150507,2015,5,127,28.54,32.09,26.43,22.22,2.02,79.4,3.86
2015-05-08,20150508,2015,5,128,28.34,31.04,26.53,16.96,1.42,78.88,4.41
2015-05-09,20150509,2015,5,129,28.78,31.96,26.66,21.44,1.41,76.24,4.31
2015-05-10,20150510,2015,5,130,28.34,30.59,26.86,19.41,1.01,77.27,3.99
2015-05-11,20150511,2015,5,131,28.51,31.13,26.74,21.01,0.16,76.81,4.91
2015-05-12,20150512,2015,5,132,28.84,31.74,26.93,22.26,0.02,75.39,5.04
2015-05-13,20150513,2015,5,133,29.0,32.54,26.63,23.02,0.1,73.31,5.23
2015-05-14,20150514,2015,5,134,28.31,30.66,26.92,20.92,0.89,76.77,4.67
2015-05-15,20150515,2015,5,135,27.75,29.94,26.27,11.88,0.68,79.56,4.54
2015-05-16,20150516,2015,5,136,27.13,29.11,25.84,15.56,2.92,84.33,4.41
2015-05-17,20150517,2015,5,137,27.44,29.81,25.78,14.51,0.64,81.37,4.33
2015-05-18,20150518,2015,5,138,27.29,29.45,25.81,19.38,0.94,82.1,4.0
2015-05-19,20150519,2015,5,139,27.29,29.79,25.8,16.72,1.25,83.77,4.38
2015-05-20,20150520,2015,5,140,27.65,29.88,26.14,20.99,1.63,83.17,3.67
2015-05-21,20150521,2015,5,141,27.29,29.31,26.14,13.37,2.13,86.38,4.13
2015-05-22,20150522,2015,5,142,27.67,29.69,26.45,15.59,0.66,83.85,4.74
2015-05-23,20150523,2015,5,143,28.27,31.1,26.25,22.89,0.36,78.71,5.24
2015-05-24,20150524,2015,5,144,28.55,31.64,26.59,21.8,0.58,77.83,5.25
2015-05-25,20150525,2015,5,145,28.01,30.36,26.3,16.3,1.0,77.75,4.7
2015-05-26,20150526,2015,5,146,27.52,29.43,25.93,20.07,1.8,79.78,4.11
2015-05-27,20150527,2015,5,147,27.84,30.79,25.97,21.75,1.59,77.08,4.79
2015-05-28,20150528,2015,5,148,27.14,29.78,25.73,10.85,5.13,80.81,4.01
2015-05-29,20150529,2015,5,149,26.77,28.31,25.8,14.63,7.61,87.77,4.03
2015-05-30,20150530,2015,5,150,27.39,29.2,25.96,15.9,4.05,83.62,4.55
2015-05-31,20150531,2015,5,151,27.83,30.19,26.26,20.73,0.99,83.88,3.34
2015-06-01,20150601,2015,6,152,28.37,31.78,26.55,16.3,0.88,82.59,3.59
2015-06-02,20150602,2015,6,153,28.53,31.15,26.76,20.72,1.58,83.02,2.43
2015-06-03,20150603,2015,6,154,28.52,32.22,26.47,20.31,2.22,82.91,2.46
2015-06-04,20150604,2015,6,155,28.68,31.54,26.88,19.64,2.22,83.41,2.84
2015-06-05,20150605,2015,6,156,28.52,31.54,26.97,19.01,4.49,83.05,2.56
2015-06-06,20150606,2015,6,157,28.05,30.37,26.71,19.31,7.6,85.43,2.14
2015-06-07,20150607,2015,6,158,27.23,28.63,26.19,15.78,15.19,83.34,2.23
2015-06-08,20150608,2015,6,159,27.88,30.38,26.37,16.16,9.27,85.43,1.93
2015-06-09,20150609,2015,6,160,27.71,29.29,26.48,18.53,6.01,84.27,2.63
2015-06-10,20150610,2015,6,161,28.17,31.34,26.07,19.67,5.08,79.79,3.36
2015-06-11,20150611,2015,6,162,28.34,31.5,26.05,21.06,3.86,78.46,4.15
2015-06-12,20150612,2015,6,163,28.86,32.42,26.4,21.86,2.47,80.14,3.83
2015-06-13,20150613,2015,6,164,28.95,32.63,26.66,22.66,3.25,79.52,4.19
2015-06-14,20150614,2015,6,165,28.45,31.74,26.53,21.54,4.65,80.97,4.29
2015-06-15,20150615,2015,6,166,28.63,31.81,26.53,19.29,0.1,79.5,4.53
2015-06-16,20150616,2015,6,167,28.78,32.41,26.63,23.29,0.05,77.94,5.13
2015-06-17,20150617,2015,6,168,29.07,32.87,26.67,20.18,0.15,76.82,4.35
2015-06-18,20150618,2015,6,169,28.37,31.1,26.49,23.89,0.09,80.49,4.84
2015-06-19,20150619,2015,6,170,28.54,32.01,26.36,23.93,0.08,80.63,4.79
2015-06-20,20150620,2015,6,171,28.4,32.27,26.39,21.7,0.01,79.24,4.76
2015-06-21,20150621,2015,6,172,27.85,30.91,26.15,20.49,0.01,79.56,4.66
2015-06-22,20150622,2015,6,173,27.61,29.83,26.18,19.38,0.01,81.68,4.46
2015-06-23,20150623,2015,6,174,28.52,31.88,26.3,23.53,0.0,78.74,4.31
2015-06-24,20150624,2015,6,175,29.42,33.75,26.75,25.21,0.0,74.89,4.91
2015-06-25,20150625,2015,6,176,28.89,32.66,26.38,24.96,0.0,77.27,5.25
2015-06-26,20150626,2015,6,177,28.61,32.1,26.27,24.52,0.0,76.07,5.28
2015-06-27,20150627,2015,6,178,28.47,32.11,26.22,24.26,0.0,78.86,4.6
2015-06-28,20150628,2015,6,179,28.04,30.51,26.7,19.8,0.02,81.57,4.03
2015-06-29,20150629,2015,6,180,27.67,30.47,25.84,19.48,0.01,80.7,4.78
2015-06-30,20150630,2015,6,181,28.24,32.08,25.86,20.2,0.01,74.01,5.48
2015-07-01,20150701,2015,7,182,28.25,31.08,26.45,25.45,0.01,77.4,4.92
2015-07-02,20150702,2015,7,183,28.41,32.1,25.94,24.88,0.0,76.93,4.92
2015-07-03,20150703,2015,7,184,27.99,31.06,26.16,25.53,0.0,77.21,5.48
2015-07-04,20150704,2015,7,185,28.48,31.97,26.11,25.1,0.06,76.43,4.96
2015-07-05,20150705,2015,7,186,28.32,31.41,25.99,23.64,0.4,75.81,5.3
2015-07-06,20150706,2015,7,187,28.03,31.93,25.58,20.4,2.63,77.68,5.1
2015-07-07,20150707,2015,7,188,27.04,30.03,25.48,16.01,9.82,84.35,4.15
2015-07-08,20150708,2015,7,189,27.8,31.14,25.65,19.26,1.43,80.32,4.33
2015-07-09,20150709,2015,7,190,27.57,30.16,26.09,21.16,2.86,82.12,4.29
2015-07-10,20150710,2015,7,191,27.72,30.85,25.88,21.13,6.41,80.98,4.49
2015-07-11,20150711,2015,7,192,26.82,28.96,25.67,20.18,7.97,86.11,5.21
2015-07-12,20150712,2015,7,193,27.4,29.73,25.61,20.11,3.76,82.22,5.02
2015-07-13,20150713,2015,7,194,27.57,30.26,26.1,19.49,4.99,84.08,3.33
2015-07-14,20150714,2015,7,195,27.62,29.81,26.0,20.74,4.66,83.11,4.05
2015-07-15,20150715,2015,7,196,27.92,30.2,26.21,15.71,0.88,82.58,4.24
2015-07-16,20150716,2015,7,197,27.91,30.43,26.37,18.35,1.0,81.67,4.17
2015-07-17,20150717,2015,7,198,27.97,30.36,26.31,19.1,1.1,83.1,3.23
2015-07-18,20150718,2015,7,199,27.7,29.48,26.39,12.09,1.8,84.57,3.31
2015-07-19,20150719,2015,7,200,27.26,29.1,26.26,17.73,0.98,81.72,4.15
2015-07-20,20150720,2015,7,201,27.74,31.25,25.88,18.66,2.49,79.81,4.36
2015-07-21,20150721,2015,7,202,28.35,32.15,26.33,20.27,2.15,80.39,4.43
2015-07-22,20150722,2015,7,203,28.3,31.19,26.57,20.52,3.74,82.92,3.07
2015-07-23,20150723,2015,7,204,27.98,30.7,26.07,12.02,9.04,84.55,2.73
2015-07-24,20150724,2015,7,205,28.26,30.74,26.47,23.5,1.86,82.53,4.13
2015-07-25,20150725,2015,7,206,28.96,32.72,26.67,25.86,0.25,76.41,5.02
2015-07-26,20150726,2015,7,207,29.06,32.91,26.23,25.66,0.15,76.55,4.81
2015-07-27,20150727,2015,7,208,28.78,32.25,27.05,23.71,0.64,78.93,4.21
2015-07-28,20150728,2015,7,209,28.91,32.8,26.27,24.39,0.76,75.3,4.72
2015-07-29,20150729,2015,7,210,27.93,30.35,26.35,19.39,2.59,83.03,4.13
2015-07-30,20150730,2015,7,211,27.7,29.76,26.22,22.14,0.28,80.62,4.46
2015-07-31,20150731,2015,7,212,28.07,30.84,26.3,19.4,0.48,82.39,3.87
2015-08-01,20150801,2015,8,213,28.16,31.04,26.4,22.46,0.5,83.54,3.73
2015-08-02,20150802,2015,8,214,28.33,31.62,26.46,24.76,0.23,80.21,4.53
2015-08-03,20150803,2015,8,215,28.67,32.31,26.7,25.47,0.19,76.71,4.92
2015-08-04,20150804,2015,8,216,28.76,31.38,26.72,23.25,0.2,78.31,4.43
2015-08-05,20150805,2015,8,217,29.13,32.86,26.79,23.76,0.16,77.44,4.98
2015-08-06,20150806,2015,8,218,28.8,32.19,26.52,23.99,0.09,79.62,4.48
2015-08-07,20150807,2015,8,219,28.89,32.66,26.71,22.5,0.18,79.92,4.26
2015-08-08,20150808,2015,8,220,28.37,31.36,26.51,22.54,0.82,83.1,3.33
2015-08-09,20150809,2015,8,221,28.03,30.6,26.71,14.1,2.73,82.44,3.02
2015-08-10,20150810,2015,8,222,28.06,30.23,26.34,19.01,1.57,83.14,3.15
2015-08-11,20150811,2015,8,223,28.42,30.69,26.97,21.45,1.05,81.05,3.65
2015-08-12,20150812,2015,8,224,29.11,33.07,26.75,24.73,0.68,76.53,4.55
2015-08-13,20150813,2015,8,225,28.86,31.74,27.16,19.07,2.01,80.53,3.53
2015-08-14,20150814,2015,8,226,28.35,31.22,26.43,21.05,3.05,82.46,3.71
2015-08-15,20150815,2015,8,227,28.1,30.32,26.68,19.38,2.19,83.36,3.71
2015-08-16,20150816,2015,8,228,28.16,30.36,26.76,17.75,3.97,86.32,3.56
2015-08-17,20150817,2015,8,229,28.13,30.78,26.69,19.65,3.21,84.51,3.89
2015-08-18,20150818,2015,8,230,27.89,30.05,26.67,24.18,5.63,83.72,4.34
2015-08-19,20150819,2015,8,231,28.36,31.04,26.52,25.09,1.5,81.81,3.89
2015-08-20,20150820,2015,8,232,28.55,31.46,26.63,23.73,1.87,80.25,4.58
2015-08-21,20150821,2015,8,233,28.16,30.76,26.61,18.1,6.28,84.19,3.55
2015-08-22,20150822,2015,8,234,27.34,29.1,26.4,16.55,6.28,85.4,1.87
2015-08-23,20150823,2015,8,235,28.11,30.97,26.75,19.94,7.08,82.4,4.22
2015-08-24,20150824,2015,8,236,28.11,30.76,26.75,23.2,0.42,79.08,4.06
2015-08-25,20150825,2015,8,237,28.2,30.66,26.72,15.5,1.47,83.59,3.03
2015-08-26,20150826,2015,8,238,28.57,31.07,26.96,18.08,1.3,83.04,3.26
2015-08-27,20150827,2015,8,239,28.86,32.39,26.91,19.22,0.47,78.67,4.21
2015-08-28,20150828,2015,8,240,28.49,30.97,26.91,23.03,1.0,82.97,3.31
2015-08-29,20150829,2015,8,241,29.5,33.48,27.47,24.9,1.11,81.44,2.29
2015-08-30,20150830,2015,8,242,29.38,33.29,27.48,22.47,1.5,79.83,3.23
2015-08-31,20150831,2015,8,243,29.39,33.46,26.91,21.39,2.39,79.01,2.53
2015-09-01,20150901,2015,9,244,28.84,31.09,27.63,21.39,2.35,83.02,3.36
2015-09-02,20150902,2015,9,245,29.12,32.45,27.35,23.95,4.86,81.16,3.13
2015-09-03,20150903,2015,9,246,28.53,30.9,27.19,16.98,8.58,83.15,2.21
2015-09-04,20150904,2015,9,247,28.93,31.88,27.31,22.04,5.93,83.79,3.4
2015-09-05,20150905,2015,9,248,28.91,31.47,27.42,20.64,5.92,82.67,4.23
2015-09-06,20150906,2015,9,249,29.04,31.89,27.55,19.39,4.98,80.27,4.99
2015-09-07,20150907,2015,9,250,28.97,32.01,27.36,22.58,4.21,83.37,4.03
2015-09-08,20150908,2015,9,251,28.95,31.47,27.35,24.69,2.6,82.72,4.67
2015-09-09,20150909,2015,9,252,28.93,31.47,27.23,21.86,1.48,82.9,4.61
2015-09-10,20150910,2015,9,253,28.12,29.39,26.96,17.9,14.74,85.51,2.72
2015-09-11,20150911,2015,9,254,28.05,29.78,26.9,11.86,15.11,85.06,1.72
2015-09-12,20150912,2015,9,255,28.51,31.06,26.76,24.27,1.28,82.77,2.69
2015-09-13,20150913,2015,9,256,29.36,32.64,27.15,25.3,1.62,79.45,3.49
2015-09-14,20150914,2015,9,257,28.89,31.44,27.07,23.97,3.92,82.14,4.27
2015-09-15,20150915,2015,9,258,28.85,31.5,27.42,22.37,2.38,83.65,3.6
2015-09-16,20150916,2015,9,259,28.91,31.42,27.51,22.25,8.29,84.54,3.53
2015-09-17,20150917,2015,9,260,28.74,31.2,27.43,14.77,5.17,85.94,3.13
2015-09-18,20150918,2015,9,261,28.7,31.12,27.43,12.64,7.06,83.99,2.42
2015-09-19,20150919,2015,9,262,28.81,31.03,27.33,20.77,5.56,84.01,1.98
2015-09-20,20150920,2015,9,263,27.97,29.51,26.95,18.62,12.1,86.85,2.65
2015-09-21,20150921,2015,9,264,28.46,30.67,27.18,24.42,6.05,86.2,3.01
2015-09-22,20150922,2015,9,265,28.97,31.78,27.37,22.82,7.23,85.06,1.7
2015-09-23,20150923,2015,9,266,27.19,29.06,26.15,18.15,8.23,88.66,1.64
2015-09-24,20150924,2015,9,267,27.89,30.64,26.35,15.86,10.18,86.42,1.75
2015-09-25,20150925,2015,9,268,28.83,31.39,26.98,21.24,3.45,84.99,2.92
2015-09-26,20150926,2015,9,269,28.9,31.04,27.35,21.49,6.67,84.51,2.71
2015-09-27,20150927,2015,9,270,28.27,30.82,26.34,22.69,5.46,83.34,1.58
2015-09-28,20150928,2015,9,271,29.25,32.02,27.67,23.5,0.91,82.93,3.3
2015-09-29,20150929,2015,9,272,29.16,31.57,27.74,21.78,0.9,82.61,3.15
2015-09-30,20150930,2015,9,273,28.58,30.83,27.52,19.29,2.07,84.33,3.18
2015-10-01,20151001,2015,10,274,27.73,29.31,26.71,19.55,1.5,85.55,1.84
2015-10-02,20151002,2015,10,275,27.62,29.9,26.17,16.87,1.7,82.38,2.0
2015-10-03,20151003,2015,10,276,28.83,32.24,26.79,21.82,0.13,75.01,1.57
2015-10-04,20151004,2015,10,277,28.94,31.88,27.19,19.56,2.34,81.19,3.3
2015-10-05,20151005,2015,10,278,29.3,32.13,28.03,23.82,4.84,85.01,3.29
2015-10-06,20151006,2015,10,279,29.35,32.22,27.94,22.46,5.92,84.9,2.89
2015-10-07,20151007,2015,10,280,28.48,30.41,26.86,16.92,9.43,86.51,2.4
2015-10-08,20151008,2015,10,281,28.52,30.91,27.47,19.65,6.97,84.97,3.81
2015-10-09,20151009,2015,10,282,28.38,30.6,27.26,18.85,6.51,85.72,3.99
2015-10-10,20151010,2015,10,283,28.12,29.71,27.09,17.44,11.3,87.17,3.15
2015-10-11,20151011,2015,10,284,28.06,29.86,27.12,17.54,14.73,86.36,2.12
2015-10-12,20151012,2015,10,285,28.1,30.34,26.72,14.11,3.03,82.75,2.19
2015-10-13,20151013,2015,10,286,27.68,29.11,26.59,15.44,16.25,90.55,3.26
2015-10-14,20151014,2015,10,287,27.44,28.51,26.21,11.19,8.44,87.48,2.62
2015-10-15,20151015,2015,10,288,26.95,28.4,25.52,19.71,7.66,90.87,1.94
2015-10-16,20151016,2015,10,289,28.47,31.44,26.89,17.87,3.88,82.79,2.71
2015-10-17,20151017,2015,10,290,28.89,31.75,27.04,22.72,2.54,81.22,2.07
2015-10-18,20151018,2015,10,291,28.8,31.43,27.01,21.91,1.27,82.22,2.14
2015-10-19,20151019,2015,10,292,28.44,30.43,27.19,22.48,1.75,85.95,2.91
2015-10-20,20151020,2015,10,293,28.85,31.35,27.57,22.61,1.24,84.53,2.75
2015-10-21,20151021,2015,10,294,28.7,30.73,27.34,22.82,1.55,84.18,2.7
2015-10-22,20151022,2015,10,295,28.78,30.66,27.52,21.33,1.12,83.46,2.37
2015-10-23,20151023,2015,10,296,29.01,31.41,27.33,17.98,1.43,80.43,3.63
2015-10-24,20151024,2015,10,297,28.49,29.9,27.46,13.25,2.22,83.35,1.97
2015-10-25,20151025,2015,10,298,27.65,29.15,26.88,20.12,1.65,86.11,1.29
2015-10-26,20151026,2015,10,299,27.95,29.81,26.74,13.0,0.79,78.37,0.97
2015-10-27,20151027,2015,10,300,28.72,30.91,26.6,19.57,0.74,76.11,1.64
2015-10-28,20151028,2015,10,301,29.07,32.13,27.32,20.87,0.93,78.59,3.07
2015-10-29,20151029,2015,10,302,28.88,31.65,27.32,18.93,1.35,81.42,3.88
2015-10-30,20151030,2015,10,303,28.8,31.52,27.52,18.01,1.78,81.01,3.5
2015-10-31,20151031,2015,10,304,29.04,32.0,27.45,20.51,0.36,78.03,4.19
2015-11-01,20151101,2015,11,305,28.42,30.6,27.2,14.14,2.46,80.72,2.36
2015-11-02,20151102,2015,11,306,27.41,28.7,26.71,15.52,14.88,85.06,3.02
2015-11-03,20151103,2015,11,307,27.39,29.84,26.16,17.64,7.82,81.17,2.34
2015-11-04,20151104,2015,11,308,27.68,30.04,26.05,17.33,18.87,84.22,2.46
2015-11-05,20151105,2015,11,309,28.13,30.18,26.9,15.25,16.53,85.67,3.03
2015-11-06,20151106,2015,11,310,28.74,31.51,26.74,18.32,4.75,79.78,3.99
2015-11-07,20151107,2015,11,311,28.42,31.44,26.72,20.88,0.42,77.99,3.96
2015-11-08,20151108,2015,11,312,28.81,31.87,27.03,20.0,0.57,81.03,2.56
2015-11-09,20151109,2015,11,313,28.23,29.97,27.17,18.22,1.04,85.96,2.68
2015-11-10,20151110,2015,11,314,28.42,30.33,27.45,16.01,1.35,86.05,3.02
2015-11-11,20151111,2015,11,315,27.7,28.85,27.12,14.17,1.32,86.26,3.14
2015-11-12,20151112,2015,11,316,27.99,29.72,27.0,19.05,1.04,86.83,2.84
2015-11-13,20151113,2015,11,317,28.09,29.97,27.16,18.09,0.9,85.7,4.39
2015-11-14,20151114,2015,11,318,28.19,30.25,26.75,19.61,0.82,84.57,4.4
2015-11-15,20151115,2015,11,319,27.93,29.74,26.63,18.47,2.4,86.39,4.62
2015-11-16,20151116,2015,11,320,27.49,29.48,26.5,9.39,7.07,87.47,3.02
2015-11-17,20151117,2015,11,321,26.51,27.4,25.44,9.2,30.5,85.67,2.22
2015-11-18,20151118,2015,11,322,26.44,28.69,24.79,7.37,27.81,88.86,2.14
2015-11-19,20151119,2015,11,323,27.38,28.95,26.05,11.59,6.24,84.32,2.46
2015-11-20,20151120,2015,11,324,28.14,31.03,26.31,18.73,2.41,79.04,3.69
2015-11-21,20151121,2015,11,325,27.8,30.81,25.8,21.04,0.11,80.15,4.32
2015-11-22,20151122,2015,11,326,28.22,31.73,26.22,21.43,0.01,80.93,4.2
2015-11-23,20151123,2015,11,327,27.97,30.41,26.53,20.75,0.02,83.2,4.92
2015-11-24,20151124,2015,11,328,28.04,30.33,26.76,19.34,0.03,81.96,5.26
2015-11-25,20151125,2015,11,329,28.1,30.59,26.71,19.62,0.05,80.81,5.07
2015-11-26,20151126,2015,11,330,28.09,30.65,26.66,20.87,0.03,82.17,4.79
2015-11-27,20151127,2015,11,331,28.21,31.73,26.14,20.31,0.06,81.45,4.41
2015-11-28,20151128,2015,11,332,28.01,30.91,26.6,10.47,0.1,84.1,4.01
2015-11-29,20151129,2015,11,333,27.82,30.58,26.03,19.61,0.08,83.4,3.66
2015-11-30,20151130,2015,11,334,28.4,32.42,26.31,18.81,0.1,82.93,3.45
2015-12-01,20151201,2015,12,335,28.18,30.24,26.95,18.09,0.2,85.37,3.16
2015-12-02,20151202,2015,12,336,28.93,32.66,26.75,20.54,0.15,80.88,3.28
2015-12-03,20151203,2015,12,337,28.56,31.62,26.9,19.25,0.3,84.69,2.33
2015-12-04,20151204,2015,12,338,28.5,30.98,27.01,17.18,0.33,83.61,3.37
2015-12-05,20151205,2015,12,339,28.16,30.47,26.72,18.56,0.13,82.85,4.81
2015-12-06,20151206,2015,12,340,28.03,30.78,26.06,19.77,0.04,80.34,4.82
2015-12-07,20151207,2015,12,341,28.15,31.71,26.17,20.41,0.05,79.42,4.21
2015-12-08,20151208,2015,12,342,27.73,30.1,26.15,17.16,0.04,83.85,3.22
2015-12-09,20151209,2015,12,343,28.38,31.79,26.3,19.17,0.04,81.94,2.94
2015-12-10,20151210,2015,12,344,28.58,32.49,26.44,19.92,0.03,81.55,3.34
2015-12-11,20151211,2015,12,345,28.63,32.43,26.61,19.5,0.16,81.45,4.24
2015-12-12,20151212,2015,12,346,28.28,31.45,26.76,19.43,0.58,83.42,4.11
2015-12-13,20151213,2015,12,347,27.71,29.84,26.44,16.91,1.6,85.05,3.84
2015-12-14,20151214,2015,12,348,27.83,30.13,26.52,7.29,1.61,84.77,1.96
2015-12-15,20151215,2015,12,349,28.1,31.02,26.49,13.72,2.25,81.98,1.7
2015-12-16,20151216,2015,12,350,28.09,31.1,26.23,18.23,2.12,81.27,2.4
2015-12-17,20151217,2015,12,351,28.77,32.38,26.5,19.62,0.01,80.11,3.66
2015-12-18,20151218,2015,12,352,28.58,31.78,26.72,17.95,0.01,81.72,3.73
2015-12-19,20151219,2015,12,353,28.6,31.51,27.05,18.88,0.01,80.39,5.02
2015-12-20,20151220,2015,12,354,28.43,31.5,26.83,19.21,0.0,78.24,5.65
2015-12-21,20151221,2015,12,355,27.98,30.86,26.15,20.43,0.0,79.21,4.79
2015-12-22,20151222,2015,12,356,28.19,31.68,26.05,19.96,0.0,77.58,5.09
2015-12-23,20151223,2015,12,357,28.28,32.38,25.84,18.93,0.0,76.88,4.6
2015-12-24,20151224,2015,12,358,27.91,31.57,25.78,21.09,0.0,76.44,5.4
2015-12-25,20151225,2015,12,359,27.8,31.8,24.95,21.29,0.0,74.18,5.86
2015-12-26,20151226,2015,12,360,27.58,31.12,25.15,21.33,0.0,75.54,5.69
2015-12-27,20151227,2015,12,361,27.56,31.72,24.99,21.28,0.0,75.95,5.21
2015-12-28,20151228,2015,12,362,27.5,31.68,24.97,20.88,0.0,79.05,4.4
2015-12-29,20151229,2015,12,363,27.61,31.21,25.35,20.85,0.0,78.58,4.53
2015-12-30,20151230,2015,12,364,28.04,31.84,25.34,20.6,0.0,77.39,5.6
2015-12-31,20151231,2015,12,365,27.8,31.18,25.36,20.33,0.07,75.5,5.94
2016-01-01,20160101,2016,1,1,27.71,31.52,25.56,15.54,0.83,77.51,5.11
2016-01-02,20160102,2016,1,2,27.12,30.77,25.01,16.71,1.15,81.09,4.17
2016-01-03,20160103,2016,1,3,27.4,31.29,25.03,20.84,0.69,80.26,3.96
2016-01-04,20160104,2016,1,4,27.64,32.18,25.08,19.12,0.28,80.34,3.76
2016-01-05,20160105,2016,1,5,27.34,30.63,25.55,18.68,0.38,82.46,4.8
2016-01-06,20160106,2016,1,6,27.34,30.3,25.71,18.68,0.03,80.5,5.12
2016-01-07,20160107,2016,1,7,27.23,29.95,25.44,19.12,0.01,81.01,4.53
2016-01-08,20160108,2016,1,8,27.41,30.32,25.76,19.99,0.0,78.78,4.94
2016-01-09,20160109,2016,1,9,27.59,31.05,25.8,20.02,0.0,75.89,4.71
2016-01-10,20160110,2016,1,10,27.11,30.13,25.47,19.19,0.06,77.16,4.62
2016-01-11,20160111,2016,1,11,27.25,29.71,25.73,17.24,0.0,78.9,4.89
2016-01-12,20160112,2016,1,12,27.54,31.18,25.78,19.98,0.0,76.88,4.39
2016-01-13,20160113,2016,1,13,27.42,30.89,25.38,21.04,0.0,70.62,5.45
2016-01-14,20160114,2016,1,14,27.46,31.47,24.8,21.11,0.0,73.49,4.84
2016-01-15,20160115,2016,1,15,27.35,30.94,24.73,21.78,0.0,76.59,4.19
2016-01-16,20160116,2016,1,16,27.3,31.16,24.61,21.36,0.0,76.71,4.73
2016-01-17,20160117,2016,1,17,27.29,31.24,24.98,21.55,0.0,77.32,4.2
2016-01-18,20160118,2016,1,18,27.01,30.24,25.45,20.02,0.0,78.37,5.2
2016-01-19,20160119,2016,1,19,26.95,29.35,25.49,20.12,0.0,79.59,6.22
2016-01-20,20160120,2016,1,20,27.32,30.47,25.63,20.36,0.0,74.61,5.86
2016-01-21,20160121,2016,1,21,27.29,30.62,25.26,20.18,0.0,73.36,5.32
2016-01-22,20160122,2016,1,22,27.66,31.77,24.93,21.48,0.0,75.61,4.11
2016-01-23,20160123,2016,1,23,27.3,30.74,24.94,18.98,0.0,77.86,3.79
2016-01-24,20160124,2016,1,24,27.04,29.4,25.69,19.83,0.0,77.07,4.87
2016-01-25,20160125,2016,1,25,27.55,30.92,25.66,20.81,0.0,73.85,5.94
2016-01-26,20160126,2016,1,26,27.88,31.56,24.9,21.95,0.0,70.41,5.46
2016-01-27,20160127,2016,1,27,27.95,32.02,24.98,22.16,0.0,72.16,4.65
2016-01-28,20160128,2016,1,28,28.18,32.94,25.16,19.75,0.0,74.96,3.47
2016-01-29,20160129,2016,1,29,27.38,30.16,25.47,20.11,0.0,75.78,4.81
2016-01-30,20160130,2016,1,30,27.65,30.66,25.82,18.98,0.0,72.63,5.68
2016-01-31,20160131,2016,1,31,27.62,30.82,25.69,20.18,0.0,71.4,5.57
2016-02-01,20160201,2016,2,32,27.85,31.54,25.34,22.36,0.0,71.44,4.84
2016-02-02,20160202,2016,2,33,28.2,32.4,25.77,22.12,0.0,69.85,5.37
2016-02-03,20160203,2016,2,34,27.92,31.37,25.55,22.34,0.0,71.28,5.5
2016-02-04,20160204,2016,2,35,28.07,32.23,25.66,22.19,0.0,69.99,5.4
2016-02-05,20160205,2016,2,36,27.33,30.27,25.74,22.4,0.0,71.84,5.89
2016-02-06,20160206,2016,2,37,27.66,31.75,25.43,23.07,0.0,72.72,5.64
2016-02-07,20160207,2016,2,38,27.69,31.31,25.62,20.71,0.0,78.62,4.84
2016-02-08,20160208,2016,2,39,27.8,30.88,25.8,21.12,0.0,77.4,5.47
2016-02-09,20160209,2016,2,40,27.87,31.27,26.01,21.18,0.0,75.86,5.93
2016-02-10,20160210,2016,2,41,27.73,30.75,25.82,19.9,0.0,75.97,6.19
2016-02-11,20160211,2016,2,42,28.29,31.66,26.6,21.45,0.0,67.54,7.08
2016-02-12,20160212,2016,2,43,27.73,30.88,25.88,22.62,0.0,69.94,6.52
2016-02-13,20160213,2016,2,44,27.49,30.93,25.16,21.89,0.0,74.18,5.8
2016-02-14,20160214,2016,2,45,27.5,30.37,25.7,20.83,0.0,72.89,6.8
2016-02-15,20160215,2016,2,46,27.82,31.51,25.78,22.1,0.0,71.85,5.93
2016-02-16,20160216,2016,2,47,28.15,32.56,25.58,22.61,0.0,76.08,4.83
2016-02-17,20160217,2016,2,48,27.91,31.55,25.89,18.46,0.0,78.61,5.74
2016-02-18,20160218,2016,2,49,27.68,30.6,25.77,20.62,0.0,75.44,6.55
2016-02-19,20160219,2016,2,50,27.74,31.11,25.96,23.16,0.0,72.47,7.02
2016-02-20,20160220,2016,2,51,27.66,30.67,25.79,22.91,0.04,71.16,6.92
2016-02-21,20160221,2016,2,52,27.84,31.62,25.81,21.76,0.01,72.39,5.92
2016-02-22,20160222,2016,2,53,27.79,31.43,25.67,22.48,0.02,72.52,5.64
2016-02-23,20160223,2016,2,54,27.97,31.9,25.62,21.46,0.01,74.13,5.1
2016-02-24,20160224,2016,2,55,28.2,32.71,25.8,21.5,0.09,75.56,4.81
2016-02-25,20160225,2016,2,56,27.75,31.11,26.01,15.63,0.0,77.43,6.04
2016-02-26,20160226,2016,2,57,27.35,29.92,25.7,14.45,0.0,73.42,6.53
2016-02-27,20160227,2016,2,58,27.63,31.07,25.76,23.67,0.0,71.75,6.36
2016-02-28,20160228,2016,2,59,27.8,31.0,25.96,23.17,0.0,69.24,6.29
2016-02-29,20160229,2016,2,60,27.82,30.94,25.77,20.81,0.0,73.93,5.86
2016-03-01,20160301,2016,3,61,27.73,30.96,25.71,19.72,0.0,75.99,5.98
2016-03-02,20160302,2016,3,62,27.8,31.09,25.86,22.16,0.0,74.01,6.25
2016-03-03,20160303,2016,3,63,28.01,31.8,26.13,21.96,0.04,72.99,5.96
2016-03-04,20160304,2016,3,64,27.96,31.76,26.07,20.49,0.0,73.83,5.07
2016-03-05,20160305,2016,3,65,27.62,31.3,25.81,21.14,0.0,74.37,5.48
2016-03-06,20160306,2016,3,66,27.41,30.78,25.52,21.5,0.0,76.01,4.7
2016-03-07,20160307,2016,3,67,27.18,29.99,25.52,15.27,0.0,77.42,4.72
2016-03-08,20160308,2016,3,68,28.01,31.97,25.83,22.65,0.01,73.24,5.75
2016-03-09,20160309,2016,3,69,28.0,31.84,25.65,24.23,0.0,70.86,6.34
2016-03-10,20160310,2016,3,70,27.84,31.04,25.83,24.11,0.0,72.99,6.94
2016-03-11,20160311,2016,3,71,27.86,31.01,25.57,24.56,0.0,68.84,6.38
2016-03-12,20160312,2016,3,72,27.44,30.81,25.32,25.25,0.0,68.52,5.59
2016-03-13,20160313,2016,3,73,27.62,31.85,25.17,20.04,0.0,70.49,4.87
2016-03-14,20160314,2016,3,74,27.5,31.62,25.23,21.12,0.0,75.2,4.93
2016-03-15,20160315,2016,3,75,27.48,31.3,25.36,20.87,0.0,77.64,5.55
2016-03-16,20160316,2016,3,76,27.65,31.53,25.54,20.11,0.0,77.8,5.91
2016-03-17,20160317,2016,3,77,27.94,31.63,25.67,19.56,0.0,75.2,5.71
2016-03-18,20160318,2016,3,78,28.02,31.46,26.35,18.14,0.0,75.33,5.21
2016-03-19,20160319,2016,3,79,28.36,32.53,26.34,21.95,0.0,76.35,4.72
2016-03-20,20160320,2016,3,80,28.12,32.22,25.98,19.44,0.0,78.35,5.22
2016-03-21,20160321,2016,3,81,28.04,31.51,26.15,21.64,0.0,80.22,5.27
2016-03-22,20160322,2016,3,82,28.49,31.74,26.54,21.95,0.0,73.91,7.26
2016-03-23,20160323,2016,3,83,28.64,32.64,26.2,24.72,0.0,70.13,6.76
2016-03-24,20160324,2016,3,84,28.82,32.9,26.47,24.24,0.0,70.59,5.83
2016-03-25,20160325,2016,3,85,28.68,33.07,25.89,23.42,0.0,72.23,5.54
2016-03-26,20160326,2016,3,86,28.95,33.52,25.92,23.79,0.0,69.58,5.88
2016-03-27,20160327,2016,3,87,28.65,32.43,26.16,19.73,0.0,70.65,5.95
2016-03-28,20160328,2016,3,88,28.45,32.91,26.15,21.53,0.0,71.89,5.44
2016-03-29,20160329,2016,3,89,28.28,32.69,25.75,20.87,0.0,73.96,5.19
2016-03-30,20160330,2016,3,90,28.1,31.72,25.64,19.34,0.0,75.83,5.12
2016-03-31,20160331,2016,3,91,28.08,32.01,25.49,18.16,0.07,78.69,4.43
2016-04-01,20160401,2016,4,92,28.34,32.36,25.93,16.72,3.13,79.51,4.12
2016-04-02,20160402,2016,4,93,28.26,32.27,26.2,18.69,1.41,79.69,4.74
2016-04-03,20160403,2016,4,94,28.2,31.6,25.92,20.25,0.27,74.47,5.46
2016-04-04,20160404,2016,4,95,28.44,31.94,26.47,24.11,0.38,74.22,5.44
2016-04-05,20160405,2016,4,96,28.26,31.41,26.45,16.85,0.48,73.81,5.71
2016-04-06,20160406,2016,4,97,28.21,31.18,26.62,24.07,0.0,74.49,5.99
2016-04-07,20160407,2016,4,98,28.44,31.48,26.75,21.38,0.0,74.6,5.92
2016-04-08,20160408,2016,4,99,28.53,31.85,26.68,22.45,0.0,77.13,5.99
2016-04-09,20160409,2016,4,100,28.55,31.55,26.87,22.64,0.0,74.85,6.8
2016-04-10,20160410,2016,4,101,28.3,31.39,26.59,21.21,0.05,73.9,6.7
2016-04-11,20160411,2016,4,102,28.11,30.77,26.28,24.15,3.04,74.21,6.21
2016-04-12,20160412,2016,4,103,27.78,30.45,26.0,23.02,0.13,73.66,5.37
2016-04-13,20160413,2016,4,104,27.8,31.25,25.77,19.17,0.02,72.89,4.3
2016-04-14,20160414,2016,4,105,27.92,30.89,25.69,21.09,0.08,74.9,4.83
2016-04-15,20160415,2016,4,106,28.55,32.46,26.41,23.83,0.05,73.4,4.97
2016-04-16,20160416,2016,4,107,28.7,32.28,26.34,22.52,0.34,76.44,5.01
2016-04-17,20160417,2016,4,108,28.6,32.52,26.65,17.05,0.71,79.8,5.13
2016-04-18,20160418,2016,4,109,28.12,30.98,26.67,20.46,1.95,82.6,5.1
2016-04-19,20160419,2016,4,110,27.6,29.11,26.74,16.96,1.09,84.31,5.06
2016-04-20,20160420,2016,4,111,28.19,31.29,26.53,17.17,1.17,82.79,4.37
2016-04-21,20160421,2016,4,112,28.01,29.96,26.58,17.22,0.87,85.16,4.31
2016-04-22,20160422,2016,4,113,28.76,31.52,26.85,19.88,1.13,82.7,3.45
2016-04-23,20160423,2016,4,114,28.59,31.24,26.91,15.53,1.73,83.33,2.92
2016-04-24,20160424,2016,4,115,28.3,30.93,26.82,13.01,1.62,84.54,2.11
2016-04-25,20160425,2016,4,116,27.95,30.47,26.42,15.35,1.38,84.33,2.71
2016-04-26,20160426,2016,4,117,28.57,31.82,26.81,22.35,2.12,81.87,3.9
2016-04-27,20160427,2016,4,118,28.71,31.92,26.74,17.46,3.17,80.4,3.59
2016-04-28,20160428,2016,4,119,28.68,31.12,26.99,13.07,4.23,83.78,2.11
2016-04-29,20160429,2016,4,120,28.38,31.02,26.77,22.46,3.23,83.77,1.42
2016-04-30,20160430,2016,4,121,28.49,31.0,26.85,19.13,12.29,83.8,2.52
2016-05-01,20160501,2016,5,122,28.28,30.54,26.83,19.1,37.87,84.4,1.78
2016-05-02,20160502,2016,5,123,27.81,29.38,26.79,16.09,31.71,87.75,2.14
2016-05-03,20160503,2016,5,124,28.31,31.64,26.29,22.38,6.38,79.88,1.51
2016-05-04,20160504,2016,5,125,28.89,31.75,26.99,21.07,12.69,81.77,2.88
2016-05-05,20160505,2016,5,126,29.21,32.25,27.57,22.36,15.03,81.92,2.28
2016-05-06,20160506,2016,5,127,28.75,31.11,27.31,19.67,6.27,82.78,2.91
2016-05-07,20160507,2016,5,128,29.12,32.33,27.42,19.54,2.15,76.74,2.38
2016-05-08,20160508,2016,5,129,28.42,30.73,27.07,13.95,7.47,82.22,3.56
2016-05-09,20160509,2016,5,130,29.0,31.46,27.25,15.55,20.41,82.61,3.33
2016-05-10,20160510,2016,5,131,28.54,30.34,27.43,12.35,14.6,81.82,3.16
2016-05-11,20160511,2016,5,132,28.61,30.77,27.25,21.72,0.0,78.69,4.03
2016-05-12,20160512,2016,5,133,28.52,30.39,27.09,24.11,0.0,81.97,4.51
2016-05-13,20160513,2016,5,134,28.43,30.31,27.18,23.33,0.0,84.62,4.02
2016-05-14,20160514,2016,5,135,28.49,30.44,27.43,17.2,0.0,87.51,3.7
2016-05-15,20160515,2016,5,136,28.89,31.58,27.23,21.32,0.42,85.68,3.08
2016-05-16,20160516,2016,5,137,28.84,30.96,27.61,20.04,1.64,85.48,4.0
2016-05-17,20160517,2016,5,138,28.93,31.94,27.29,20.3,1.03,82.81,4.72
2016-05-18,20160518,2016,5,139,28.51,31.13,27.05,19.07,1.36,85.63,3.75
2016-05-19,20160519,2016,5,140,28.73,31.16,27.21,24.39,1.61,84.13,3.68
2016-05-20,20160520,2016,5,141,29.36,32.8,27.29,24.41,0.51,79.34,4.88
2016-05-21,20160521,2016,5,142,29.25,32.35,27.29,24.6,0.05,80.39,4.33
2016-05-22,20160522,2016,5,143,28.72,31.47,27.52,21.48,0.08,86.71,2.82
2016-05-23,20160523,2016,5,144,29.2,32.7,27.28,19.09,0.11,82.67,2.77
2016-05-24,20160524,2016,5,145,29.15,31.46,27.71,11.62,0.08,83.61,2.69
2016-05-25,20160525,2016,5,146,28.64,30.74,27.58,13.54,6.54,87.13,2.28
2016-05-26,20160526,2016,5,147,28.38,30.29,27.2,21.3,4.95,83.32,3.05
2016-05-27,20160527,2016,5,148,28.02,29.68,26.89,12.93,5.46,84.94,2.46
2016-05-28,20160528,2016,5,149,28.61,30.95,27.07,19.1,5.09,82.41,1.8
2016-05-29,20160529,2016,5,150,27.93,30.21,26.61,11.23,9.72,83.76,1.67
2016-05-30,20160530,2016,5,151,28.31,30.32,26.69,17.71,1.57,84.19,1.84
2016-05-31,20160531,2016,5,152,28.55,30.88,27.15,12.63,3.71,83.08,2.0
2016-06-01,20160601,2016,6,153,27.87,29.11,27.07,17.31,4.16,85.71,2.3
2016-06-02,20160602,2016,6,154,27.77,28.86,27.18,18.78,8.28,88.73,3.29
2016-06-03,20160603,2016,6,155,28.48,30.95,27.08,15.32,5.02,82.62,2.31
2016-06-04,20160604,2016,6,156,28.75,30.49,27.61,23.06,2.17,84.21,2.61
2016-06-05,20160605,2016,6,157,29.37,32.13,27.58,23.53,0.31,82.28,2.48
2016-06-06,20160606,2016,6,158,29.29,31.91,27.57,21.98,0.47,81.47,3.77
2016-06-07,20160607,2016,6,159,28.28,29.69,27.51,15.61,0.88,85.39,2.54
2016-06-08,20160608,2016,6,160,28.36,30.21,27.15,21.84,0.82,83.72,1.72
2016-06-09,20160609,2016,6,161,28.94,31.48,27.35,18.96,1.53,83.88,3.19
2016-06-10,20160610,2016,6,162,28.93,31.25,27.72,14.62,3.49,83.28,3.3
2016-06-11,20160611,2016,6,163,28.59,31.82,26.88,21.34,2.93,81.69,3.61
2016-06-12,20160612,2016,6,164,28.79,31.44,27.15,23.11,2.08,81.35,3.81
2016-06-13,20160613,2016,6,165,28.97,32.4,27.0,16.15,2.79,81.81,2.96
2016-06-14,20160614,2016,6,166,26.93,28.24,25.97,13.84,22.92,88.32,1.91
2016-06-15,20160615,2016,6,167,28.65,31.15,26.84,18.36,6.57,83.37,2.63
2016-06-16,20160616,2016,6,168,29.18,32.45,27.28,24.16,3.41,80.07,4.16
2016-06-17,20160617,2016,6,169,28.7,32.32,26.46,25.85,1.67,78.5,4.26
2016-06-18,20160618,2016,6,170,28.59,31.28,27.1,23.26,5.24,82.49,3.93
2016-06-19,20160619,2016,6,171,28.31,30.57,27.08,21.5,4.41,84.42,4.63
2016-06-20,20160620,2016,6,172,28.03,29.64,26.91,11.1,5.65,85.51,2.74
2016-06-21,20160621,2016,6,173,27.45,29.22,26.98,16.33,4.61,85.97,3.35
2016-06-22,20160622,2016,6,174,28.47,31.92,26.5,22.4,3.72,82.83,3.57
2016-06-23,20160623,2016,6,175,28.86,31.55,27.09,24.22,3.25,82.39,4.15
2016-06-24,20160624,2016,6,176,28.51,31.08,27.13,17.2,5.85,83.97,4.04
2016-06-25,20160625,2016,6,177,27.39,28.59,27.0,10.58,8.99,89.18,3.24
2016-06-26,20160626,2016,6,178,28.1,30.71,26.53,21.74,3.73,83.24,3.81
2016-06-27,20160627,2016,6,179,28.61,31.56,27.0,25.21,2.79,80.4,4.15
2016-06-28,20160628,2016,6,180,28.73,31.84,26.65,24.85,2.93,81.99,3.9
2016-06-29,20160629,2016,6,181,28.65,31.15,27.0,20.12,3.24,84.21,3.74
2016-06-30,20160630,2016,6,182,28.54,30.83,27.28,20.63,3.92,85.31,4.24
2016-07-01,20160701,2016,7,183,28.11,29.98,26.94,17.21,1.25,84.26,4.36
2016-07-02,20160702,2016,7,184,27.72,29.73,26.52,12.73,4.42,85.94,3.64
2016-07-03,20160703,2016,7,185,27.76,29.97,26.58,16.67,2.48,86.72,3.4
2016-07-04,20160704,2016,7,186,28.3,31.35,26.16,21.56,0.08,80.08,5.25
2016-07-05,20160705,2016,7,187,28.04,30.79,26.38,20.15,1.77,84.99,4.65
2016-07-06,20160706,2016,7,188,28.01,29.97,26.56,19.43,1.52,85.8,3.99
2016-07-07,20160707,2016,7,189,29.24,33.64,26.74,20.19,1.28,78.9,4.61
2016-07-08,20160708,2016,7,190,28.74,31.95,26.91,22.71,1.06,81.79,4.68
2016-07-09,20160709,2016,7,191,28.6,31.17,27.04,24.43,0.51,83.15,4.92
2016-07-10,20160710,2016,7,192,28.7,31.63,26.86,19.52,0.14,78.62,3.85
2016-07-11,20160711,2016,7,193,28.75,31.94,26.88,21.52,0.24,81.09,3.75
2016-07-12,20160712,2016,7,194,28.4,30.66,26.85,20.77,0.21,82.89,4.66
2016-07-13,20160713,2016,7,195,27.96,29.71,26.98,21.33,0.17,83.94,4.48
2016-07-14,20160714,2016,7,196,27.95,29.92,26.68,18.48,5.93,83.48,4.08
2016-07-15,20160715,2016,7,197,27.57,29.27,26.66,19.42,19.55,87.21,3.64
2016-07-16,20160716,2016,7,198,27.97,30.86,26.51,16.6,13.23,84.35,4.27
2016-07-17,20160717,2016,7,199,27.64,30.02,26.43,17.14,18.98,87.04,3.56
2016-07-18,20160718,2016,7,200,27.76,29.69,26.36,11.47,11.83,85.98,3.51
2016-07-19,20160719,2016,7,201,27.96,30.49,26.54,24.03,6.38,82.63,3.97
2016-07-20,20160720,2016,7,202,28.12,30.7,26.77,23.21,2.78,84.01,3.69
2016-07-21,20160721,2016,7,203,28.29,30.91,26.66,18.44,4.97,84.55,4.39
2016-07-22,20160722,2016,7,204,28.11,29.89,27.19,18.75,6.65,86.13,3.06
2016-07-23,20160723,2016,7,205,28.16,30.56,26.87,19.66,4.6,85.44,4.14
2016-07-24,20160724,2016,7,206,28.2,31.18,26.41,23.29,0.7,80.06,4.71
2016-07-25,20160725,2016,7,207,27.95,30.12,26.63,22.62,0.28,83.52,3.67
2016-07-26,20160726,2016,7,208,28.4,30.79,26.89,23.42,0.15,81.67,4.46
2016-07-27,20160727,2016,7,209,28.48,31.72,26.33,24.61,0.16,80.83,4.44
2016-07-28,20160728,2016,7,210,28.45,31.93,25.28,24.78,0.4,79.71,3.61
2016-07-29,20160729,2016,7,211,28.22,30.05,27.09,17.55,0.37,83.16,3.92
2016-07-30,20160730,2016,7,212,27.77,29.21,26.8,15.61,1.12,85.82,4.27
2016-07-31,20160731,2016,7,213,28.22,31.34,26.68,20.08,0.92,83.11,4.68
2016-08-01,20160801,2016,8,214,28.32,31.96,26.62,21.03,2.41,83.87,3.39
2016-08-02,20160802,2016,8,215,28.04,31.35,26.56,21.45,1.56,85.73,2.52
2016-08-03,20160803,2016,8,216,27.43,30.35,25.63,15.72,4.96,86.25,2.31
2016-08-04,20160804,2016,8,217,27.41,30.4,25.5,17.38,8.05,81.41,2.19
2016-08-05,20160805,2016,8,218,28.31,31.52,26.55,22.93,4.8,82.77,3.09
2016-08-06,20160806,2016,8,219,29.11,32.89,27.03,22.98,2.88,80.41,3.89
2016-08-07,20160807,2016,8,220,28.67,31.1,27.16,21.25,5.69,83.74,3.52
2016-08-08,20160808,2016,8,221,28.88,31.75,27.54,23.2,3.13,85.87,3.52
2016-08-09,20160809,2016,8,222,28.69,30.75,27.38,23.67,1.75,85.37,4.51
2016-08-10,20160810,2016,8,223,28.48,30.66,27.34,16.88,2.23,83.91,3.84
2016-08-11,20160811,2016,8,224,28.17,30.79,26.92,19.24,2.18,83.66,3.12
2016-08-12,20160812,2016,8,225,28.01,30.03,26.71,20.86,1.79,85.41,2.69
2016-08-13,20160813,2016,8,226,28.11,30.67,26.97,23.73,1.81,85.84,3.19
2016-08-14,20160814,2016,8,227,28.78,31.92,27.0,21.17,2.3,83.02,2.95
2016-08-15,20160815,2016,8,228,28.61,31.59,26.89,24.0,2.44,82.5,3.28
2016-08-16,20160816,2016,8,229,28.36,30.48,27.11,22.78,2.33,85.12,3.81
2016-08-17,20160817,2016,8,230,28.75,32.03,26.92,24.75,1.48,80.86,5.16
2016-08-18,20160818,2016,8,231,28.79,32.2,26.79,20.23,0.7,80.18,4.51
2016-08-19,20160819,2016,8,232,28.47,31.41,26.85,22.6,0.42,81.81,4.04
2016-08-20,20160820,2016,8,233,28.87,32.34,26.69,23.6,0.42,80.34,4.14
2016-08-21,20160821,2016,8,234,29.03,32.29,27.02,24.97,0.25,81.27,3.99
2016-08-22,20160822,2016,8,235,29.0,32.37,27.33,24.31,0.27,80.0,4.75
2016-08-23,20160823,2016,8,236,28.74,32.27,27.16,21.99,0.92,81.45,4.7
2016-08-24,20160824,2016,8,237,28.74,32.54,26.83,20.87,1.06,80.14,4.27
2016-08-25,20160825,2016,8,238,27.27,28.46,26.31,18.65,6.89,87.13,3.17
2016-08-26,20160826,2016,8,239,27.51,30.56,25.85,14.72,6.28,81.29,1.35
2016-08-27,20160827,2016,8,240,27.21,29.2,25.57,21.89,9.86,81.29,1.67
2016-08-28,20160828,2016,8,241,27.74,30.27,25.97,20.67,2.58,81.29,2.07
2016-08-29,20160829,2016,8,242,28.95,32.72,26.77,21.44,6.4,81.15,2.2
2016-08-30,20160830,2016,8,243,28.69,31.87,26.96,19.59,8.98,83.58,2.18
2016-08-31,20160831,2016,8,244,27.6,30.14,26.49,22.06,27.26,84.66,2.16
2016-09-01,20160901,2016,9,245,27.87,29.35,26.42,18.42,15.61,85.39,2.31
2016-09-02,20160902,2016,9,246,27.47,29.72,26.21,15.66,27.64,84.86,2.19
2016-09-03,20160903,2016,9,247,28.58,31.6,26.68,20.4,1.39,81.92,3.73
2016-09-04,20160904,2016,9,248,28.3,30.15,26.9,20.87,1.02,83.95,4.65
2016-09-05,20160905,2016,9,249,28.21,30.83,26.82,15.76,2.79,83.49,4.35
2016-09-06,20160906,2016,9,250,28.53,30.97,26.8,22.52,3.17,84.13,3.04
2016-09-07,20160907,2016,9,251,27.1,29.42,26.02,19.32,7.09,83.69,1.6
2016-09-08,20160908,2016,9,252,28.53,31.2,26.26,24.5,2.64,80.52,1.92
2016-09-09,20160909,2016,9,253,27.93,29.42,27.26,16.49,4.47,86.38,3.42
2016-09-10,20160910,2016,9,254,27.59,29.71,26.63,12.98,8.3,87.14,2.74
2016-09-11,20160911,2016,9,255,28.02,30.85,26.12,22.53,8.33,87.93,2.78
2016-09-12,20160912,2016,9,256,28.17,29.96,27.01,7.21,4.74,85.63,2.78
2016-09-13,20160913,2016,9,257,27.66,29.06,26.91,17.8,4.85,87.51,2.71
2016-09-14,20160914,2016,9,258,28.39,30.69,27.15,17.94,4.0,84.38,3.71
2016-09-15,20160915,2016,9,259,28.22,30.64,27.0,20.9,7.64,85.37,2.51
2016-09-16,20160916,2016,9,260,27.87,30.15,25.49,24.32,5.07,85.78,2.56
2016-09-17,20160917,2016,9,261,28.89,31.66,27.32,24.9,1.77,83.02,4.18
2016-09-18,20160918,2016,9,262,28.55,30.72,27.47,23.24,4.97,85.57,3.5
2016-09-19,20160919,2016,9,263,28.29,30.34,27.29,23.39,2.03,86.17,2.39
2016-09-20,20160920,2016,9,264,28.36,31.18,27.05,21.17,1.16,85.04,2.05
2016-09-21,20160921,2016,9,265,27.69,29.07,26.79,13.42,1.7,87.52,3.51
2016-09-22,20160922,2016,9,266,27.75,29.25,26.99,17.41,1.44,86.61,2.61
2016-09-23,20160923,2016,9,267,28.37,30.08,27.28,22.36,1.42,85.06,2.98
2016-09-24,20160924,2016,9,268,28.84,31.14,27.34,20.89,1.31,84.32,3.05
2016-09-25,20160925,2016,9,269,28.43,30.02,27.43,18.97,2.48,84.53,2.3
2016-09-26,20160926,2016,9,270,28.53,30.28,27.13,23.35,1.76,82.98,3.07
2016-09-27,20160927,2016,9,271,28.78,30.84,27.37,23.25,5.74,83.96,2.89
2016-09-28,20160928,2016,9,272,28.73,30.8,27.51,22.58,13.92,84.49,4.45
2016-09-29,20160929,2016,9,273,28.57,31.07,27.18,19.33,7.25,82.67,4.65
2016-09-30,20160930,2016,9,274,28.02,29.82,27.16,19.34,11.83,85.67,3.79
2016-10-01,20161001,2016,10,275,27.22,27.95,26.63,7.34,76.34,90.81,3.78
2016-10-02,20161002,2016,10,276,26.55,27.1,26.01,5.54,68.34,89.02,5.16
2016-10-03,20161003,2016,10,277,27.25,29.6,26.09,19.47,5.03,84.21,3.75
2016-10-04,20161004,2016,10,278,27.84,30.81,25.85,18.91,1.49,82.9,2.55
2016-10-05,20161005,2016,10,279,28.7,33.78,26.54,18.16,6.1,78.07,1.47
2016-10-06,20161006,2016,10,280,27.79,29.26,26.87,19.95,8.98,88.17,2.91
2016-10-07,20161007,2016,10,281,27.97,30.02,26.85,15.56,11.3,86.3,2.42
2016-10-08,20161008,2016,10,282,27.59,29.33,26.58,16.67,9.93,86.15,2.35
2016-10-09,20161009,2016,10,283,27.25,29.54,25.6,18.49,10.39,83.06,1.52
2016-10-10,20161010,2016,10,284,26.42,29.47,25.24,16.79,8.53,87.38,1.77
2016-10-11,20161011,2016,10,285,27.34,28.82,25.75,16.01,9.71,89.03,2.35
2016-10-12,20161012,2016,10,286,27.87,30.51,26.69,7.73,17.5,85.84,2.13
2016-10-13,20161013,2016,10,287,27.83,30.01,26.28,16.19,9.06,84.38,1.98
2016-10-14,20161014,2016,10,288,28.32,30.0,27.28,18.0,9.23,87.14,3.63
2016-10-15,20161015,2016,10,289,27.98,29.22,26.99,20.31,19.65,89.97,3.8
2016-10-16,20161016,2016,10,290,27.97,29.97,26.43,9.11,14.62,86.46,1.64
2016-10-17,20161017,2016,10,291,26.45,27.2,25.84,20.16,2.34,88.75,1.19
2016-10-18,20161018,2016,10,292,27.21,28.55,26.16,12.28,1.35,83.63,1.3
2016-10-19,20161019,2016,10,293,27.22,29.56,25.78,19.18,1.41,83.07,1.26
2016-10-20,20161020,2016,10,294,28.0,30.52,26.34,18.46,0.93,82.59,2.08
2016-10-21,20161021,2016,10,295,27.9,29.03,27.24,19.76,1.92,87.6,3.02
2016-10-22,20161022,2016,10,296,28.44,30.17,27.51,17.94,3.21,87.32,3.82
2016-10-23,20161023,2016,10,297,28.81,31.71,27.43,17.98,3.15,82.11,4.37
2016-10-24,20161024,2016,10,298,28.4,30.49,27.29,18.16,3.94,83.83,4.36
2016-10-25,20161025,2016,10,299,27.37,28.14,26.86,16.14,8.91,86.15,3.66
2016-10-26,20161026,2016,10,300,27.23,28.52,25.6,13.59,6.72,85.32,2.22
2016-10-27,20161027,2016,10,301,27.16,30.04,25.25,18.71,1.76,81.98,1.48
2016-10-28,20161028,2016,10,302,27.37,29.64,25.92,17.3,0.39,80.56,1.27
2016-10-29,20161029,2016,10,303,27.13,28.77,26.27,13.96,4.59,82.02,1.14
2016-10-30,20161030,2016,10,304,27.79,29.94,26.13,18.12,14.13,83.91,1.46
2016-10-31,20161031,2016,10,305,28.19,30.14,27.16,18.4,17.13,86.46,2.67
2016-11-01,20161101,2016,11,306,27.88,29.23,27.01,13.04,11.67,84.52,2.32
2016-11-02,20161102,2016,11,307,27.29,28.81,26.17,14.69,4.2,84.64,2.35
2016-11-03,20161103,2016,11,308,27.84,29.58,26.55,18.71,9.52,84.66,3.07
2016-11-04,20161104,2016,11,309,28.06,29.45,27.03,19.86,8.9,84.35,3.55
2016-11-05,20161105,2016,11,310,27.71,29.02,27.07,13.14,9.62,88.5,2.4
2016-11-06,20161106,2016,11,311,28.03,30.68,26.8,13.57,13.52,84.08,1.79
2016-11-07,20161107,2016,11,312,28.13,30.33,26.58,5.7,20.13,81.65,1.16
2016-11-08,20161108,2016,11,313,27.76,29.89,26.54,18.52,15.25,82.03,1.11
2016-11-09,20161109,2016,11,314,28.3,30.87,26.75,18.54,14.73,84.94,3.32
2016-11-10,20161110,2016,11,315,28.16,29.21,27.41,17.02,20.0,87.52,4.12
2016-11-11,20161111,2016,11,316,28.35,30.08,27.43,12.82,11.78,86.62,3.57
2016-11-12,20161112,2016,11,317,28.13,30.69,27.02,10.05,20.59,84.15,2.21
2016-11-13,20161113,2016,11,318,28.3,30.42,26.94,16.72,17.01,83.91,1.88
2016-11-14,20161114,2016,11,319,28.34,30.6,27.08,15.79,27.21,84.65,1.92
2016-11-15,20161115,2016,11,320,27.56,28.74,26.5,13.5,44.32,86.25,2.48
2016-11-16,20161116,2016,11,321,27.37,29.65,25.83,15.87,15.04,82.06,1.6
2016-11-17,20161117,2016,11,322,27.0,28.92,25.67,16.68,2.3,83.3,1.97
2016-11-18,20161118,2016,11,323,27.97,30.28,26.74,16.71,3.18,81.63,2.98
2016-11-19,20161119,2016,11,324,27.62,29.84,26.27,10.24,10.13,83.35,1.82
2016-11-20,20161120,2016,11,325,26.38,28.59,25.24,12.24,25.29,85.86,1.33
2016-11-21,20161121,2016,11,326,26.53,27.92,25.28,18.48,8.43,86.86,2.53
2016-11-22,20161122,2016,11,327,27.52,30.46,25.76,19.83,0.39,81.93,2.21
2016-11-23,20161123,2016,11,328,28.14,31.12,26.27,18.48,0.26,81.19,2.4
2016-11-24,20161124,2016,11,329,28.2,29.3,27.4,15.07,0.53,84.87,3.7
2016-11-25,20161125,2016,11,330,27.95,29.21,27.04,9.77,0.46,85.22,2.24
2016-11-26,20161126,2016,11,331,27.3,28.47,26.42,10.99,3.87,88.53,3.29
2016-11-27,20161127,2016,11,332,27.64,30.34,26.17,13.15,3.58,83.87,2.01
2016-11-28,20161128,2016,11,333,27.19,29.14,26.14,15.52,1.65,83.52,1.7
2016-11-29,20161129,2016,11,334,27.78,29.91,26.53,17.06,6.92,84.49,3.95
2016-11-30,20161130,2016,11,335,27.61,29.56,26.52,16.03,10.65,85.18,4.47
2016-12-01,20161201,2016,12,336,27.99,30.34,26.68,19.61,1.05,80.61,3.98
2016-12-02,20161202,2016,12,337,27.65,29.42,26.56,16.31,2.74,84.95,2.83
2016-12-03,20161203,2016,12,338,27.78,30.27,26.47,15.4,6.74,86.3,1.56
2016-12-04,20161204,2016,12,339,27.94,30.48,26.36,17.91,5.77,85.68,1.92
2016-12-05,20161205,2016,12,340,28.36,31.17,26.81,19.74,1.01,82.05,4.36
2016-12-06,20161206,2016,12,341,28.07,30.36,26.34,19.81,1.14,81.45,5.08
2016-12-07,20161207,2016,12,342,28.29,30.76,26.79,19.17,2.54,83.44,5.03
2016-12-08,20161208,2016,12,343,28.02,29.75,27.0,16.85,3.73,82.64,4.31
2016-12-09,20161209,2016,12,344,27.39,28.33,26.7,15.5,7.6,88.87,5.06
2016-12-10,20161210,2016,12,345,27.46,29.19,26.34,16.01,3.91,83.15,4.4
2016-12-11,20161211,2016,12,346,27.5,28.85,26.55,15.98,2.73,86.72,5.13
2016-12-12,20161212,2016,12,347,28.08,31.08,26.3,17.84,0.07,81.84,4.68
2016-12-13,20161213,2016,12,348,28.07,30.21,26.61,17.9,0.05,84.02,4.63
2016-12-14,20161214,2016,12,349,27.97,30.27,26.7,18.69,0.02,81.5,4.82
2016-12-15,20161215,2016,12,350,27.72,30.05,26.16,18.97,0.0,82.9,5.1
2016-12-16,20161216,2016,12,351,27.49,29.34,26.51,19.38,0.01,81.78,5.79
2016-12-17,20161217,2016,12,352,27.52,30.02,25.89,19.33,0.0,81.34,5.37
2016-12-18,20161218,2016,12,353,27.4,29.8,25.66,20.29,0.0,81.48,5.6
2016-12-19,20161219,2016,12,354,26.88,29.15,25.47,21.24,0.01,80.7,6.45
2016-12-20,20161220,2016,12,355,26.63,28.91,25.19,21.27,0.0,81.69,5.91
2016-12-21,20161221,2016,12,356,26.43,28.94,24.87,20.41,0.02,81.92,4.3
2016-12-22,20161222,2016,12,357,26.54,29.74,24.52,18.97,0.08,82.99,3.6
2016-12-23,20161223,2016,12,358,26.84,30.03,25.08,19.46,0.12,84.32,4.47
2016-12-24,20161224,2016,12,359,27.04,29.69,25.63,19.91,0.15,85.02,5.22
2016-12-25,20161225,2016,12,360,26.91,28.99,25.79,18.74,0.08,85.03,5.44
2016-12-26,20161226,2016,12,361,26.72,28.92,25.38,17.42,0.05,80.53,6.71
2016-12-27,20161227,2016,12,362,26.63,29.23,25.13,18.06,0.01,80.24,5.64
2016-12-28,20161228,2016,12,363,26.46,29.21,24.95,18.96,0.02,80.95,5.55
2016-12-29,20161229,2016,12,364,26.49,29.15,24.8,21.29,0.01,83.23,5.31
2016-12-30,20161230,2016,12,365,26.57,28.84,25.12,20.3,0.15,84.98,5.32
2016-12-31,20161231,2016,12,366,26.71,28.97,25.45,19.16,0.1,84.53,5.77
2017-01-01,20170101,2017,1,1,26.89,29.82,25.32,19.65,0.0,81.78,5.71
2017-01-02,20170102,2017,1,2,26.42,29.41,24.64,21.71,0.0,81.28,5.53
2017-01-03,20170103,2017,1,3,26.15,29.48,24.01,21.8,0.0,83.08,4.25
2017-01-04,20170104,2017,1,4,26.17,29.54,24.35,21.21,0.0,83.53,4.23
2017-01-05,20170105,2017,1,5,26.56,30.22,24.59,21.18,0.01,82.31,4.6
2017-01-06,20170106,2017,1,6,26.69,29.87,24.85,16.66,0.34,85.35,4.6
2017-01-07,20170107,2017,1,7,26.68,29.14,25.26,15.65,0.71,87.14,4.35
2017-01-08,20170108,2017,1,8,25.84,26.37,25.41,14.22,0.48,89.14,5.63
2017-01-09,20170109,2017,1,9,25.91,27.46,25.01,14.54,0.06,82.2,6.5
2017-01-10,20170110,2017,1,10,26.3,28.59,25.06,18.89,0.01,76.94,6.9
2017-01-11,20170111,2017,1,11,26.01,28.76,24.12,21.2,0.0,75.08,6.17
2017-01-12,20170112,2017,1,12,26.15,28.77,24.43,21.09,0.0,78.56,6.34
2017-01-13,20170113,2017,1,13,25.93,28.1,24.68,20.8,0.0,75.75,6.98
2017-01-14,20170114,2017,1,14,25.7,28.12,24.18,21.27,0.0,74.93,6.53
2017-01-15,20170115,2017,1,15,25.68,28.62,23.74,21.84,0.0,77.79,5.54
2017-01-16,20170116,2017,1,16,25.59,28.22,23.43,22.0,0.0,79.86,5.44
2017-01-17,20170117,2017,1,17,25.86,28.7,24.07,21.88,0.0,77.53,5.67
2017-01-18,20170118,2017,1,18,25.74,28.65,23.93,22.22,0.0,79.43,5.47
2017-01-19,20170119,2017,1,19,25.78,28.8,23.59,21.61,0.0,80.64,4.83
2017-01-20,20170120,2017,1,20,26.11,29.77,23.98,20.65,0.0,79.04,4.68
2017-01-21,20170121,2017,1,21,25.64,28.77,23.84,20.54,0.03,79.59,4.12
2017-01-22,20170122,2017,1,22,25.38,28.64,23.5,20.0,0.05,81.04,2.96
2017-01-23,20170123,2017,1,23,25.43,29.04,23.09,21.78,0.01,78.75,1.93
2017-01-24,20170124,2017,1,24,25.42,28.97,22.72,22.11,0.01,77.16,2.06
2017-01-25,20170125,2017,1,25,26.11,28.78,24.03,20.03,0.0,76.68,4.84
2017-01-26,20170126,2017,1,26,27.58,31.37,25.36,21.59,0.0,75.55,5.44
2017-01-27,20170127,2017,1,27,27.39,31.24,24.77,22.14,0.0,75.92,5.54
2017-01-28,20170128,2017,1,28,26.99,30.14,24.5,22.51,0.0,75.14,5.46
2017-01-29,20170129,2017,1,29,27.21,31.02,24.78,21.74,0.0,77.48,5.23
2017-01-30,20170130,2017,1,30,27.21,30.53,25.28,21.21,0.01,79.36,5.67
2017-01-31,20170131,2017,1,31,27.04,29.55,25.63,19.51,0.06,77.79,6.81
2017-02-01,20170201,2017,2,32,26.69,28.98,25.27,21.81,0.01,78.3,6.61
2017-02-02,20170202,2017,2,33,26.93,30.16,24.92,21.82,0.01,75.75,6.02
2017-02-03,20170203,2017,2,34,26.85,29.94,24.55,22.5,0.01,80.47,5.01
2017-02-04,20170204,2017,2,35,27.08,30.24,24.62,22.05,0.04,80.26,5.81
2017-02-05,20170205,2017,2,36,27.31,30.67,25.07,23.0,0.0,77.9,6.05
2017-02-06,20170206,2017,2,37,27.64,31.72,25.06,23.0,0.0,77.02,5.5
2017-02-07,20170207,2017,2,38,27.3,30.74,25.08,22.84,0.0,78.58,5.42
2017-02-08,20170208,2017,2,39,27.4,30.91,25.08,23.01,0.0,79.04,4.64
2017-02-09,20170209,2017,2,40,27.25,30.88,24.99,19.41,0.0,79.74,5.01
2017-02-10,20170210,2017,2,41,26.77,29.25,25.23,20.68,0.0,73.78,7.61
2017-02-11,20170211,2017,2,42,26.54,29.44,24.63,24.07,0.0,72.95,7.28
2017-02-12,20170212,2017,2,43,26.72,29.72,24.77,23.35,0.0,74.21,6.5
2017-02-13,20170213,2017,2,44,26.52,30.34,24.07,21.99,0.0,75.47,4.84
2017-02-14,20170214,2017,2,45,26.39,30.29,23.93,21.85,0.01,76.42,4.72
2017-02-15,20170215,2017,2,46,26.73,31.01,24.0,21.82,0.02,76.14,4.14
2017-02-16,20170216,2017,2,47,26.46,29.72,24.59,21.45,0.01,77.8,4.56
2017-02-17,20170217,2017,2,48,26.35,29.49,24.75,23.04,0.0,77.78,4.68
2017-02-18,20170218,2017,2,49,26.84,30.82,24.12,22.79,0.0,73.34,4.89
2017-02-19,20170219,2017,2,50,26.99,30.99,24.08,23.86,0.0,69.89,5.06
2017-02-20,20170220,2017,2,51,27.07,31.22,24.76,22.84,0.0,74.5,4.72
2017-02-21,20170221,2017,2,52,26.27,29.11,24.59,23.11,0.0,75.54,4.33
2017-02-22,20170222,2017,2,53,26.1,29.38,23.99,21.92,0.0,75.77,3.53
2017-02-23,20170223,2017,2,54,26.12,29.85,23.59,24.43,0.0,73.44,2.14
2017-02-24,20170224,2017,2,55,26.9,31.52,23.3,24.98,0.0,74.28,3.01
2017-02-25,20170225,2017,2,56,27.63,31.69,25.3,23.95,0.0,75.42,4.42
2017-02-26,20170226,2017,2,57,27.53,30.66,25.75,20.81,0.0,75.22,5.74
2017-02-27,20170227,2017,2,58,27.48,30.47,25.49,19.85,0.0,72.47,6.38
2017-02-28,20170228,2017,2,59,27.91,30.89,26.0,24.45,0.0,69.9,7.03
2017-03-01,20170301,2017,3,60,27.72,30.92,25.66,24.4,0.0,71.66,6.55
2017-03-02,20170302,2017,3,61,28.03,31.47,25.61,24.47,0.0,69.54,6.45
2017-03-03,20170303,2017,3,62,27.93,31.24,25.8,22.77,0.02,70.53,6.98
2017-03-04,20170304,2017,3,63,27.35,30.03,25.87,20.46,0.0,74.8,7.05
2017-03-05,20170305,2017,3,64,27.37,30.07,25.68,22.83,0.02,74.73,7.33
2017-03-06,20170306,2017,3,65,27.74,30.96,25.75,22.8,0.0,69.61,6.86
2017-03-07,20170307,2017,3,66,27.67,30.94,25.82,18.49,0.0,71.91,6.55
2017-03-08,20170308,2017,3,67,27.68,30.35,25.93,20.31,0.01,71.36,6.8
2017-03-09,20170309,2017,3,68,27.29,30.35,25.61,22.85,0.0,70.86,6.87
2017-03-10,20170310,2017,3,69,27.42,31.11,25.07,23.95,0.01,75.47,5.19
2017-03-11,20170311,2017,3,70,27.2,30.91,25.29,21.27,0.14,79.96,5.18
2017-03-12,20170312,2017,3,71,27.13,30.22,25.34,13.25,0.33,81.11,5.03
2017-03-13,20170313,2017,3,72,27.15,29.21,25.63,22.03,0.35,81.27,4.67
2017-03-14,20170314,2017,3,73,27.37,30.82,25.72,21.77,2.13,78.74,4.51
2017-03-15,20170315,2017,3,74,27.42,30.91,25.14,17.37,0.0,72.92,6.17
2017-03-16,20170316,2017,3,75,27.43,30.26,25.6,24.1,0.0,72.66,6.5
2017-03-17,20170317,2017,3,76,27.92,31.46,25.66,24.74,0.0,70.72,6.4
2017-03-18,20170318,2017,3,77,27.49,30.91,25.49,24.96,0.0,68.29,6.55
2017-03-19,20170319,2017,3,78,27.18,30.45,25.33,22.16,0.01,70.93,5.29
2017-03-20,20170320,2017,3,79,27.33,31.36,25.18,22.24,0.02,74.85,4.65
2017-03-21,20170321,2017,3,80,27.17,30.04,25.31,22.31,0.04,74.86,5.27
2017-03-22,20170322,2017,3,81,27.78,31.8,25.66,22.74,0.06,75.05,5.0
2017-03-23,20170323,2017,3,82,26.65,28.7,25.51,10.17,0.57,77.21,5.24
2017-03-24,20170324,2017,3,83,27.4,30.94,25.3,10.85,0.39,74.89,4.79
2017-03-25,20170325,2017,3,84,27.47,30.65,25.33,19.89,1.15,77.02,3.82
2017-03-26,20170326,2017,3,85,27.78,31.26,25.85,18.18,0.77,77.77,4.22
2017-03-27,20170327,2017,3,86,27.44,30.37,25.59,19.57,0.97,78.14,4.17
2017-03-28,20170328,2017,3,87,27.68,30.83,25.64,23.01,0.2,77.43,4.41
2017-03-29,20170329,2017,3,88,27.72,30.77,25.97,18.8,1.8,76.99,4.87
2017-03-30,20170330,2017,3,89,28.03,31.46,25.86,16.05,10.31,78.93,4.35
2017-03-31,20170331,2017,3,90,27.81,30.97,25.99,17.15,16.99,82.0,4.41
2017-04-01,20170401,2017,4,91,28.37,32.04,26.05,19.83,0.08,78.12,4.91
2017-04-02,20170402,2017,4,92,28.78,32.85,26.57,23.82,0.05,78.29,5.06
2017-04-03,20170403,2017,4,93,28.5,31.99,26.34,20.6,0.02,79.56,5.07
2017-04-04,20170404,2017,4,94,28.5,32.3,26.06,24.48,0.0,78.08,4.73
2017-04-05,20170405,2017,4,95,28.95,33.4,26.1,25.33,0.07,74.89,5.38
2017-04-06,20170406,2017,4,96,28.83,32.43,26.58,25.06,0.94,74.87,5.01
2017-04-07,20170407,2017,4,97,28.17,31.26,26.54,24.19,4.93,76.02,5.78
2017-04-08,20170408,2017,4,98,27.72,30.45,26.1,17.89,0.62,74.71,6.3
2017-04-09,20170409,2017,4,99,27.65,30.6,25.99,18.04,5.95,78.13,5.65
2017-04-10,20170410,2017,4,100,27.58,30.43,25.79,21.72,12.07,76.24,5.87
2017-04-11,20170411,2017,4,101,27.73,30.55,26.0,24.09,0.07,72.17,5.54
2017-04-12,20170412,2017,4,102,28.02,31.38,26.05,22.12,0.42,73.65,5.53
2017-04-13,20170413,2017,4,103,27.56,30.03,26.21,21.92,0.24,78.67,5.83
2017-04-14,20170414,2017,4,104,27.75,30.58,26.27,18.46,1.66,80.99,5.71
2017-04-15,20170415,2017,4,105,27.74,30.63,26.18,20.6,3.03,83.25,5.22
2017-04-16,20170416,2017,4,106,28.16,31.34,26.4,22.87,0.98,81.89,5.12
2017-04-17,20170417,2017,4,107,27.69,29.85,26.28,13.47,2.14,85.1,3.47
2017-04-18,20170418,2017,4,108,27.98,30.82,26.26,21.11,2.76,83.95,3.2
2017-04-19,20170419,2017,4,109,28.26,31.13,26.41,12.83,1.96,81.89,2.54
2017-04-20,20170420,2017,4,110,27.61,29.61,26.31,8.15,3.29,82.16,2.18
2017-04-21,20170421,2017,4,111,27.95,31.26,25.9,22.26,1.16,78.97,1.81
2017-04-22,20170422,2017,4,112,28.42,32.13,26.13,24.91,0.35,78.21,2.29
2017-04-23,20170423,2017,4,113,28.6,31.33,26.56,22.29,1.81,81.86,1.87
2017-04-24,20170424,2017,4,114,28.39,31.34,26.46,16.5,0.52,83.07,2.06
2017-04-25,20170425,2017,4,115,28.32,31.36,26.58,17.31,1.31,82.83,2.81
2017-04-26,20170426,2017,4,116,28.35,30.81,26.56,19.26,3.05,83.82,2.51
2017-04-27,20170427,2017,4,117,29.1,32.6,26.88,21.32,7.19,79.97,3.14
2017-04-28,20170428,2017,4,118,29.28,33.19,27.05,24.19,0.88,77.16,4.69
2017-04-29,20170429,2017,4,119,29.61,34.11,27.02,23.88,1.86,77.43,4.18
2017-04-30,20170430,2017,4,120,29.12,32.89,26.94,20.04,3.9,79.14,4.04
2017-05-01,20170501,2017,5,121,28.35,31.08,26.64,17.39,9.41,80.39,3.17
2017-05-02,20170502,2017,5,122,28.68,32.7,26.34,21.35,6.23,79.64,2.84
2017-05-03,20170503,2017,5,123,28.89,31.81,26.62,21.71,2.22,78.72,3.63
2017-05-04,20170504,2017,5,124,28.63,32.14,26.35,21.74,2.76,81.22,3.51
2017-05-05,20170505,2017,5,125,28.56,31.03,26.84,19.36,7.94,83.15,2.46
2017-05-06,20170506,2017,5,126,27.42,28.43,26.44,12.04,15.04,87.57,2.15
2017-05-07,20170507,2017,5,127,26.88,28.91,25.95,11.53,24.89,87.35,2.85
2017-05-08,20170508,2017,5,128,27.68,29.77,26.36,16.55,3.93,84.72,3.42
2017-05-09,20170509,2017,5,129,27.59,30.12,25.77,14.91,6.22,83.9,4.25
2017-05-10,20170510,2017,5,130,28.2,31.13,26.68,17.69,6.87,82.01,3.62
2017-05-11,20170511,2017,5,131,28.38,31.89,26.74,16.7,8.21,82.45,3.7
2017-05-12,20170512,2017,5,132,28.13,30.97,26.36,13.77,3.86,79.52,2.8
2017-05-13,20170513,2017,5,133,28.11,30.72,26.3,21.81,6.7,81.92,2.4
2017-05-14,20170514,2017,5,134,28.8,31.97,26.92,21.42,7.28,82.29,2.67
2017-05-15,20170515,2017,5,135,28.35,30.62,26.9,11.12,43.52,84.48,2.11
2017-05-16,20170516,2017,5,136,27.39,28.64,26.56,18.92,98.56,89.58,2.04
2017-05-17,20170517,2017,5,137,27.69,30.38,26.22,18.11,77.65,87.66,2.66
2017-05-18,20170518,2017,5,138,28.04,29.89,26.7,18.68,104.86,88.61,4.16
2017-05-19,20170519,2017,5,139,28.85,31.55,27.34,25.44,13.65,83.8,4.43
2017-05-20,20170520,2017,5,140,28.05,29.54,27.14,18.18,15.45,86.31,4.96
2017-05-21,20170521,2017,5,141,28.14,30.1,26.69,13.49,0.9,84.2,3.86
2017-05-22,20170522,2017,5,142,27.68,28.73,26.9,21.1,0.69,88.64,3.92
2017-05-23,20170523,2017,5,143,27.93,29.64,26.87,18.39,0.58,88.1,2.81
2017-05-24,20170524,2017,5,144,28.53,31.06,26.99,22.29,0.78,86.96,2.54
2017-05-25,20170525,2017,5,145,28.65,31.22,27.25,23.14,1.28,86.72,3.34
2017-05-26,20170526,2017,5,146,28.25,31.07,27.0,19.06,1.84,85.91,3.92
2017-05-27,20170527,2017,5,147,27.94,30.4,26.18,19.21,0.64,83.37,4.04
2017-05-28,20170528,2017,5,148,27.8,30.19,26.35,24.04,1.2,83.65,3.87
2017-05-29,20170529,2017,5,149,27.44,28.84,26.62,15.72,7.76,88.95,3.84
2017-05-30,20170530,2017,5,150,27.85,29.06,26.99,19.84,3.76,87.98,2.54
2017-05-31,20170531,2017,5,151,28.23,30.35,26.76,21.58,0.63,85.81,3.38
2017-06-01,20170601,2017,6,152,28.44,31.16,26.7,20.85,0.49,83.35,3.29
2017-06-02,20170602,2017,6,153,28.66,32.09,26.92,24.72,0.22,81.95,3.72
2017-06-03,20170603,2017,6,154,28.86,32.32,26.52,23.75,0.13,81.66,4.08
2017-06-04,20170604,2017,6,155,29.24,32.86,27.02,23.62,0.55,82.3,3.56
2017-06-05,20170605,2017,6,156,28.76,31.61,27.29,16.12,2.01,84.95,2.71
2017-06-06,20170606,2017,6,157,28.83,32.26,27.12,20.58,2.33,85.03,3.04
2017-06-07,20170607,2017,6,158,28.36,30.46,27.2,15.37,2.23,86.38,2.57
2017-06-08,20170608,2017,6,159,27.87,29.97,26.3,7.6,1.76,85.08,1.84
2017-06-09,20170609,2017,6,160,27.22,28.78,26.06,15.01,3.69,86.66,1.94
2017-06-10,20170610,2017,6,161,28.41,30.6,26.78,19.39,3.82,84.17,3.94
2017-06-11,20170611,2017,6,162,28.72,31.76,27.15,20.51,2.19,82.83,5.06
2017-06-12,20170612,2017,6,163,28.06,30.58,26.76,12.9,3.69,82.85,4.64
2017-06-13,20170613,2017,6,164,26.62,27.1,26.08,14.83,24.83,88.18,3.06
2017-06-14,20170614,2017,6,165,27.92,30.32,26.38,22.24,17.1,85.02,2.57
2017-06-15,20170615,2017,6,166,28.26,30.62,26.71,11.45,23.45,85.21,2.96
2017-06-16,20170616,2017,6,167,27.91,30.21,26.93,20.03,12.21,85.67,2.68
2017-06-17,20170617,2017,6,168,27.89,29.6,26.92,15.7,15.02,86.31,2.6
2017-06-18,20170618,2017,6,169,27.84,30.08,26.78,17.05,28.5,84.95,2.46
2017-06-19,20170619,2017,6,170,27.78,30.1,26.51,21.36,18.27,85.93,2.29
2017-06-20,20170620,2017,6,171,28.68,31.05,27.11,23.54,4.2,84.44,3.65
2017-06-21,20170621,2017,6,172,27.5,28.97,26.59,15.44,3.85,85.33,2.57
2017-06-22,20170622,2017,6,173,27.78,30.05,26.45,20.01,6.29,86.14,3.05
2017-06-23,20170623,2017,6,174,28.36,31.61,26.75,21.6,2.16,81.62,4.95
2017-06-24,20170624,2017,6,175,28.28,31.35,26.3,23.4,1.36,81.02,4.49
2017-06-25,20170625,2017,6,176,28.13,30.53,26.72,17.78,32.33,85.77,3.19
2017-06-26,20170626,2017,6,177,27.67,29.38,26.7,17.82,2.8,86.3,3.3
2017-06-27,20170627,2017,6,178,27.8,29.94,26.68,21.1,4.45,85.81,3.11
2017-06-28,20170628,2017,6,179,28.1,31.03,26.3,21.83,0.66,81.79,4.94
2017-06-29,20170629,2017,6,180,27.91,30.17,26.51,22.57,1.24,84.12,4.95
2017-06-30,20170630,2017,6,181,27.98,30.26,26.74,22.66,1.97,85.81,3.18
2017-07-01,20170701,2017,7,182,28.2,30.84,26.69,24.84,1.42,86.04,3.9
2017-07-02,20170702,2017,7,183,27.98,29.75,26.71,23.02,1.85,86.96,4.53
2017-07-03,20170703,2017,7,184,27.36,28.82,26.68,17.79,2.72,88.71,2.87
2017-07-04,20170704,2017,7,185,27.85,30.08,26.58,21.96,1.18,86.75,3.4
2017-07-05,20170705,2017,7,186,28.08,30.77,26.28,22.24,1.12,85.18,4.08
2017-07-06,20170706,2017,7,187,27.8,29.2,26.88,21.23,4.2,88.06,3.57
2017-07-07,20170707,2017,7,188,28.19,31.12,26.65,23.23,1.39,83.52,4.26
2017-07-08,20170708,2017,7,189,27.74,29.33,26.61,19.14,2.02,88.14,3.96
2017-07-09,20170709,2017,7,190,27.88,29.76,26.78,18.52,2.48,87.95,3.95
2017-07-10,20170710,2017,7,191,28.09,30.33,26.73,20.15,2.92,87.24,3.17
2017-07-11,20170711,2017,7,192,27.7,29.79,26.53,14.02,6.2,87.93,2.28
2017-07-12,20170712,2017,7,193,27.54,29.58,26.11,16.92,6.85,87.22,3.0
2017-07-13,20170713,2017,7,194,27.89,30.05,26.45,23.27,2.07,86.26,3.72
2017-07-14,20170714,2017,7,195,27.79,29.94,26.71,19.01,8.04,87.3,2.94
2017-07-15,20170715,2017,7,196,27.08,28.28,26.38,17.44,35.85,89.44,2.77
2017-07-16,20170716,2017,7,197,27.76,29.89,26.59,21.59,106.39,85.73,2.57
2017-07-17,20170717,2017,7,198,28.01,29.79,26.89,18.19,22.83,86.63,3.74
2017-07-18,20170718,2017,7,199,28.48,31.22,26.82,22.32,24.84,84.77,4.81
2017-07-19,20170719,2017,7,200,28.15,30.28,27.1,16.35,38.36,87.52,3.51
2017-07-20,20170720,2017,7,201,26.52,27.02,25.49,8.34,34.91,87.14,2.6
2017-07-21,20170721,2017,7,202,27.74,30.26,26.3,24.98,9.21,84.45,4.32
2017-07-22,20170722,2017,7,203,28.15,30.22,26.69,24.07,8.32,86.39,3.8
2017-07-23,20170723,2017,7,204,28.34,30.7,27.22,19.83,11.99,87.43,2.86
2017-07-24,20170724,2017,7,205,28.42,30.72,26.97,20.72,4.87,85.39,4.69
2017-07-25,20170725,2017,7,206,28.37,30.38,27.01,19.79,2.04,86.58,4.09
2017-07-26,20170726,2017,7,207,28.28,30.32,27.19,18.21,1.97,86.64,3.43
2017-07-27,20170727,2017,7,208,27.83,29.35,26.78,20.72,1.76,88.81,3.05
2017-07-28,20170728,2017,7,209,28.33,30.68,26.96,19.48,1.91,86.92,3.4
2017-07-29,20170729,2017,7,210,28.43,30.57,27.14,15.33,3.44,87.0,2.88
2017-07-30,20170730,2017,7,211,27.74,29.1,26.82,15.58,21.38,88.86,2.2
2017-07-31,20170731,2017,7,212,26.74,27.15,26.18,15.25,108.04,91.14,2.73
2017-08-01,20170801,2017,8,213,27.43,29.85,26.0,18.18,9.49,84.22,2.12
2017-08-02,20170802,2017,8,214,28.1,30.47,26.62,22.12,1.98,83.64,4.82
2017-08-03,20170803,2017,8,215,28.48,31.44,26.87,24.09,3.46,84.59,4.09
2017-08-04,20170804,2017,8,216,28.21,30.63,27.0,19.8,5.44,86.49,3.6
2017-08-05,20170805,2017,8,217,27.85,29.62,26.74,14.75,11.29,83.91,2.16
2017-08-06,20170806,2017,8,218,28.27,31.39,26.73,23.07,2.77,84.27,3.18
2017-08-07,20170807,2017,8,219,28.68,31.15,27.26,24.93,2.78,84.63,3.41
2017-08-08,20170808,2017,8,220,28.53,30.28,27.3,22.6,3.26,86.86,2.56
2017-08-09,20170809,2017,8,221,28.47,30.35,27.56,14.21,3.57,86.26,2.4
2017-08-10,20170810,2017,8,222,27.92,29.49,26.96,20.0,4.36,87.4,4.03
2017-08-11,20170811,2017,8,223,28.0,29.81,26.99,19.45,3.85,86.32,3.22
2017-08-12,20170812,2017,8,224,28.07,30.17,26.97,16.5,3.96,84.89,2.39
2017-08-13,20170813,2017,8,225,28.14,30.04,27.22,18.61,4.61,85.94,3.34
2017-08-14,20170814,2017,8,226,28.47,31.48,26.59,23.78,1.89,81.6,4.4
2017-08-15,20170815,2017,8,227,28.54,30.84,26.9,24.19,4.04,85.31,4.04
2017-08-16,20170816,2017,8,228,27.9,29.58,27.05,15.99,4.06,87.97,4.51
2017-08-17,20170817,2017,8,229,28.0,30.56,26.74,22.44,7.04,86.31,3.88
2017-08-18,20170818,2017,8,230,28.12,29.77,27.03,21.02,7.57,88.67,2.36
2017-08-19,20170819,2017,8,231,28.06,30.59,26.76,15.61,4.25,86.81,3.58
2017-08-20,20170820,2017,8,232,27.32,29.48,26.29,19.63,43.24,81.14,1.64
2017-08-21,20170821,2017,8,233,27.9,30.7,25.83,14.29,17.45,83.06,2.61
2017-08-22,20170822,2017,8,234,28.24,31.12,26.68,22.02,6.23,85.88,3.18
2017-08-23,20170823,2017,8,235,28.18,30.61,27.07,21.74,30.69,84.5,2.2
2017-08-24,20170824,2017,8,236,28.38,30.68,27.05,16.31,34.69,85.02,2.25
2017-08-25,20170825,2017,8,237,28.27,30.25,27.05,19.67,5.45,85.9,3.71
2017-08-26,20170826,2017,8,238,28.28,30.38,27.15,21.93,2.2,85.76,4.61
2017-08-27,20170827,2017,8,239,28.05,29.9,26.87,19.21,0.58,83.97,3.98
2017-08-28,20170828,2017,8,240,28.51,30.94,26.67,13.75,11.09,82.88,2.64
2017-08-29,20170829,2017,8,241,27.93,30.79,26.36,20.53,9.6,81.77,1.35
2017-08-30,20170830,2017,8,242,28.31,29.98,27.01,12.63,12.57,85.52,2.7
2017-08-31,20170831,2017,8,243,28.21,29.89,27.12,20.88,9.08,85.8,3.42
2017-09-01,20170901,2017,9,244,28.92,31.51,27.53,24.06,6.05,84.56,3.5
2017-09-02,20170902,2017,9,245,28.67,30.59,27.39,25.27,4.63,86.13,3.51
2017-09-03,20170903,2017,9,246,28.61,30.17,27.51,22.2,1.06,85.65,2.79
2017-09-04,20170904,2017,9,247,28.43,30.46,27.36,20.5,1.93,85.76,3.13
2017-09-05,20170905,2017,9,248,28.34,30.11,27.41,21.09,1.47,86.05,3.63
2017-09-06,20170906,2017,9,249,28.21,30.29,27.11,22.1,1.33,84.67,3.41
2017-09-07,20170907,2017,9,250,28.28,31.5,26.33,18.43,12.57,80.92,2.18
2017-09-08,20170908,2017,9,251,28.01,30.07,26.5,13.87,12.65,79.79,1.5
2017-09-09,20170909,2017,9,252,26.61,27.49,25.92,15.31,9.18,85.53,1.17
2017-09-10,20170910,2017,9,253,27.21,29.17,26.12,14.27,12.65,81.48,1.41
2017-09-11,20170911,2017,9,254,27.96,30.62,26.49,20.89,2.97,82.23,2.14
2017-09-12,20170912,2017,9,255,28.46,31.2,27.37,21.73,13.96,86.56,3.88
2017-09-13,20170913,2017,9,256,28.67,30.81,27.53,13.57,2.41,85.83,2.7
2017-09-14,20170914,2017,9,257,28.5,31.27,27.12,17.08,3.12,85.9,1.79
2017-09-15,20170915,2017,9,258,28.06,30.03,26.77,23.51,11.33,86.1,1.65
2017-09-16,20170916,2017,9,259,28.88,31.47,27.03,21.63,7.68,82.1,1.81
2017-09-17,20170917,2017,9,260,28.43,29.5,27.53,11.76,4.54,85.85,2.36
2017-09-18,20170918,2017,9,261,28.69,30.94,27.39,15.97,8.35,84.73,2.53
2017-09-19,20170919,2017,9,262,28.71,30.68,27.69,21.32,3.94,83.41,3.22
2017-09-20,20170920,2017,9,263,28.47,30.67,27.34,19.8,1.34,83.2,3.0
2017-09-21,20170921,2017,9,264,28.72,31.9,26.96,19.77,2.42,80.18,2.2
2017-09-22,20170922,2017,9,265,28.64,31.51,26.96,17.2,2.76,80.25,1.93
2017-09-23,20170923,2017,9,266,27.98,29.53,26.84,15.19,42.9,83.21,1.92
2017-09-24,20170924,2017,9,267,28.32,30.37,26.98,17.93,45.25,82.57,1.35
2017-09-25,20170925,2017,9,268,28.07,29.11,26.96,17.17,96.38,87.49,1.76
2017-09-26,20170926,2017,9,269,27.53,30.22,26.04,19.55,95.3,81.25,1.81
2017-09-27,20170927,2017,9,270,27.99,30.53,25.89,20.87,11.36,84.36,1.6
2017-09-28,20170928,2017,9,271,28.8,30.04,27.8,19.41,3.29,82.02,2.31
2017-09-29,20170929,2017,9,272,28.19,30.07,27.08,11.07,6.05,83.86,1.76
2017-09-30,20170930,2017,9,273,27.9,29.67,26.62,12.96,2.4,84.11,1.56
2017-10-01,20171001,2017,10,274,27.07,28.12,26.09,11.89,6.03,80.75,0.97
2017-10-02,20171002,2017,10,275,26.77,28.03,25.76,17.91,9.1,86.98,2.15
2017-10-03,20171003,2017,10,276,28.02,29.85,26.37,17.82,4.45,83.52,3.09
2017-10-04,20171004,2017,10,277,28.22,30.13,26.87,17.55,16.49,81.41,1.85
2017-10-05,20171005,2017,10,278,26.9,27.83,26.2,14.91,12.26,87.84,2.46
2017-10-06,20171006,2017,10,279,26.28,26.92,25.54,14.17,9.48,83.3,1.43
2017-10-07,20171007,2017,10,280,27.98,31.14,25.55,24.09,0.51,80.9,2.69
2017-10-08,20171008,2017,10,281,28.63,31.34,27.33,22.63,0.4,81.84,2.52
2017-10-09,20171009,2017,10,282,28.14,30.0,27.04,16.27,1.09,84.03,2.97
2017-10-10,20171010,2017,10,283,28.25,30.81,26.71,19.04,0.87,82.05,1.86
2017-10-11,20171011,2017,10,284,27.78,29.24,26.95,16.15,1.0,86.27,2.17
2017-10-12,20171012,2017,10,285,28.1,29.65,26.89,19.61,0.98,86.57,2.69
2017-10-13,20171013,2017,10,286,28.83,30.73,27.85,21.9,0.16,84.62,3.08
2017-10-14,20171014,2017,10,287,28.64,30.2,27.43,20.46,0.08,83.21,3.96
2017-10-15,20171015,2017,10,288,28.62,30.72,27.18,17.13,0.08,83.65,3.41
2017-10-16,20171016,2017,10,289,29.09,32.0,27.63,21.27,0.18,84.46,2.38
2017-10-17,20171017,2017,10,290,29.09,30.91,27.95,22.42,1.41,86.97,1.86
2017-10-18,20171018,2017,10,291,29.05,31.67,27.57,20.04,6.99,85.82,2.01
2017-10-19,20171019,2017,10,292,28.74,30.84,27.75,19.86,5.0,86.12,2.34
2017-10-20,20171020,2017,10,293,28.76,30.6,27.58,20.0,2.35,85.65,2.59
2017-10-21,20171021,2017,10,294,28.82,31.15,27.48,18.49,2.02,84.39,3.89
2017-10-22,20171022,2017,10,295,28.8,30.89,27.29,16.98,5.07,84.55,3.18
2017-10-23,20171023,2017,10,296,28.71,31.19,27.32,14.93,3.38,82.83,2.78
2017-10-24,20171024,2017,10,297,28.38,30.23,26.95,17.34,9.94,83.23,2.23
2017-10-25,20171025,2017,10,298,28.41,30.88,26.57,17.08,3.28,78.66,1.36
2017-10-26,20171026,2017,10,299,27.75,29.18,26.55,18.07,0.95,80.92,1.18
2017-10-27,20171027,2017,10,300,27.85,29.8,26.6,19.37,7.32,85.19,2.53
2017-10-28,20171028,2017,10,301,27.7,29.98,26.19,19.33,22.82,86.12,2.19
2017-10-29,20171029,2017,10,302,26.87,29.04,25.76,12.49,9.66,85.08,1.26
2017-10-30,20171030,2017,10,303,27.39,29.89,25.35,18.83,5.65,81.52,2.04
2017-10-31,20171031,2017,10,304,28.35,31.28,26.81,19.04,3.16,80.95,3.72
2017-11-01,20171101,2017,11,305,28.57,31.19,27.03,22.77,0.59,79.94,4.65
2017-11-02,20171102,2017,11,306,28.48,30.88,27.1,20.85,0.01,79.55,5.19
2017-11-03,20171103,2017,11,307,27.86,29.4,26.94,16.84,0.39,80.68,3.89
2017-11-04,20171104,2017,11,308,27.71,29.39,26.59,17.94,0.52,81.68,2.81
2017-11-05,20171105,2017,11,309,27.55,29.06,26.56,17.2,1.32,83.66,3.19
2017-11-06,20171106,2017,11,310,27.36,28.48,26.61,17.65,1.16,84.88,2.3
2017-11-07,20171107,2017,11,311,27.77,29.44,26.76,16.69,4.71,86.62,3.22
2017-11-08,20171108,2017,11,312,27.68,29.94,26.78,13.39,5.68,86.01,3.11
2017-11-09,20171109,2017,11,313,27.45,29.03,26.22,15.36,5.96,83.11,2.05
2017-11-10,20171110,2017,11,314,27.53,30.18,25.8,16.24,14.14,80.59,1.16
2017-11-11,20171111,2017,11,315,27.71,30.02,25.93,18.27,1.08,84.5,2.49
2017-11-12,20171112,2017,11,316,28.32,30.48,27.1,19.47,2.08,85.08,3.34
2017-11-13,20171113,2017,11,317,28.37,30.18,26.86,15.27,5.39,83.82,2.28
2017-11-14,20171114,2017,11,318,26.86,27.7,26.21,5.69,7.86,90.21,2.76
2017-11-15,20171115,2017,11,319,26.1,26.62,25.5,14.62,30.2,89.4,3.93
2017-11-16,20171116,2017,11,320,26.75,29.48,25.1,19.05,9.79,85.13,3.17
2017-11-17,20171117,2017,11,321,26.64,28.29,25.77,12.35,20.81,88.28,2.74
2017-11-18,20171118,2017,11,322,26.77,28.43,25.73,13.91,7.06,85.14,2.07
2017-11-19,20171119,2017,11,323,27.22,30.02,25.46,19.5,1.53,77.79,1.65
2017-11-20,20171120,2017,11,324,27.17,29.99,25.32,19.91,0.5,80.5,1.92
2017-11-21,20171121,2017,11,325,27.36,29.49,25.8,19.39,14.1,84.54,1.85
2017-11-22,20171122,2017,11,326,27.86,30.14,26.39,14.9,1.17,84.7,2.57
2017-11-23,20171123,2017,11,327,27.96,30.13,26.94,17.6,1.33,85.79,3.43
2017-11-24,20171124,2017,11,328,28.11,30.1,26.67,16.68,1.0,83.06,3.45
2017-11-25,20171125,2017,11,329,27.77,29.48,26.63,16.81,0.07,82.12,2.6
2017-11-26,20171126,2017,11,330,27.96,29.4,26.95,19.83,2.36,86.45,3.99
2017-11-27,20171127,2017,11,331,28.16,30.05,27.29,18.69,4.78,86.55,3.24
2017-11-28,20171128,2017,11,332,28.58,31.12,27.06,15.07,0.73,82.66,3.76
2017-11-29,20171129,2017,11,333,28.45,31.4,26.62,19.94,0.12,80.77,4.49
2017-11-30,20171130,2017,11,334,28.33,30.96,26.99,18.26,1.01,81.32,4.53
2017-12-01,20171201,2017,12,335,27.9,30.06,26.73,17.09,0.5,81.87,4.64
2017-12-02,20171202,2017,12,336,27.72,29.91,26.64,18.5,0.0,80.16,4.61
2017-12-03,20171203,2017,12,337,28.08,30.39,26.68,20.61,0.01,81.6,4.83
2017-12-04,20171204,2017,12,338,28.08,30.11,26.85,18.81,0.02,82.62,5.3
2017-12-05,20171205,2017,12,339,27.97,29.44,27.25,18.08,0.05,87.03,4.69
2017-12-06,20171206,2017,12,340,28.38,31.78,26.5,18.58,0.86,83.42,4.32
2017-12-07,20171207,2017,12,341,27.92,30.3,26.66,18.27,6.45,85.41,3.85
2017-12-08,20171208,2017,12,342,27.6,29.62,26.33,12.41,10.62,85.11,3.02
2017-12-09,20171209,2017,12,343,27.84,29.94,26.44,16.12,8.06,83.18,2.35
2017-12-10,20171210,2017,12,344,27.61,29.68,26.5,17.99,2.48,85.68,3.98
2017-12-11,20171211,2017,12,345,27.35,29.55,26.07,16.76,0.24,80.72,4.72
2017-12-12,20171212,2017,12,346,27.11,30.24,25.18,18.88,0.1,78.65,3.47
2017-12-13,20171213,2017,12,347,26.74,29.39,24.67,20.84,0.16,79.85,3.46
2017-12-14,20171214,2017,12,348,27.69,30.88,25.76,21.51,0.05,77.18,4.24
2017-12-15,20171215,2017,12,349,28.0,30.88,26.05,20.88,0.03,78.54,5.33
2017-12-16,20171216,2017,12,350,27.71,30.36,25.68,21.53,0.0,76.63,5.98
2017-12-17,20171217,2017,12,351,27.88,30.73,26.13,21.67,0.0,77.82,6.0
2017-12-18,20171218,2017,12,352,27.61,30.24,25.86,21.74,0.0,77.6,6.27
2017-12-19,20171219,2017,12,353,27.76,30.58,26.13,21.61,0.0,78.8,6.03
2017-12-20,20171220,2017,12,354,27.44,29.62,25.91,20.95,0.0,79.33,5.72
2017-12-21,20171221,2017,12,355,27.34,29.95,25.73,21.09,0.0,78.21,5.6
2017-12-22,20171222,2017,12,356,27.31,29.91,25.63,21.4,0.0,81.26,5.57
2017-12-23,20171223,2017,12,357,27.17,29.68,25.49,21.1,0.0,80.18,5.76
2017-12-24,20171224,2017,12,358,27.13,29.52,25.56,20.68,0.0,80.26,6.09
2017-12-25,20171225,2017,12,359,26.83,29.02,25.61,19.34,0.0,80.02,5.9
2017-12-26,20171226,2017,12,360,26.68,28.97,25.35,19.84,0.06,79.35,6.0
2017-12-27,20171227,2017,12,361,26.84,29.46,25.36,20.39,0.23,81.33,5.43
2017-12-28,20171228,2017,12,362,26.86,29.53,25.36,19.76,0.87,82.96,4.74
2017-12-29,20171229,2017,12,363,26.72,29.26,25.47,15.05,2.93,85.39,4.44
2017-12-30,20171230,2017,12,364,26.6,29.23,25.33,17.65,1.35,84.8,4.48
2017-12-31,20171231,2017,12,365,26.58,28.75,25.55,17.77,0.89,84.12,4.98
2018-01-01,20180101,2018,1,1,26.53,28.28,25.78,16.75,0.5,87.18,4.3
2018-01-02,20180102,2018,1,2,25.96,26.91,25.22,13.52,1.97,89.91,3.1
2018-01-03,20180103,2018,1,3,26.38,28.05,25.16,14.24,0.83,87.47,2.58
2018-01-04,20180104,2018,1,4,26.41,28.63,25.09,16.76,1.19,87.69,2.04
2018-01-05,20180105,2018,1,5,26.77,28.61,25.65,18.78,0.62,87.8,3.43
2018-01-06,20180106,2018,1,6,27.19,30.25,25.42,17.6,0.36,80.29,4.35
2018-01-07,20180107,2018,1,7,27.19,30.16,25.26,17.81,0.12,79.64,4.48
2018-01-08,20180108,2018,1,8,27.48,30.78,25.37,19.68,0.12,80.06,3.83
2018-01-09,20180109,2018,1,9,27.5,30.68,25.45,17.68,0.16,78.36,4.4
2018-01-10,20180110,2018,1,10,27.4,30.72,25.6,17.74,0.34,78.38,2.97
2018-01-11,20180111,2018,1,11,27.54,31.1,25.38,16.74,0.37,78.56,3.19
2018-01-12,20180112,2018,1,12,27.63,31.01,25.84,18.09,2.31,81.47,3.81
2018-01-13,20180113,2018,1,13,27.18,29.27,25.99,16.08,2.0,82.91,4.54
2018-01-14,20180114,2018,1,14,27.29,29.67,26.04,18.68,1.17,79.09,4.96
2018-01-15,20180115,2018,1,15,27.47,30.38,25.35,20.79,0.02,76.72,4.96
2018-01-16,20180116,2018,1,16,27.57,30.24,25.69,17.68,0.02,78.75,5.05
2018-01-17,20180117,2018,1,17,27.24,29.31,25.85,19.33,0.05,81.65,5.3
2018-01-18,20180118,2018,1,18,26.91,28.3,25.92,15.89,0.09,83.16,4.87
2018-01-19,20180119,2018,1,19,26.93,28.45,25.95,18.34,0.09,82.06,5.1
2018-01-20,20180120,2018,1,20,27.96,31.37,25.5,21.4,0.02,77.08,5.26
2018-01-21,20180121,2018,1,21,27.72,30.85,25.43,20.87,0.1,77.82,5.18
2018-01-22,20180122,2018,1,22,27.82,31.39,25.55,21.9,0.17,79.27,4.81
2018-01-23,20180123,2018,1,23,27.18,29.13,26.01,19.07,0.11,81.98,4.97
2018-01-24,20180124,2018,1,24,27.52,30.79,25.57,21.81,0.0,74.9,5.57
2018-01-25,20180125,2018,1,25,27.37,30.31,25.35,22.08,0.01,76.77,5.91
2018-01-26,20180126,2018,1,26,27.69,30.81,25.59,22.0,0.0,74.62,6.34
2018-01-27,20180127,2018,1,27,27.37,30.25,25.35,22.63,0.0,72.9,6.45
2018-01-28,20180128,2018,1,28,27.67,31.58,24.73,22.85,0.0,73.46,5.56
2018-01-29,20180129,2018,1,29,27.47,31.23,24.9,22.37,0.0,76.38,5.4
2018-01-30,20180130,2018,1,30,27.13,30.23,25.11,22.47,0.0,78.72,6.16
2018-01-31,20180131,2018,1,31,27.25,30.35,25.31,22.83,0.0,77.16,6.69
2018-02-01,20180201,2018,2,32,27.12,30.42,25.11,23.18,0.0,75.19,6.55
2018-02-02,20180202,2018,2,33,26.78,30.3,24.85,22.85,0.0,73.8,6.33
2018-02-03,20180203,2018,2,34,26.34,29.41,24.37,22.83,0.0,73.65,6.11
2018-02-04,20180204,2018,2,35,26.61,30.04,24.51,23.67,0.0,73.61,5.77
2018-02-05,20180205,2018,2,36,26.34,29.42,24.4,23.34,0.0,76.24,6.16
2018-02-06,20180206,2018,2,37,26.78,30.4,24.38,23.82,0.0,74.84,6.0
2018-02-07,20180207,2018,2,38,26.77,30.29,24.55,23.51,0.0,71.08,6.63
2018-02-08,20180208,2018,2,39,26.45,30.03,23.9,24.01,0.0,74.46,6.3
2018-02-09,20180209,2018,2,40,26.76,30.13,24.48,23.7,0.0,74.02,6.3
2018-02-10,20180210,2018,2,41,26.96,30.57,24.26,23.18,0.0,73.8,5.7
2018-02-11,20180211,2018,2,42,27.03,30.75,24.38,23.54,0.0,76.45,4.95
2018-02-12,20180212,2018,2,43,26.81,30.06,24.51,23.58,0.0,73.47,6.15
2018-02-13,20180213,2018,2,44,26.44,29.36,24.37,24.51,0.0,69.19,7.63
2018-02-14,20180214,2018,2,45,26.37,29.79,24.11,24.55,0.0,71.14,7.0
2018-02-15,20180215,2018,2,46,26.44,29.52,24.59,24.05,0.0,72.25,7.27
2018-02-16,20180216,2018,2,47,26.45,30.06,24.21,23.7,0.0,73.24,6.55
2018-02-17,20180217,2018,2,48,26.36,29.6,24.17,23.79,0.0,74.06,6.23
2018-02-18,20180218,2018,2,49,26.35,29.61,24.25,24.23,0.0,73.81,6.28
2018-02-19,20180219,2018,2,50,26.38,30.0,23.78,24.65,0.0,70.66,6.5
2018-02-20,20180220,2018,2,51,26.37,30.31,23.67,25.27,0.0,70.6,6.8
2018-02-21,20180221,2018,2,52,26.35,29.71,24.03,25.11,0.0,70.86,7.34
2018-02-22,20180222,2018,2,53,26.24,29.98,23.78,25.04,0.0,71.44,6.73
2018-02-23,20180223,2018,2,54,26.13,29.85,23.88,24.86,0.01,72.59,6.21
2018-02-24,20180224,2018,2,55,25.94,29.41,23.66,24.77,0.0,75.35,5.27
2018-02-25,20180225,2018,2,56,25.97,30.14,23.11,22.19,0.0,76.47,4.93
2018-02-26,20180226,2018,2,57,26.11,30.24,23.53,23.07,0.0,76.54,5.12
2018-02-27,20180227,2018,2,58,25.9,29.3,23.91,23.3,0.0,76.12,5.34
2018-02-28,20180228,2018,2,59,25.84,28.98,23.78,24.67,0.0,75.42,4.94
2018-03-01,20180301,2018,3,60,26.52,30.95,24.03,24.71,0.0,74.45,5.06
2018-03-02,20180302,2018,3,61,26.57,30.33,24.3,24.72,0.0,73.94,5.45
2018-03-03,20180303,2018,3,62,26.18,29.43,24.19,23.22,0.0,75.13,5.28
2018-03-04,20180304,2018,3,63,25.66,28.11,24.31,18.57,0.0,76.45,4.63
2018-03-05,20180305,2018,3,64,25.8,28.4,24.22,24.09,0.0,75.38,4.55
2018-03-06,20180306,2018,3,65,26.09,28.41,24.47,20.77,0.0,76.32,5.49
2018-03-07,20180307,2018,3,66,27.44,31.13,24.79,23.79,0.0,74.6,5.19
2018-03-08,20180308,2018,3,67,27.23,29.99,25.56,21.26,0.42,80.65,5.26
2018-03-09,20180309,2018,3,68,27.47,31.1,25.59,23.14,0.13,78.94,3.77
2018-03-10,20180310,2018,3,69,28.05,32.83,25.07,24.43,0.0,76.12,4.41
2018-03-11,20180311,2018,3,70,28.37,32.83,25.4,24.24,0.04,75.23,4.04
2018-03-12,20180312,2018,3,71,28.69,34.22,25.61,23.99,0.18,74.51,3.14
2018-03-13,20180313,2018,3,72,27.57,30.7,25.73,17.72,1.03,79.89,4.04
2018-03-14,20180314,2018,3,73,27.71,31.08,25.74,21.56,1.06,77.97,4.53
2018-03-15,20180315,2018,3,74,27.56,30.79,25.7,19.49,0.27,76.64,6.23
2018-03-16,20180316,2018,3,75,27.96,31.22,26.11,22.64,2.76,74.92,5.49
2018-03-17,20180317,2018,3,76,27.98,31.7,26.02,22.42,0.0,74.03,6.11
2018-03-18,20180318,2018,3,77,27.73,30.62,25.97,20.36,0.0,75.39,5.56
2018-03-19,20180319,2018,3,78,27.22,30.01,25.63,23.28,0.0,73.77,5.66
2018-03-20,20180320,2018,3,79,27.8,31.75,25.0,24.57,0.0,70.24,4.96
2018-03-21,20180321,2018,3,80,27.45,30.62,25.37,22.88,0.0,72.79,4.96
2018-03-22,20180322,2018,3,81,27.65,30.92,25.78,21.54,0.06,78.25,5.94
2018-03-23,20180323,2018,3,82,27.24,29.25,25.96,20.06,0.15,78.73,5.83
2018-03-24,20180324,2018,3,83,27.74,31.3,25.69,21.69,0.0,69.98,6.67
2018-03-25,20180325,2018,3,84,27.76,31.4,25.4,25.98,0.0,69.16,5.95
2018-03-26,20180326,2018,3,85,27.58,31.12,25.0,25.2,0.01,72.1,6.1
2018-03-27,20180327,2018,3,86,27.57,30.64,25.66,24.98,0.18,74.0,6.52
2018-03-28,20180328,2018,3,87,27.41,30.52,25.42,25.58,0.05,73.26,6.9
2018-03-29,20180329,2018,3,88,27.84,31.83,25.54,25.65,0.0,70.76,6.18
2018-03-30,20180330,2018,3,89,27.33,30.78,25.34,24.14,0.03,73.9,6.26
2018-03-31,20180331,2018,3,90,26.46,28.88,24.96,18.04,0.32,74.55,5.53
2018-04-01,20180401,2018,4,91,26.24,28.69,24.73,17.82,0.04,76.11,5.21
2018-04-02,20180402,2018,4,92,26.68,29.16,25.01,18.87,0.06,76.85,5.11
2018-04-03,20180403,2018,4,93,27.04,29.96,25.15,18.9,0.09,78.33,5.11
2018-04-04,20180404,2018,4,94,27.06,30.19,25.16,22.76,0.08,78.45,4.68
2018-04-05,20180405,2018,4,95,27.01,30.05,25.11,17.05,0.06,77.29,4.77
2018-04-06,20180406,2018,4,96,27.19,30.33,25.42,14.68,1.5,75.46,4.09
2018-04-07,20180407,2018,4,97,27.34,30.56,25.2,17.29,0.85,74.81,3.58
2018-04-08,20180408,2018,4,98,27.91,31.8,25.26,21.64,0.23,74.51,4.16
2018-04-09,20180409,2018,4,99,28.06,31.81,25.46,21.07,0.06,74.15,4.92
2018-04-10,20180410,2018,4,100,28.24,32.06,25.79,17.94,0.14,70.98,4.91
2018-04-11,20180411,2018,4,101,27.64,30.78,25.55,14.7,2.27,77.06,4.62
2018-04-12,20180412,2018,4,102,27.48,30.67,25.69,18.37,0.24,75.92,5.23
2018-04-13,20180413,2018,4,103,27.91,31.16,25.74,23.88,0.0,72.98,5.26
2018-04-14,20180414,2018,4,104,27.97,31.41,25.62,24.39,0.08,74.21,4.55
2018-04-15,20180415,2018,4,105,28.46,32.42,25.52,22.29,0.19,74.57,4.54
2018-04-16,20180416,2018,4,106,28.02,31.52,25.81,22.67,1.77,78.55,4.8
2018-04-17,20180417,2018,4,107,27.74,30.7,25.93,23.53,0.5,77.84,6.27
2018-04-18,20180418,2018,4,108,28.2,32.21,26.02,23.42,5.77,78.54,5.66
2018-04-19,20180419,2018,4,109,27.93,30.92,25.99,21.07,7.44,80.75,4.31
2018-04-20,20180420,2018,4,110,27.76,30.45,26.31,18.08,7.25,82.33,3.87
2018-04-21,20180421,2018,4,111,27.17,29.23,26.18,23.3,12.71,86.27,4.53
2018-04-22,20180422,2018,4,112,27.44,30.43,25.81,18.78,4.46,83.63,3.66
2018-04-23,20180423,2018,4,113,27.46,30.06,25.78,21.84,5.33,83.49,3.88
2018-04-24,20180424,2018,4,114,28.19,32.56,25.73,23.89,2.25,79.2,4.38
2018-04-25,20180425,2018,4,115,27.61,30.5,25.99,22.67,5.18,83.52,4.14
2018-04-26,20180426,2018,4,116,27.74,30.4,26.16,20.4,0.68,82.61,3.7
2018-04-27,20180427,2018,4,117,27.64,30.58,25.92,9.79,1.37,83.1,2.71
2018-04-28,20180428,2018,4,118,27.72,30.7,25.99,16.19,2.41,83.06,2.95
2018-04-29,20180429,2018,4,119,27.86,31.19,26.05,21.81,0.86,80.97,4.82
2018-04-30,20180430,2018,4,120,28.03,31.14,26.15,22.17,0.11,77.12,5.37
2018-05-01,20180501,2018,5,121,28.09,31.15,26.34,20.89,0.82,79.67,5.73
2018-05-02,20180502,2018,5,122,27.77,30.84,25.88,20.86,1.15,80.99,4.65
2018-05-03,20180503,2018,5,123,27.76,30.96,26.03,19.82,7.03,83.91,4.17
2018-05-04,20180504,2018,5,124,27.86,30.65,26.07,10.62,3.51,83.0,2.2
2018-05-05,20180505,2018,5,125,27.12,28.9,26.1,13.1,24.89,84.88,1.47
2018-05-06,20180506,2018,5,126,27.18,29.18,25.99,15.2,19.24,84.82,1.78
2018-05-07,20180507,2018,5,127,27.74,30.71,25.98,14.48,22.95,82.95,1.81
2018-05-08,20180508,2018,5,128,27.74,29.9,26.35,10.96,9.3,82.96,1.79
2018-05-09,20180509,2018,5,129,27.89,30.47,26.34,19.22,13.46,82.42,2.68
2018-05-10,20180510,2018,5,130,27.5,29.95,26.23,21.19,28.43,85.76,3.9
2018-05-11,20180511,2018,5,131,28.08,31.36,26.45,20.62,1.4,81.42,4.39
2018-05-12,20180512,2018,5,132,27.99,31.06,26.21,22.82,1.78,81.52,4.36
2018-05-13,20180513,2018,5,133,27.62,30.48,26.05,16.63,1.51,81.94,3.82
2018-05-14,20180514,2018,5,134,27.39,29.46,25.89,11.64,4.05,84.79,3.25
2018-05-15,20180515,2018,5,135,27.42,29.25,26.0,20.53,3.6,84.71,3.18
2018-05-16,20180516,2018,5,136,27.93,30.43,26.26,23.95,2.63,82.87,3.88
2018-05-17,20180517,2018,5,137,27.84,30.11,26.33,17.71,2.77,83.28,3.6
2018-05-18,20180518,2018,5,138,27.47,29.53,26.05,17.08,6.25,84.08,3.18
2018-05-19,20180519,2018,5,139,26.97,28.51,25.9,8.03,6.65,84.72,2.74
2018-05-20,20180520,2018,5,140,27.34,29.57,25.69,23.27,2.43,83.91,2.34
2018-05-21,20180521,2018,5,141,27.43,28.95,26.08,15.41,8.03,83.1,1.89
2018-05-22,20180522,2018,5,142,27.14,28.54,25.87,19.1,13.41,88.67,3.15
2018-05-23,20180523,2018,5,143,27.83,30.08,26.3,20.7,4.22,85.74,3.24
2018-05-24,20180524,2018,5,144,28.14,30.25,26.7,14.89,4.59,84.92,3.23
2018-05-25,20180525,2018,5,145,28.19,30.53,26.71,22.52,4.94,84.54,2.81
2018-05-26,20180526,2018,5,146,27.82,30.02,26.34,17.34,12.31,85.62,1.62
2018-05-27,20180527,2018,5,147,27.75,30.35,26.02,18.03,22.92,85.37,2.4
2018-05-28,20180528,2018,5,148,28.2,30.47,26.67,19.24,16.14,84.09,1.6
2018-05-29,20180529,2018,5,149,28.56,31.01,26.9,23.86,3.31,83.94,3.14
2018-05-30,20180530,2018,5,150,28.72,31.38,27.28,21.64,1.53,81.13,3.28
2018-05-31,20180531,2018,5,151,28.65,32.35,26.61,24.87,0.92,79.61,4.52
2018-06-01,20180601,2018,6,152,28.28,31.3,26.63,22.36,1.68,81.56,4.17
2018-06-02,20180602,2018,6,153,27.86,29.78,26.61,22.75,2.54,85.58,3.8
2018-06-03,20180603,2018,6,154,28.13,30.49,26.84,21.54,2.93,86.25,3.66
2018-06-04,20180604,2018,6,155,28.16,30.42,26.81,22.12,5.27,85.3,3.57
2018-06-05,20180605,2018,6,156,28.16,31.06,26.5,19.22,2.76,82.98,4.23
2018-06-06,20180606,2018,6,157,27.91,30.21,26.78,21.68,1.78,86.45,3.5
2018-06-07,20180607,2018,6,158,27.98,29.95,26.7,20.99,0.94,86.59,4.12
2018-06-08,20180608,2018,6,159,28.28,30.7,26.55,20.82,3.53,83.08,4.6
2018-06-09,20180609,2018,6,160,28.04,31.51,26.03,21.88,1.04,80.1,4.42
2018-06-10,20180610,2018,6,161,27.62,29.82,26.31,17.07,1.64,85.1,4.02
2018-06-11,20180611,2018,6,162,27.38,28.86,26.51,13.15,5.64,88.62,2.18
2018-06-12,20180612,2018,6,163,27.27,28.89,26.27,21.86,7.96,88.58,2.75
2018-06-13,20180613,2018,6,164,27.82,31.11,26.19,23.04,1.55,85.09,3.68
2018-06-14,20180614,2018,6,165,28.03,30.83,25.93,17.71,12.48,84.86,3.26
2018-06-15,20180615,2018,6,166,27.55,29.51,25.96,17.49,11.45,85.31,2.93
2018-06-16,20180616,2018,6,167,28.11,31.12,26.19,23.99,1.84,83.02,3.5
2018-06-17,20180617,2018,6,168,28.46,32.1,26.55,24.21,1.22,82.84,4.21
2018-06-18,20180618,2018,6,169,27.59,29.32,26.13,17.66,6.37,87.58,2.45
2018-06-19,20180619,2018,6,170,27.11,29.68,25.72,11.62,9.02,86.76,1.87
2018-06-20,20180620,2018,6,171,26.71,28.91,25.57,17.83,10.4,85.83,1.95
2018-06-21,20180621,2018,6,172,27.51,29.83,25.61,20.18,8.6,85.12,2.32
2018-06-22,20180622,2018,6,173,27.68,29.68,26.44,21.25,7.44,86.32,3.68
2018-06-23,20180623,2018,6,174,27.77,29.74,26.5,24.69,2.82,86.45,4.21
2018-06-24,20180624,2018,6,175,27.86,30.26,26.15,16.87,4.7,84.1,3.38
2018-06-25,20180625,2018,6,176,27.9,30.2,26.79,16.22,5.28,84.5,3.57
2018-06-26,20180626,2018,6,177,27.73,29.85,26.54,21.66,8.26,86.06,3.61
2018-06-27,20180627,2018,6,178,27.51,29.55,26.28,17.51,5.45,86.44,4.44
2018-06-28,20180628,2018,6,179,27.14,29.21,26.02,20.07,4.43,87.02,4.15
2018-06-29,20180629,2018,6,180,27.12,29.51,25.81,19.15,4.88,84.88,4.54
2018-06-30,20180630,2018,6,181,27.16,29.36,25.66,22.13,10.68,86.06,4.25
2018-07-01,20180701,2018,7,182,27.07,29.65,25.53,18.96,14.79,86.09,4.58
2018-07-02,20180702,2018,7,183,26.98,29.62,25.6,22.62,31.49,87.15,3.79
2018-07-03,20180703,2018,7,184,27.26,29.48,25.62,18.05,36.43,87.91,3.03
2018-07-04,20180704,2018,7,185,27.71,30.85,25.95,24.53,8.89,85.9,4.12
2018-07-05,20180705,2018,7,186,27.96,30.17,26.4,22.43,0.85,85.74,4.5
2018-07-06,20180706,2018,7,187,27.68,30.19,25.98,23.2,0.27,81.94,5.03
2018-07-07,20180707,2018,7,188,27.7,30.76,25.74,24.95,0.13,82.6,4.52
2018-07-08,20180708,2018,7,189,27.54,30.14,25.83,24.71,0.17,85.05,4.5
2018-07-09,20180709,2018,7,190,27.51,30.17,26.03,23.96,0.48,84.7,5.09
2018-07-10,20180710,2018,7,191,27.52,30.28,26.26,20.65,2.19,87.04,3.45
2018-07-11,20180711,2018,7,192,27.2,29.5,25.92,21.41,2.78,87.58,2.44
2018-07-12,20180712,2018,7,193,27.75,30.43,26.22,25.4,0.96,85.42,4.78
2018-07-13,20180713,2018,7,194,27.94,31.59,25.8,24.84,0.53,82.95,4.55
2018-07-14,20180714,2018,7,195,27.17,28.88,26.1,21.96,1.88,88.55,4.0
2018-07-15,20180715,2018,7,196,27.04,28.91,25.91,22.27,0.03,89.31,4.23
2018-07-16,20180716,2018,7,197,27.24,29.63,25.72,21.58,0.12,87.02,4.48
2018-07-17,20180717,2018,7,198,27.46,29.8,26.01,20.87,0.07,86.52,3.9
2018-07-18,20180718,2018,7,199,27.33,29.45,25.98,23.78,0.01,85.83,5.14
2018-07-19,20180719,2018,7,200,27.29,29.35,25.81,23.21,0.23,86.0,5.31
2018-07-20,20180720,2018,7,201,27.34,30.24,26.06,22.56,1.5,87.28,3.73
2018-07-21,20180721,2018,7,202,27.17,29.53,25.76,21.62,1.85,87.52,4.09
2018-07-22,20180722,2018,7,203,26.9,29.16,25.88,20.51,1.63,88.78,4.06
2018-07-23,20180723,2018,7,204,27.0,29.74,25.52,20.49,1.39,87.69,3.45
2018-07-24,20180724,2018,7,205,27.35,29.98,25.98,21.22,1.56,86.51,3.3
2018-07-25,20180725,2018,7,206,27.56,30.53,26.0,20.24,1.84,86.83,3.43
2018-07-26,20180726,2018,7,207,27.13,28.57,26.19,18.66,1.09,89.11,3.31
2018-07-27,20180727,2018,7,208,27.32,29.13,26.08,14.36,1.78,86.15,2.69
2018-07-28,20180728,2018,7,209,27.75,29.88,26.23,16.69,3.4,86.4,2.81
2018-07-29,20180729,2018,7,210,27.96,30.52,26.48,19.69,2.05,84.89,4.34
2018-07-30,20180730,2018,7,211,27.42,28.95,26.45,16.19,9.75,87.59,4.06
2018-07-31,20180731,2018,7,212,27.4,29.0,26.41,12.11,10.95,88.11,3.96
2018-08-01,20180801,2018,8,213,27.07,28.96,26.44,20.12,12.79,87.54,3.07
2018-08-02,20180802,2018,8,214,27.5,30.23,26.16,19.02,5.68,85.83,3.59
2018-08-03,20180803,2018,8,215,27.58,29.91,25.9,21.27,15.87,86.45,3.88
2018-08-04,20180804,2018,8,216,27.94,31.23,26.29,21.49,4.4,82.73,4.77
2018-08-05,20180805,2018,8,217,27.96,30.87,26.12,20.47,5.82,82.55,4.0
2018-08-06,20180806,2018,8,218,28.0,30.56,26.52,24.01,8.61,85.06,3.71
2018-08-07,20180807,2018,8,219,28.21,31.43,26.44,24.99,4.09,83.82,3.69
2018-08-08,20180808,2018,8,220,28.48,31.89,26.51,22.72,4.12,83.87,3.99
2018-08-09,20180809,2018,8,221,28.09,31.07,26.51,24.06,0.46,83.63,4.7
2018-08-10,20180810,2018,8,222,26.83,27.78,26.16,22.77,0.39,86.58,2.89
2018-08-11,20180811,2018,8,223,27.68,30.08,26.03,25.39,0.32,86.29,3.65
2018-08-12,20180812,2018,8,224,28.01,31.06,26.36,24.92,0.24,84.12,4.2
2018-08-13,20180813,2018,8,225,27.54,29.87,26.2,22.27,0.14,84.77,4.6
2018-08-14,20180814,2018,8,226,27.1,29.87,25.59,14.79,9.3,83.51,4.0
2018-08-15,20180815,2018,8,227,26.5,27.3,25.5,11.27,6.25,86.19,3.52
2018-08-16,20180816,2018,8,228,28.11,32.28,25.53,25.6,0.12,81.86,3.61
2018-08-17,20180817,2018,8,229,28.3,32.31,25.96,25.32,0.11,81.39,4.26
2018-08-18,20180818,2018,8,230,27.98,30.89,26.46,21.53,0.36,85.26,3.62
2018-08-19,20180819,2018,8,231,27.82,31.1,26.21,21.51,0.26,84.91,3.07
2018-08-20,20180820,2018,8,232,28.06,30.9,26.58,25.51,0.49,85.98,3.5
2018-08-21,20180821,2018,8,233,28.58,32.59,26.59,21.91,0.2,82.17,3.94
2018-08-22,20180822,2018,8,234,28.04,30.97,26.6,18.96,0.35,84.73,3.64
2018-08-23,20180823,2018,8,235,27.81,30.01,26.51,20.18,4.55,86.45,2.91
2018-08-24,20180824,2018,8,236,27.8,29.92,26.45,20.02,8.72,86.31,3.34
2018-08-25,20180825,2018,8,237,27.74,29.52,26.64,23.63,4.24,87.77,4.27
2018-08-26,20180826,2018,8,238,27.86,29.78,26.78,17.31,7.4,87.34,3.9
2018-08-27,20180827,2018,8,239,26.96,27.45,26.48,21.78,7.45,89.78,2.7
2018-08-28,20180828,2018,8,240,27.99,30.77,26.46,23.11,3.12,84.79,3.98
2018-08-29,20180829,2018,8,241,27.79,29.88,26.37,20.17,1.99,84.4,4.07
2018-08-30,20180830,2018,8,242,27.4,29.21,26.38,16.02,5.03,86.37,3.38
2018-08-31,20180831,2018,8,243,27.86,29.95,26.59,23.32,4.34,86.21,2.32
2018-09-01,20180901,2018,9,244,27.79,29.65,26.72,22.69,5.56,87.25,3.14
2018-09-02,20180902,2018,9,245,28.07,30.5,26.59,22.57,2.34,84.78,4.11
2018-09-03,20180903,2018,9,246,28.21,31.45,26.36,24.66,0.56,82.15,4.08
2018-09-04,20180904,2018,9,247,27.79,29.66,26.63,14.04,5.47,85.79,2.69
2018-09-05,20180905,2018,9,248,27.12,30.04,25.65,14.75,8.8,85.51,1.63
2018-09-06,20180906,2018,9,249,26.74,28.05,25.99,19.47,14.19,88.46,1.99
2018-09-07,20180907,2018,9,250,27.19,29.75,25.78,18.78,15.29,88.02,3.17
2018-09-08,20180908,2018,9,251,27.46,29.35,26.39,20.72,10.99,85.84,2.12
2018-09-09,20180909,2018,9,252,28.07,30.55,26.31,19.51,2.08,83.53,1.55
2018-09-10,20180910,2018,9,253,28.56,31.48,26.84,24.25,2.61,83.63,3.02
2018-09-11,20180911,2018,9,254,28.54,31.53,26.71,23.32,1.12,81.83,3.31
2018-09-12,20180912,2018,9,255,28.43,31.3,26.77,21.32,1.14,81.5,3.98
2018-09-13,20180913,2018,9,256,28.06,30.23,26.95,17.8,1.5,83.03,3.77
2018-09-14,20180914,2018,9,257,28.1,30.84,26.72,18.51,1.16,82.94,3.06
2018-09-15,20180915,2018,9,258,27.21,28.74,25.87,17.98,31.66,87.38,2.64
2018-09-16,20180916,2018,9,259,27.3,29.63,25.71,14.98,16.88,82.39,1.65
2018-09-17,20180917,2018,9,260,27.81,30.32,26.02,23.84,1.89,85.15,2.63
2018-09-18,20180918,2018,9,261,28.47,31.56,26.88,20.99,1.69,84.69,2.65
2018-09-19,20180919,2018,9,262,28.62,31.05,27.16,21.89,2.31,84.92,3.8
2018-09-20,20180920,2018,9,263,28.52,30.89,27.17,22.14,1.52,85.73,3.31
2018-09-21,20180921,2018,9,264,28.72,31.2,27.19,21.42,1.21,84.74,3.49
2018-09-22,20180922,2018,9,265,27.92,29.21,27.14,15.23,7.38,86.18,2.98
2018-09-23,20180923,2018,9,266,27.6,29.27,26.77,20.67,23.93,88.19,3.32
2018-09-24,20180924,2018,9,267,27.92,29.84,26.59,17.46,11.3,86.71,2.62
2018-09-25,20180925,2018,9,268,28.49,30.75,27.02,19.79,2.93,84.77,3.59
2018-09-26,20180926,2018,9,269,28.08,29.69,26.92,17.89,1.51,85.37,3.88
2018-09-27,20180927,2018,9,270,27.45,28.63,26.73,10.69,9.33,87.21,3.0
2018-09-28,20180928,2018,9,271,27.45,28.84,26.66,17.46,16.61,87.11,3.49
2018-09-29,20180929,2018,9,272,27.87,29.58,26.63,20.91,7.16,86.14,3.2
2018-09-30,20180930,2018,9,273,27.81,29.81,26.72,21.2,6.87,85.86,2.59
2018-10-01,20181001,2018,10,274,27.8,29.82,26.66,12.79,8.87,87.42,2.69
2018-10-02,20181002,2018,10,275,27.89,30.12,26.3,16.81,38.14,82.34,2.43
2018-10-03,20181003,2018,10,276,27.56,29.83,26.25,17.27,5.62,84.98,2.42
2018-10-04,20181004,2018,10,277,27.66,30.15,26.2,13.42,5.56,81.56,2.57
2018-10-05,20181005,2018,10,278,27.65,30.02,26.13,17.15,3.32,83.75,2.7
2018-10-06,20181006,2018,10,279,27.36,28.64,26.46,15.15,6.85,87.18,2.69
2018-10-07,20181007,2018,10,280,27.35,29.79,25.97,17.61,2.23,82.7,2.14
2018-10-08,20181008,2018,10,281,27.93,30.3,26.38,18.86,7.35,82.57,1.59
2018-10-09,20181009,2018,10,282,28.12,30.48,26.73,14.14,8.81,81.94,1.8
2018-10-10,20181010,2018,10,283,27.02,28.5,26.07,16.63,6.58,86.86,1.81
2018-10-11,20181011,2018,10,284,27.13,29.48,25.56,13.49,9.59,84.33,1.82
2018-10-12,20181012,2018,10,285,26.16,27.72,24.99,16.91,18.5,85.68,1.63
2018-10-13,20181013,2018,10,286,26.62,27.9,25.4,21.09,2.29,83.05,2.3
2018-10-14,20181014,2018,10,287,27.01,29.07,25.76,18.48,0.76,78.75,1.56
2018-10-15,20181015,2018,10,288,28.11,30.94,26.32,20.83,1.1,79.99,2.74
2018-10-16,20181016,2018,10,289,28.18,30.06,27.0,20.5,1.54,83.2,2.84
2018-10-17,20181017,2018,10,290,28.15,30.52,26.94,17.89,2.18,83.82,3.82
2018-10-18,20181018,2018,10,291,28.17,30.81,26.94,19.17,13.06,84.02,3.72
2018-10-19,20181019,2018,10,292,27.73,29.0,27.01,16.49,13.79,86.51,4.75
2018-10-20,20181020,2018,10,293,27.98,30.73,26.61,18.25,11.16,82.11,4.58
2018-10-21,20181021,2018,10,294,27.4,29.04,26.63,15.3,20.41,85.07,4.17
2018-10-22,20181022,2018,10,295,27.45,29.08,26.62,18.42,9.51,85.34,4.0
2018-10-23,20181023,2018,10,296,27.59,29.64,26.61,17.61,5.43,86.18,2.87
2018-10-24,20181024,2018,10,297,27.89,29.74,26.74,18.72,5.19,85.72,2.56
2018-10-25,20181025,2018,10,298,28.13,30.57,26.93,18.42,3.59,85.56,3.38
2018-10-26,20181026,2018,10,299,27.5,28.54,26.92,16.38,7.59,88.59,3.88
2018-10-27,20181027,2018,10,300,27.87,29.79,26.75,17.82,5.77,87.54,3.31
2018-10-28,20181028,2018,10,301,27.79,29.1,27.03,18.52,7.31,88.75,4.74
2018-10-29,20181029,2018,10,302,28.0,30.78,26.69,17.08,6.58,81.46,4.63
2018-10-30,20181030,2018,10,303,27.96,30.79,26.58,15.54,0.27,81.69,4.21
2018-10-31,20181031,2018,10,304,27.99,29.8,26.89,19.21,4.61,85.54,4.21
2018-11-01,20181101,2018,11,305,27.83,29.34,26.85,19.32,8.12,89.22,3.41
2018-11-02,20181102,2018,11,306,27.15,28.31,26.25,9.6,10.14,87.21,2.15
2018-11-03,20181103,2018,11,307,27.66,30.11,26.17,14.72,5.7,80.4,3.33
2018-11-04,20181104,2018,11,308,27.75,30.86,25.77,20.52,0.61,80.5,4.19
2018-11-05,20181105,2018,11,309,27.4,29.98,26.17,19.38,5.22,83.01,3.57
2018-11-06,20181106,2018,11,310,27.51,30.4,25.91,21.72,5.27,82.59,3.28
2018-11-07,20181107,2018,11,311,27.64,30.26,26.08,22.2,2.87,83.33,3.74
2018-11-08,20181108,2018,11,312,28.08,30.79,26.71,20.54,4.0,85.08,4.15
2018-11-09,20181109,2018,11,313,28.04,30.21,26.93,18.67,7.05,86.94,3.45
2018-11-10,20181110,2018,11,314,27.97,30.24,27.11,16.62,9.24,88.03,3.41
2018-11-11,20181111,2018,11,315,28.21,30.73,26.87,21.32,0.93,84.21,4.87
2018-11-12,20181112,2018,11,316,28.21,30.64,26.93,21.16,1.48,84.75,4.89
2018-11-13,20181113,2018,11,317,28.03,30.16,26.95,18.52,4.67,87.19,4.48
2018-11-14,20181114,2018,11,318,27.47,28.93,26.78,16.76,14.47,89.09,3.58
2018-11-15,20181115,2018,11,319,27.45,29.08,26.54,18.84,6.43,89.8,3.05
2018-11-16,20181116,2018,11,320,28.01,30.45,26.63,19.3,2.61,87.49,3.3
2018-11-17,20181117,2018,11,321,27.97,29.99,26.96,20.45,0.02,86.66,4.82
2018-11-18,20181118,2018,11,322,28.06,30.41,26.82,20.26,0.04,85.53,4.78
2018-11-19,20181119,2018,11,323,27.86,30.49,26.73,18.3,0.05,84.64,4.73
2018-11-20,20181120,2018,11,324,27.35,29.13,26.24,19.32,0.33,87.57,4.71
2018-11-21,20181121,2018,11,325,27.5,29.5,26.56,17.18,0.42,86.82,4.95
2018-11-22,20181122,2018,11,326,27.27,29.58,26.03,15.41,0.63,85.01,4.58
2018-11-23,20181123,2018,11,327,27.67,31.07,25.99,20.64,0.11,81.7,4.17
2018-11-24,20181124,2018,11,328,27.43,30.45,25.88,21.27,0.04,82.72,4.17
2018-11-25,20181125,2018,11,329,27.49,30.05,25.92,20.99,0.04,83.21,4.8
2018-11-26,20181126,2018,11,330,27.82,30.74,26.18,20.63,2.37,82.78,4.94
2018-11-27,20181127,2018,11,331,27.57,30.35,26.29,12.99,24.76,85.43,3.68
2018-11-28,20181128,2018,11,332,27.3,30.24,25.68,17.98,1.59,82.07,3.94
2018-11-29,20181129,2018,11,333,27.18,29.54,26.04,19.24,3.25,82.89,4.71
2018-11-30,20181130,2018,11,334,27.22,30.26,25.31,20.7,0.01,79.12,4.75
2018-12-01,20181201,2018,12,335,27.37,30.76,25.08,21.74,0.04,79.76,4.23
2018-12-02,20181202,2018,12,336,27.47,30.95,25.23,21.27,0.0,80.2,4.17
2018-12-03,20181203,2018,12,337,27.3,30.69,25.3,21.61,0.0,79.28,4.48
2018-12-04,20181204,2018,12,338,27.21,30.83,25.08,21.13,0.0,79.07,4.73
2018-12-05,20181205,2018,12,339,26.9,29.51,25.24,21.09,0.0,80.17,4.95
2018-12-06,20181206,2018,12,340,27.1,29.93,25.41,20.72,0.03,80.3,4.75
2018-12-07,20181207,2018,12,341,26.91,29.39,24.96,21.51,0.0,78.23,5.44
2018-12-08,20181208,2018,12,342,27.12,30.67,24.73,21.57,0.0,79.56,4.6
2018-12-09,20181209,2018,12,343,27.17,30.77,24.95,21.41,0.0,81.63,4.39
2018-12-10,20181210,2018,12,344,26.91,30.29,24.69,21.3,0.0,80.45,4.42
2018-12-11,20181211,2018,12,345,26.79,29.59,24.98,20.46,0.0,82.1,4.67
2018-12-12,20181212,2018,12,346,27.0,29.62,25.54,20.77,0.01,82.71,5.44
2018-12-13,20181213,2018,12,347,27.25,30.32,25.28,20.75,0.05,83.08,4.44
2018-12-14,20181214,2018,12,348,27.36,30.85,25.41,19.84,0.03,80.46,4.39
2018-12-15,20181215,2018,12,349,27.23,30.77,25.16,20.05,0.0,79.89,4.49
2018-12-16,20181216,2018,12,350,26.56,29.38,24.73,21.21,0.0,80.37,5.22
2018-12-17,20181217,2018,12,351,26.52,29.72,24.29,21.13,0.0,81.72,4.87
2018-12-18,20181218,2018,12,352,26.59,29.56,24.59,20.75,0.0,81.21,4.98
2018-12-19,20181219,2018,12,353,26.61,30.14,24.5,20.52,0.0,80.5,4.61
2018-12-20,20181220,2018,12,354,27.05,31.07,24.87,18.88,0.01,83.0,3.07
2018-12-21,20181221,2018,12,355,26.69,29.0,25.32,16.56,0.05,86.99,3.62
2018-12-22,20181222,2018,12,356,26.77,29.58,25.17,20.77,0.0,79.03,5.86
2018-12-23,20181223,2018,12,357,26.8,30.05,24.9,21.59,0.0,79.02,5.88
2018-12-24,20181224,2018,12,358,26.61,29.95,24.64,21.89,0.0,78.42,5.48
2018-12-25,20181225,2018,12,359,26.3,29.56,24.24,21.66,0.0,77.85,5.72
2018-12-26,20181226,2018,12,360,26.32,29.33,24.38,21.29,0.0,76.75,5.97
2018-12-27,20181227,2018,12,361,26.44,30.71,23.67,21.68,0.0,76.38,5.32
2018-12-28,20181228,2018,12,362,26.66,30.33,24.32,21.73,0.0,76.02,5.81
2018-12-29,20181229,2018,12,363,26.69,30.93,24.24,21.63,0.0,74.47,5.89
2018-12-30,20181230,2018,12,364,26.26,29.97,23.45,22.1,0.0,75.86,5.65
2018-12-31,20181231,2018,12,365,26.19,29.84,23.52,21.83,0.0,77.01,5.81
2019-01-01,20190101,2019,1,1,26.27,30.19,23.66,21.94,0.0,75.01,6.35
2019-01-02,20190102,2019,1,2,26.33,30.02,24.13,22.0,0.0,73.85,6.37
2019-01-03,20190103,2019,1,3,26.44,30.58,23.74,21.7,0.0,78.12,5.07
2019-01-04,20190104,2019,1,4,26.57,31.2,23.8,21.6,0.0,79.35,4.22
2019-01-05,20190105,2019,1,5,26.27,29.79,24.02,21.44,0.0,81.6,4.91
2019-01-06,20190106,2019,1,6,26.14,29.23,24.54,20.1,0.0,81.48,5.47
2019-01-07,20190107,2019,1,7,26.46,30.28,24.28,19.36,0.0,78.65,4.88
2019-01-08,20190108,2019,1,8,26.24,29.45,24.27,18.54,0.0,79.48,5.2
2019-01-09,20190109,2019,1,9,26.17,29.47,24.0,15.02,0.0,78.05,4.68
2019-01-10,20190110,2019,1,10,25.68,28.28,24.22,18.71,0.05,79.61,4.39
2019-01-11,20190111,2019,1,11,25.79,28.45,24.01,20.21,0.39,78.34,4.55
2019-01-12,20190112,2019,1,12,26.62,30.0,24.74,20.54,0.08,76.7,5.28
2019-01-13,20190113,2019,1,13,26.84,29.92,24.9,20.96,0.05,75.79,5.64
2019-01-14,20190114,2019,1,14,26.88,30.07,24.87,21.85,0.02,73.7,5.64
2019-01-15,20190115,2019,1,15,26.53,29.48,24.14,21.17,0.0,74.77,5.74
2019-01-16,20190116,2019,1,16,26.46,29.5,24.72,21.38,0.0,75.34,5.9
2019-01-17,20190117,2019,1,17,26.53,29.76,24.83,21.18,0.0,78.54,5.84
2019-01-18,20190118,2019,1,18,26.47,29.38,24.58,21.22,0.0,79.59,5.72
2019-01-19,20190119,2019,1,19,26.77,30.48,24.47,21.76,0.0,78.28,5.54
2019-01-20,20190120,2019,1,20,26.68,30.75,24.22,21.86,0.0,77.7,5.01
2019-01-21,20190121,2019,1,21,26.33,29.13,24.5,21.61,0.12,77.76,6.67
2019-01-22,20190122,2019,1,22,26.58,29.87,24.51,22.01,0.39,75.63,6.81
2019-01-23,20190123,2019,1,23,26.88,30.87,24.27,22.53,0.24,73.8,6.11
2019-01-24,20190124,2019,1,24,26.9,31.25,24.05,22.46,0.09,76.7,4.66
2019-01-25,20190125,2019,1,25,26.75,30.78,23.87,21.94,0.4,77.44,4.96
2019-01-26,20190126,2019,1,26,26.57,30.72,24.01,21.41,0.0,76.96,5.14
2019-01-27,20190127,2019,1,27,26.8,30.63,24.36,21.27,0.0,78.38,3.91
2019-01-28,20190128,2019,1,28,26.84,30.64,24.58,18.85,0.0,78.94,4.09
2019-01-29,20190129,2019,1,29,26.59,30.25,24.12,22.17,0.0,76.65,4.73
2019-01-30,20190130,2019,1,30,26.5,29.66,24.81,21.3,0.0,76.17,5.79
2019-01-31,20190131,2019,1,31,26.76,29.8,24.89,20.08,0.0,73.99,5.91
2019-02-01,20190201,2019,2,32,27.05,30.67,24.63,21.07,0.0,73.77,5.26
2019-02-02,20190202,2019,2,33,26.6,29.49,24.68,20.87,0.0,73.67,5.28
2019-02-03,20190203,2019,2,34,26.71,30.19,24.57,22.53,0.0,72.63,5.56
2019-02-04,20190204,2019,2,35,26.81,30.29,24.3,22.4,0.0,75.07,5.18
2019-02-05,20190205,2019,2,36,26.74,29.95,24.94,21.77,0.0,75.64,5.79
2019-02-06,20190206,2019,2,37,26.82,30.21,24.86,21.83,0.0,74.84,6.05
2019-02-07,20190207,2019,2,38,26.95,30.08,25.12,22.29,0.0,76.67,6.45
2019-02-08,20190208,2019,2,39,26.81,29.96,24.82,22.66,0.0,73.66,6.48
2019-02-09,20190209,2019,2,40,26.52,29.25,24.74,22.63,0.0,72.46,6.88
2019-02-10,20190210,2019,2,41,26.82,29.83,24.6,23.07,0.0,70.18,6.46
2019-02-11,20190211,2019,2,42,27.1,31.19,24.3,22.85,0.0,70.99,5.44
2019-02-12,20190212,2019,2,43,27.03,31.12,24.18,20.07,0.0,74.61,4.73
2019-02-13,20190213,2019,2,44,27.12,31.62,24.45,21.62,0.0,77.86,3.49
2019-02-14,20190214,2019,2,45,26.97,30.69,24.84,20.21,0.04,80.44,4.08
2019-02-15,20190215,2019,2,46,26.52,29.64,24.87,19.09,0.25,82.61,4.34
2019-02-16,20190216,2019,2,47,27.03,31.08,24.86,20.39,0.74,81.95,3.97
2019-02-17,20190217,2019,2,48,27.77,32.05,25.46,22.68,1.66,78.99,4.92
2019-02-18,20190218,2019,2,49,27.91,31.93,25.56,21.34,0.04,72.55,5.55
2019-02-19,20190219,2019,2,50,27.63,30.94,25.61,22.08,0.02,72.16,6.08
2019-02-20,20190220,2019,2,51,27.58,31.35,25.45,18.16,0.0,74.93,5.35
2019-02-21,20190221,2019,2,52,27.54,31.25,24.95,23.07,0.0,74.15,5.27
2019-02-22,20190222,2019,2,53,27.62,31.37,25.24,21.95,0.0,73.44,5.58
2019-02-23,20190223,2019,2,54,27.83,31.49,25.68,19.33,0.0,72.7,5.28
2019-02-24,20190224,2019,2,55,27.49,30.99,25.56,22.58,0.0,70.88,6.0
2019-02-25,20190225,2019,2,56,26.98,30.48,24.51,24.63,0.0,70.1,6.93
2019-02-26,20190226,2019,2,57,27.02,30.76,24.58,24.16,0.0,70.64,6.6
2019-02-27,20190227,2019,2,58,26.7,30.84,23.97,23.49,0.0,72.95,5.44
2019-02-28,20190228,2019,2,59,26.95,31.53,23.95,21.81,0.0,73.25,4.91
2019-03-01,20190301,2019,3,60,26.81,31.08,24.23,21.06,0.0,77.26,4.4
2019-03-02,20190302,2019,3,61,26.47,30.34,24.45,17.74,0.0,77.37,4.7
2019-03-03,20190303,2019,3,62,26.93,31.12,24.76,20.44,0.0,75.26,5.02
2019-03-04,20190304,2019,3,63,26.88,31.04,24.47,17.97,0.0,77.03,4.64
2019-03-05,20190305,2019,3,64,26.76,30.38,24.5,21.06,0.0,77.8,5.57
2019-03-06,20190306,2019,3,65,26.66,29.18,24.96,20.85,0.0,78.35,6.66
2019-03-07,20190307,2019,3,66,26.72,29.61,24.86,22.38,0.0,75.53,6.99
2019-03-08,20190308,2019,3,67,27.09,30.43,25.08,23.67,0.0,75.31,6.62
2019-03-09,20190309,2019,3,68,27.17,30.83,24.99,24.33,0.0,76.78,6.11
2019-03-10,20190310,2019,3,69,27.47,31.06,24.94,23.01,0.0,74.98,6.02
2019-03-11,20190311,2019,3,70,27.21,30.29,25.48,23.06,0.0,73.02,6.6
2019-03-12,20190312,2019,3,71,26.6,29.71,24.7,24.41,0.0,74.58,6.38
2019-03-13,20190313,2019,3,72,26.36,29.65,24.11,25.3,0.0,75.5,6.22
2019-03-14,20190314,2019,3,73,26.91,30.79,24.46,23.8,0.0,76.9,5.74
2019-03-15,20190315,2019,3,74,26.84,30.54,24.79,22.15,0.0,78.92,5.94
2019-03-16,20190316,2019,3,75,27.06,30.58,24.97,23.7,0.0,75.53,6.24
2019-03-17,20190317,2019,3,76,27.08,30.78,24.7,23.85,0.0,74.56,6.17
2019-03-18,20190318,2019,3,77,27.19,31.3,24.8,22.71,0.0,75.67,5.9
2019-03-19,20190319,2019,3,78,27.5,31.9,25.04,20.44,0.0,74.83,4.82
2019-03-20,20190320,2019,3,79,26.69,29.93,24.68,19.28,0.02,79.29,5.19
2019-03-21,20190321,2019,3,80,26.6,30.08,24.68,22.84,0.0,76.94,5.72
2019-03-22,20190322,2019,3,81,26.26,28.83,24.74,17.35,0.0,78.16,5.56
2019-03-23,20190323,2019,3,82,27.32,31.06,25.08,21.95,0.0,76.99,5.17
2019-03-24,20190324,2019,3,83,27.68,31.55,25.31,21.93,0.0,76.21,5.49
2019-03-25,20190325,2019,3,84,27.49,31.25,25.1,23.44,0.0,74.82,5.44
2019-03-26,20190326,2019,3,85,27.28,30.84,25.35,22.84,0.0,76.52,5.7
2019-03-27,20190327,2019,3,86,27.04,30.25,25.42,21.09,0.0,76.46,6.03
2019-03-28,20190328,2019,3,87,27.14,30.31,25.42,21.1,0.01,77.17,5.17
2019-03-29,20190329,2019,3,88,27.08,29.92,25.8,13.43,0.01,79.86,4.98
2019-03-30,20190330,2019,3,89,27.41,30.56,25.59,19.37,0.04,80.92,4.88
2019-03-31,20190331,2019,3,90,27.84,31.2,25.88,20.28,0.03,81.07,5.01
2019-04-01,20190401,2019,4,91,27.5,29.98,25.94,13.96,0.14,80.59,5.57
2019-04-02,20190402,2019,4,92,27.79,30.82,25.86,16.46,0.0,72.65,5.68
2019-04-03,20190403,2019,4,93,28.05,31.21,26.08,23.82,0.0,69.97,6.6
2019-04-04,20190404,2019,4,94,28.04,31.38,25.87,25.84,0.0,71.1,6.07
2019-04-05,20190405,2019,4,95,28.17,31.88,26.01,24.77,0.02,71.24,5.47
2019-04-06,20190406,2019,4,96,28.12,32.4,25.43,23.63,0.0,71.05,5.14
2019-04-07,20190407,2019,4,97,28.3,32.69,25.57,23.72,0.0,74.32,4.93
2019-04-08,20190408,2019,4,98,28.04,32.08,25.7,22.23,0.0,74.81,4.82
2019-04-09,20190409,2019,4,99,28.43,32.03,25.94,21.12,0.0,74.83,4.17
2019-04-10,20190410,2019,4,100,28.05,31.37,25.91,19.13,0.07,77.26,3.43
2019-04-11,20190411,2019,4,101,28.06,32.21,25.58,18.14,0.4,78.2,3.55
2019-04-12,20190412,2019,4,102,28.36,32.2,26.13,21.23,0.12,76.15,5.1
2019-04-13,20190413,2019,4,103,28.49,32.03,26.62,21.58,0.08,75.5,5.35
2019-04-14,20190414,2019,4,104,28.63,32.14,26.68,20.62,0.17,76.86,4.51
2019-04-15,20190415,2019,4,105,28.27,31.47,26.3,19.46,0.18,77.2,4.87
2019-04-16,20190416,2019,4,106,27.83,30.29,26.29,22.66,0.68,77.25,6.21
2019-04-17,20190417,2019,4,107,28.15,31.46,26.23,23.07,2.45,75.35,5.59
2019-04-18,20190418,2019,4,108,27.88,31.41,25.85,17.11,10.74,77.14,4.94
2019-04-19,20190419,2019,4,109,28.25,31.25,26.04,22.47,1.05,77.39,4.56
2019-04-20,20190420,2019,4,110,28.35,31.79,26.12,16.28,4.45,78.44,4.25
2019-04-21,20190421,2019,4,111,27.67,30.26,25.98,19.38,0.86,80.35,5.65
2019-04-22,20190422,2019,4,112,27.32,29.52,25.93,13.36,3.13,80.42,4.62
2019-04-23,20190423,2019,4,113,27.18,29.14,25.7,20.24,0.83,78.58,4.55
2019-04-24,20190424,2019,4,114,27.8,31.62,25.43,22.2,0.01,75.29,4.34
2019-04-25,20190425,2019,4,115,28.2,31.77,26.06,21.91,0.2,78.46,4.66
2019-04-26,20190426,2019,4,116,28.32,31.48,26.21,19.73,1.19,81.32,4.08
2019-04-27,20190427,2019,4,117,28.11,31.26,26.3,21.81,5.56,83.33,4.95
2019-04-28,20190428,2019,4,118,28.66,32.77,26.18,24.18,13.83,80.33,4.6
2019-04-29,20190429,2019,4,119,28.4,31.63,26.3,22.66,1.69,80.24,4.66
2019-04-30,20190430,2019,4,120,28.88,32.93,26.46,24.4,0.81,77.2,4.6
2019-05-01,20190501,2019,5,121,29.11,33.48,26.45,23.66,0.02,75.36,4.73
2019-05-02,20190502,2019,5,122,28.49,31.93,26.29,25.32,0.01,78.02,4.67
2019-05-03,20190503,2019,5,123,28.23,31.33,26.27,22.31,0.02,80.02,4.59
2019-05-04,20190504,2019,5,124,28.07,31.11,26.42,16.07,0.04,81.7,4.17
2019-05-05,20190505,2019,5,125,27.98,30.09,26.48,21.29,0.09,82.07,4.12
2019-05-06,20190506,2019,5,126,28.4,31.89,26.32,23.66,0.53,81.17,4.46
2019-05-07,20190507,2019,5,127,28.01,30.96,26.28,20.73,1.41,83.81,3.96
2019-05-08,20190508,2019,5,128,27.52,29.75,26.13,13.7,2.56,85.94,4.06
2019-05-09,20190509,2019,5,129,27.65,29.84,26.04,13.44,2.4,85.72,3.44
2019-05-10,20190510,2019,5,130,27.39,29.56,26.02,12.42,3.19,86.37,1.97
2019-05-11,20190511,2019,5,131,26.96,28.74,25.75,14.41,2.1,87.02,3.69
2019-05-12,20190512,2019,5,132,28.16,31.07,26.24,19.96,0.79,82.58,3.0
2019-05-13,20190513,2019,5,133,28.47,30.98,26.86,21.89,1.08,83.8,3.11
2019-05-14,20190514,2019,5,134,29.51,33.85,27.27,20.31,1.09,78.98,2.52
2019-05-15,20190515,2019,5,135,28.53,31.55,26.89,17.61,2.7,81.92,2.03
2019-05-16,20190516,2019,5,136,29.16,32.67,27.0,23.5,3.59,79.18,3.18
2019-05-17,20190517,2019,5,137,28.86,31.2,27.1,21.57,1.45,80.18,3.67
2019-05-18,20190518,2019,5,138,28.43,30.83,26.73,14.34,2.13,80.66,3.84
2019-05-19,20190519,2019,5,139,28.12,30.5,26.82,11.49,6.48,83.16,3.35
2019-05-20,20190520,2019,5,140,28.28,30.84,26.64,22.84,6.95,81.87,2.96
2019-05-21,20190521,2019,5,141,28.05,30.59,26.28,9.27,5.17,81.49,2.22
2019-05-22,20190522,2019,5,142,28.21,30.85,26.5,23.54,3.44,83.68,2.42
2019-05-23,20190523,2019,5,143,28.04,29.83,26.93,13.04,3.38,85.2,4.13
2019-05-24,20190524,2019,5,144,28.09,30.64,26.66,18.83,6.93,84.18,3.15
2019-05-25,20190525,2019,5,145,28.22,30.83,26.71,11.86,7.61,81.49,3.65
2019-05-26,20190526,2019,5,146,27.55,29.08,26.89,12.37,11.2,88.18,3.77
2019-05-27,20190527,2019,5,147,28.47,31.74,26.23,21.28,7.19,80.86,3.12
2019-05-28,20190528,2019,5,148,27.42,28.98,26.51,9.28,5.81,85.78,2.83
2019-05-29,20190529,2019,5,149,27.66,29.78,26.32,20.62,6.92,86.24,2.54
2019-05-30,20190530,2019,5,150,27.5,29.26,26.75,16.22,13.85,87.47,3.03
2019-05-31,20190531,2019,5,151,27.26,28.16,26.61,17.66,30.79,90.59,2.13
2019-06-01,20190601,2019,6,152,27.81,30.53,26.32,18.36,10.79,81.88,1.94
2019-06-02,20190602,2019,6,153,27.78,29.61,26.57,19.12,6.5,84.91,3.18
2019-06-03,20190603,2019,6,154,28.65,31.68,27.11,24.68,7.75,83.05,3.25
2019-06-04,20190604,2019,6,155,28.68,31.02,27.42,23.03,10.33,86.27,2.97
2019-06-05,20190605,2019,6,156,28.98,31.04,27.64,20.78,2.56,84.86,2.58
2019-06-06,20190606,2019,6,157,28.37,31.03,26.75,10.94,10.68,84.26,1.56
2019-06-07,20190607,2019,6,158,28.36,30.68,26.61,9.96,2.16,82.53,1.25
2019-06-08,20190608,2019,6,159,28.24,30.44,26.59,22.22,1.87,85.7,2.79
2019-06-09,20190609,2019,6,160,28.55,30.81,27.4,22.94,2.41,85.97,2.88
2019-06-10,20190610,2019,6,161,28.22,30.19,27.16,15.59,6.8,86.47,3.43
2019-06-11,20190611,2019,6,162,28.39,30.9,27.01,18.16,6.97,85.18,3.22
2019-06-12,20190612,2019,6,163,28.03,30.37,26.81,22.66,0.87,84.49,3.69
2019-06-13,20190613,2019,6,164,28.52,31.9,26.51,24.35,1.1,82.18,4.23
2019-06-14,20190614,2019,6,165,28.46,32.0,26.59,24.48,1.22,82.52,4.3
2019-06-15,20190615,2019,6,166,28.35,30.66,26.76,23.87,0.0,83.79,4.48
2019-06-16,20190616,2019,6,167,28.83,32.39,26.8,24.66,0.0,82.16,3.72
2019-06-17,20190617,2019,6,168,28.73,32.12,26.58,25.05,0.21,82.71,3.85
2019-06-18,20190618,2019,6,169,29.26,33.3,26.93,23.82,0.02,80.22,4.46
2019-06-19,20190619,2019,6,170,28.68,30.84,27.34,20.11,0.05,84.43,4.02
2019-06-20,20190620,2019,6,171,28.75,31.72,27.03,20.79,0.21,84.2,3.85
2019-06-21,20190621,2019,6,172,28.07,29.64,27.19,19.49,0.31,86.02,2.34
2019-06-22,20190622,2019,6,173,28.28,30.64,26.8,14.89,0.04,84.15,4.28
2019-06-23,20190623,2019,6,174,28.07,30.67,26.54,19.45,0.04,84.03,4.06
2019-06-24,20190624,2019,6,175,27.43,29.25,26.2,12.47,0.54,86.4,2.54
2019-06-25,20190625,2019,6,176,27.88,30.33,26.32,18.25,1.91,85.37,3.05
2019-06-26,20190626,2019,6,177,28.3,31.29,26.53,25.21,0.24,81.98,4.65
2019-06-27,20190627,2019,6,178,28.1,31.15,26.09,20.72,0.09,79.22,4.77
2019-06-28,20190628,2019,6,179,27.94,30.98,26.07,22.65,0.12,81.35,4.5
2019-06-29,20190629,2019,6,180,27.93,30.88,26.01,19.69,1.54,84.33,3.56
2019-06-30,20190630,2019,6,181,27.48,29.63,26.14,19.86,1.97,86.41,4.0
2019-07-01,20190701,2019,7,182,27.33,29.45,26.1,17.76,1.55,86.93,4.21
2019-07-02,20190702,2019,7,183,27.2,29.54,25.87,18.09,2.94,88.02,3.16
2019-07-03,20190703,2019,7,184,27.6,30.99,25.64,24.3,0.41,82.99,3.97
2019-07-04,20190704,2019,7,185,27.86,31.46,25.19,25.34,0.03,77.52,5.02
2019-07-05,20190705,2019,7,186,28.22,32.14,25.6,24.75,0.72,80.6,4.01
2019-07-06,20190706,2019,7,187,28.32,31.91,26.54,21.08,2.44,82.91,3.28
2019-07-07,20190707,2019,7,188,28.22,31.45,26.64,23.23,2.14,82.56,3.95
2019-07-08,20190708,2019,7,189,27.89,31.34,26.1,18.94,13.09,84.44,3.08
2019-07-09,20190709,2019,7,190,27.46,29.44,25.8,13.34,7.86,85.65,2.03
2019-07-10,20190710,2019,7,191,28.28,31.54,26.34,23.76,0.18,83.3,3.3
2019-07-11,20190711,2019,7,192,28.3,31.5,26.27,22.16,0.03,79.99,4.77
2019-07-12,20190712,2019,7,193,28.3,31.59,25.86,25.35,0.01,77.81,4.84
2019-07-13,20190713,2019,7,194,28.56,31.72,26.19,24.1,0.18,79.54,4.74
2019-07-14,20190714,2019,7,195,28.17,30.83,26.67,21.04,5.43,84.29,3.49
2019-07-15,20190715,2019,7,196,28.2,31.76,26.36,23.02,16.05,82.81,3.74
2019-07-16,20190716,2019,7,197,28.03,31.38,26.12,23.49,13.65,84.51,3.74
2019-07-17,20190717,2019,7,198,28.15,30.91,26.52,24.52,10.96,82.04,4.85
2019-07-18,20190718,2019,7,199,28.41,31.81,26.46,24.56,8.78,81.8,4.55
2019-07-19,20190719,2019,7,200,28.08,30.56,26.75,17.59,11.48,87.04,3.6
2019-07-20,20190720,2019,7,201,28.25,31.22,26.73,24.88,0.95,85.43,3.91
2019-07-21,20190721,2019,7,202,28.42,31.84,26.46,25.71,0.14,80.98,4.57
2019-07-22,20190722,2019,7,203,28.24,32.01,26.28,24.16,0.37,81.28,4.28
2019-07-23,20190723,2019,7,204,27.44,29.97,26.24,13.61,2.25,87.35,2.43
2019-07-24,20190724,2019,7,205,27.63,30.05,26.29,15.79,3.11,87.32,2.98
2019-07-25,20190725,2019,7,206,27.51,29.36,26.46,16.15,2.71,86.48,5.07
2019-07-26,20190726,2019,7,207,27.5,29.19,26.2,22.23,3.4,85.97,3.82
2019-07-27,20190727,2019,7,208,27.71,29.58,26.42,23.19,2.5,86.1,4.09
2019-07-28,20190728,2019,7,209,27.8,30.5,25.71,25.12,0.42,83.59,4.91
2019-07-29,20190729,2019,7,210,27.85,30.55,26.01,23.11,0.91,83.34,4.36
2019-07-30,20190730,2019,7,211,27.8,30.42,26.28,20.83,2.96,86.45,3.14
2019-07-31,20190731,2019,7,212,27.94,30.67,26.04,21.75,1.27,86.26,2.48
2019-08-01,20190801,2019,8,213,28.24,30.93,26.81,21.28,2.28,87.32,2.44
2019-08-02,20190802,2019,8,214,28.36,31.62,26.61,22.8,1.03,83.7,3.19
2019-08-03,20190803,2019,8,215,27.98,30.15,26.49,17.62,0.76,85.07,3.54
2019-08-04,20190804,2019,8,216,28.24,30.73,26.8,19.19,4.34,86.4,3.02
2019-08-05,20190805,2019,8,217,28.49,31.71,26.86,20.06,2.06,85.68,3.21
2019-08-06,20190806,2019,8,218,28.6,31.6,26.94,18.1,7.44,84.34,2.06
2019-08-07,20190807,2019,8,219,28.35,32.28,26.15,18.46,3.15,78.8,1.96
2019-08-08,20190808,2019,8,220,28.81,31.89,26.79,22.4,2.42,81.68,2.14
2019-08-09,20190809,2019,8,221,28.91,31.82,27.2,18.49,1.65,83.86,3.55
2019-08-10,20190810,2019,8,222,29.44,33.03,27.5,24.03,1.56,82.14,3.72
2019-08-11,20190811,2019,8,223,29.01,31.83,27.38,23.94,0.45,81.0,4.62
2019-08-12,20190812,2019,8,224,28.86,31.68,27.23,22.18,0.73,83.4,4.02
2019-08-13,20190813,2019,8,225,28.6,30.8,27.42,19.35,2.57,86.21,3.39
2019-08-14,20190814,2019,8,226,28.38,30.57,27.33,12.89,4.78,85.46,3.48
2019-08-15,20190815,2019,8,227,28.17,30.69,26.66,17.37,20.5,85.19,2.97
2019-08-16,20190816,2019,8,228,27.45,30.21,26.17,11.67,45.31,89.21,3.25
2019-08-17,20190817,2019,8,229,27.5,28.9,26.47,18.71,8.06,87.6,2.49
2019-08-18,20190818,2019,8,230,27.94,30.1,26.48,22.26,9.47,86.94,3.99
2019-08-19,20190819,2019,8,231,28.9,32.31,27.09,23.76,5.55,83.46,3.33
2019-08-20,20190820,2019,8,232,28.83,32.19,27.01,24.82,4.44,83.97,2.94
2019-08-21,20190821,2019,8,233,28.95,32.24,27.1,19.41,6.26,82.54,3.15
2019-08-22,20190822,2019,8,234,28.98,32.91,27.0,23.74,2.04,80.93,4.24
2019-08-23,20190823,2019,8,235,28.53,30.97,27.26,22.22,3.45,85.47,3.7
2019-08-24,20190824,2019,8,236,28.82,31.96,27.12,18.35,2.54,84.75,3.02
2019-08-25,20190825,2019,8,237,28.46,30.58,27.29,24.05,2.13,86.01,3.26
2019-08-26,20190826,2019,8,238,28.62,31.18,26.97,21.84,1.79,83.9,3.88
2019-08-27,20190827,2019,8,239,28.57,30.86,27.07,25.18,1.31,83.88,4.42
2019-08-28,20190828,2019,8,240,28.21,30.94,26.79,18.84,1.07,84.16,4.15
2019-08-29,20190829,2019,8,241,28.08,30.75,26.69,21.4,1.21,85.41,2.7
2019-08-30,20190830,2019,8,242,28.43,30.97,26.94,24.76,0.66,85.13,2.37
2019-08-31,20190831,2019,8,243,28.77,31.68,27.07,23.26,1.04,85.06,3.38
2019-09-01,20190901,2019,9,244,28.61,30.61,27.18,19.64,1.63,86.33,2.65
2019-09-02,20190902,2019,9,245,28.59,30.55,27.47,17.93,3.09,86.19,2.81
2019-09-03,20190903,2019,9,246,28.24,29.2,27.51,23.65,2.57,86.6,2.11
2019-09-04,20190904,2019,9,247,28.83,31.7,27.29,21.96,2.33,84.92,3.26
2019-09-05,20190905,2019,9,248,28.64,31.26,27.26,19.54,2.89,85.44,3.75
2019-09-06,20190906,2019,9,249,28.41,30.77,27.18,23.03,2.73,84.61,3.75
2019-09-07,20190907,2019,9,250,28.27,30.19,27.17,23.84,3.09,86.91,2.94
2019-09-08,20190908,2019,9,251,28.8,31.16,27.22,20.63,1.57,81.97,1.81
2019-09-09,20190909,2019,9,252,29.27,32.3,27.52,23.67,1.99,82.23,3.12
2019-09-10,20190910,2019,9,253,29.12,32.02,27.6,24.4,1.08,81.86,4.66
2019-09-11,20190911,2019,9,254,28.96,31.39,27.65,23.54,0.91,84.48,4.13
2019-09-12,20190912,2019,9,255,28.89,31.43,27.66,18.94,2.25,85.49,3.87
2019-09-13,20190913,2019,9,256,28.51,30.42,26.71,20.01,8.38,86.8,1.99
2019-09-14,20190914,2019,9,257,28.42,30.75,26.63,19.69,22.38,84.81,1.62
2019-09-15,20190915,2019,9,258,29.1,31.68,27.54,19.34,5.03,84.68,2.56
2019-09-16,20190916,2019,9,259,28.93,31.47,27.6,21.12,4.5,82.54,3.19
2019-09-17,20190917,2019,9,260,28.82,31.48,27.46,16.9,2.5,80.61,3.24
2019-09-18,20190918,2019,9,261,28.33,30.53,27.27,17.77,6.25,84.27,2.57
2019-09-19,20190919,2019,9,262,27.78,29.91,26.52,8.67,9.99,80.38,2.36
2019-09-20,20190920,2019,9,263,28.07,30.9,26.24,22.02,3.9,75.74,1.71
2019-09-21,20190921,2019,9,264,28.07,30.74,26.57,6.07,2.74,78.9,1.37
2019-09-22,20190922,2019,9,265,27.74,29.7,26.4,21.4,5.97,81.54,2.04
2019-09-23,20190923,2019,9,266,27.85,29.95,26.65,17.37,4.11,83.4,2.14
2019-09-24,20190924,2019,9,267,28.18,30.3,26.65,20.67,2.9,79.59,1.68
2019-09-25,20190925,2019,9,268,28.11,30.74,26.52,20.24,7.07,81.0,1.81
2019-09-26,20190926,2019,9,269,28.16,30.74,26.46,14.18,4.49,78.54,1.16
2019-09-27,20190927,2019,9,270,28.76,31.6,26.75,21.16,5.15,80.93,2.7
2019-09-28,20190928,2019,9,271,29.54,32.36,28.12,21.97,5.32,81.67,3.27
2019-09-29,20190929,2019,9,272,29.28,32.12,27.94,19.81,3.86,79.45,4.69
2019-09-30,20190930,2019,9,273,28.38,30.01,27.1,15.95,15.48,84.75,2.67
2019-10-01,20191001,2019,10,274,27.97,30.46,26.64,20.84,12.33,82.12,1.77
2019-10-02,20191002,2019,10,275,27.94,30.07,26.66,16.08,22.2,84.48,2.0
2019-10-03,20191003,2019,10,276,28.23,29.77,27.23,18.32,16.4,85.55,2.83
2019-10-04,20191004,2019,10,277,28.69,31.25,27.48,20.4,20.42,83.97,3.13
2019-10-05,20191005,2019,10,278,28.69,30.52,27.4,21.37,15.54,83.45,2.32
2019-10-06,20191006,2019,10,279,28.5,30.59,26.92,18.08,15.38,82.29,2.14
2019-10-07,20191007,2019,10,280,28.39,29.47,27.52,20.52,15.82,83.93,2.5
2019-10-08,20191008,2019,10,281,28.7,30.61,27.64,19.15,10.08,84.82,3.25
2019-10-09,20191009,2019,10,282,28.27,29.71,27.21,18.03,13.6,85.27,2.24
2019-10-10,20191010,2019,10,283,28.28,30.35,27.09,15.39,11.46,81.66,2.16
2019-10-11,20191011,2019,10,284,27.41,29.58,26.42,10.33,12.67,85.88,2.18
2019-10-12,20191012,2019,10,285,27.54,29.65,26.06,15.07,14.83,83.22,1.59
2019-10-13,20191013,2019,10,286,28.02,30.43,26.21,17.77,3.45,82.56,1.7
2019-10-14,20191014,2019,10,287,28.08,29.8,27.22,14.25,1.82,83.92,2.82
2019-10-15,20191015,2019,10,288,28.6,30.88,27.42,20.76,0.51,82.3,3.48
2019-10-16,20191016,2019,10,289,28.22,29.88,27.32,16.3,1.49,84.73,3.08
2019-10-17,20191017,2019,10,290,28.21,29.68,27.35,19.33,3.62,84.47,2.75
2019-10-18,20191018,2019,10,291,28.89,31.64,27.36,19.18,5.88,81.44,3.05
2019-10-19,20191019,2019,10,292,27.45,28.72,26.76,14.56,14.21,86.11,2.6
2019-10-20,20191020,2019,10,293,28.01,30.43,26.28,19.41,4.11,78.94,1.62
2019-10-21,20191021,2019,10,294,27.95,29.52,27.19,13.5,8.36,85.14,2.61
2019-10-22,20191022,2019,10,295,27.62,29.07,26.85,16.82,8.1,83.77,2.92
2019-10-23,20191023,2019,10,296,27.61,29.08,26.81,19.83,4.29,83.8,2.36
2019-10-24,20191024,2019,10,297,27.84,29.17,26.65,15.35,11.04,83.14,1.87
2019-10-25,20191025,2019,10,298,27.44,29.62,25.89,16.92,5.7,86.01,2.63
2019-10-26,20191026,2019,10,299,28.85,31.58,27.04,17.62,3.7,80.85,2.51
2019-10-27,20191027,2019,10,300,28.58,30.45,27.52,18.22,3.92,85.04,4.32
2019-10-28,20191028,2019,10,301,28.27,30.29,27.16,19.32,6.31,84.44,3.74
2019-10-29,20191029,2019,10,302,28.29,29.79,27.12,15.01,6.23,85.67,3.7
2019-10-30,20191030,2019,10,303,28.13,29.7,27.16,17.48,5.85,85.47,3.41
2019-10-31,20191031,2019,10,304,28.26,30.23,27.12,19.0,3.23,85.66,3.36
2019-11-01,20191101,2019,11,305,28.1,29.43,27.39,18.73,2.65,85.88,4.01
2019-11-02,20191102,2019,11,306,28.18,29.68,27.36,14.48,0.22,84.88,3.7
2019-11-03,20191103,2019,11,307,28.1,29.99,27.06,18.38,0.17,82.96,4.21
2019-11-04,20191104,2019,11,308,27.94,29.26,27.09,17.64,0.36,87.36,4.06
2019-11-05,20191105,2019,11,309,28.07,29.45,27.3,16.64,0.49,87.26,3.85
2019-11-06,20191106,2019,11,310,27.83,28.99,26.96,17.7,2.09,89.27,4.31
2019-11-07,20191107,2019,11,311,28.34,30.64,26.95,18.5,3.85,87.28,4.02
2019-11-08,20191108,2019,11,312,27.93,29.88,26.65,19.06,1.43,87.85,4.03
2019-11-09,20191109,2019,11,313,27.96,29.99,26.96,16.1,6.17,88.1,4.07
2019-11-10,20191110,2019,11,314,28.04,30.55,26.98,16.49,24.0,88.91,3.57
2019-11-11,20191111,2019,11,315,27.71,29.27,26.93,17.19,3.8,88.57,3.27
2019-11-12,20191112,2019,11,316,27.53,29.24,26.56,16.98,4.44,86.69,3.56
2019-11-13,20191113,2019,11,317,27.88,30.27,26.39,14.83,8.51,85.68,2.63
2019-11-14,20191114,2019,11,318,27.7,30.09,26.72,17.17,16.2,87.16,3.22
2019-11-15,20191115,2019,11,319,27.83,30.27,26.63,17.47,3.11,84.23,3.83
2019-11-16,20191116,2019,11,320,27.82,30.35,26.61,17.31,1.09,81.57,3.49
2019-11-17,20191117,2019,11,321,27.69,30.13,26.35,19.06,1.0,82.67,3.12
2019-11-18,20191118,2019,11,322,27.3,29.32,25.75,16.32,0.31,80.22,3.06
2019-11-19,20191119,2019,11,323,27.44,29.71,26.06,18.82,0.29,79.95,3.25
2019-11-20,20191120,2019,11,324,27.71,30.4,26.0,18.5,0.05,80.47,3.23
2019-11-21,20191121,2019,11,325,27.94,30.17,26.76,19.26,0.23,81.37,3.86
2019-11-22,20191122,2019,11,326,28.03,30.33,26.58,19.6,0.4,80.17,3.65
2019-11-23,20191123,2019,11,327,28.03,30.65,26.64,18.73,0.61,80.42,3.23
2019-11-24,20191124,2019,11,328,28.05,30.83,26.7,21.57,0.24,81.29,3.72
2019-11-25,20191125,2019,11,329,28.7,32.08,26.8,21.19,0.79,80.65,3.89
2019-11-26,20191126,2019,11,330,29.02,31.88,27.47,20.47,0.63,84.39,4.65
2019-11-27,20191127,2019,11,331,28.7,30.97,27.39,21.33,0.01,85.75,5.02
2019-11-28,20191128,2019,11,332,28.18,29.65,27.29,18.47,0.02,86.95,4.98
2019-11-29,20191129,2019,11,333,27.69,29.68,26.63,13.39,0.0,83.91,4.31
2019-11-30,20191130,2019,11,334,27.63,29.78,26.45,16.65,0.0,81.09,4.12
2019-12-01,20191201,2019,12,335,28.03,31.45,26.18,21.12,0.0,79.63,4.02
2019-12-02,20191202,2019,12,336,28.18,31.12,26.33,21.08,0.05,84.26,3.88
2019-12-03,20191203,2019,12,337,27.92,29.73,26.81,19.07,0.08,87.74,3.59
2019-12-04,20191204,2019,12,338,28.25,30.68,26.85,16.59,0.08,86.14,3.46
2019-12-05,20191205,2019,12,339,28.19,30.76,26.72,19.34,0.03,83.57,4.11
2019-12-06,20191206,2019,12,340,28.12,30.38,26.73,19.58,1.28,84.16,4.74
2019-12-07,20191207,2019,12,341,27.76,30.35,26.54,18.42,2.53,83.53,4.39
2019-12-08,20191208,2019,12,342,27.16,29.16,26.01,18.97,0.3,82.09,4.38
2019-12-09,20191209,2019,12,343,27.81,30.68,26.13,20.69,0.07,79.33,5.02
2019-12-10,20191210,2019,12,344,27.81,30.88,25.93,20.62,0.26,79.5,4.74
2019-12-11,20191211,2019,12,345,27.5,29.77,25.73,18.38,0.51,79.54,5.26
2019-12-12,20191212,2019,12,346,27.35,29.74,25.77,19.31,0.04,79.82,5.13
2019-12-13,20191213,2019,12,347,27.59,30.8,25.95,20.38,0.05,80.75,3.65
2019-12-14,20191214,2019,12,348,27.52,30.51,25.75,19.71,0.05,83.23,2.69
2019-12-15,20191215,2019,12,349,27.75,30.17,26.36,18.29,0.23,84.13,3.96
2019-12-16,20191216,2019,12,350,28.11,31.02,26.58,20.02,0.32,82.03,4.57
2019-12-17,20191217,2019,12,351,28.17,31.45,26.41,19.27,0.11,81.47,4.39
2019-12-18,20191218,2019,12,352,27.69,29.96,26.37,14.9,0.75,86.45,2.94
2019-12-19,20191219,2019,12,353,27.61,29.23,26.54,18.9,0.61,86.87,3.85
2019-12-20,20191220,2019,12,354,27.76,29.78,26.47,19.18,0.26,85.76,4.5
2019-12-21,20191221,2019,12,355,27.99,30.19,26.43,17.78,0.16,83.11,5.32
2019-12-22,20191222,2019,12,356,27.7,29.38,26.62,17.83,0.02,84.85,4.3
2019-12-23,20191223,2019,12,357,28.08,31.15,26.59,17.58,0.03,85.69,3.47
2019-12-24,20191224,2019,12,358,28.24,30.95,26.86,19.24,0.02,85.26,2.66
2019-12-25,20191225,2019,12,359,27.57,29.3,26.76,12.96,0.04,88.29,2.93
2019-12-26,20191226,2019,12,360,27.69,29.33,26.65,16.98,0.04,86.36,3.81
2019-12-27,20191227,2019,12,361,27.74,29.11,27.08,17.36,0.18,87.46,4.57
2019-12-28,20191228,2019,12,362,27.79,29.62,26.87,18.68,0.06,85.37,4.91
2019-12-29,20191229,2019,12,363,27.9,29.97,26.63,18.71,0.0,83.11,4.99
2019-12-30,20191230,2019,12,364,28.16,31.21,26.58,18.36,0.0,77.83,5.04
2019-12-31,20191231,2019,12,365,27.89,30.96,26.44,14.22,0.03,78.42,4.82
2020-01-01,20200101,2020,1,1,27.89,31.0,26.2,18.43,0.0,75.23,4.98
2020-01-02,20200102,2020,1,2,27.87,31.13,25.75,20.13,0.0,75.09,5.09
2020-01-03,20200103,2020,1,3,28.06,31.57,25.27,20.54,0.02,74.65,4.59
2020-01-04,20200104,2020,1,4,27.88,31.19,25.62,21.55,0.0,76.09,4.58
2020-01-05,20200105,2020,1,5,27.55,30.03,26.02,20.88,0.01,76.04,5.45
2020-01-06,20200106,2020,1,6,27.32,29.56,26.17,20.42,0.0,76.99,4.98
2020-01-07,20200107,2020,1,7,27.7,30.65,25.83,21.06,0.0,76.74,4.94
2020-01-08,20200108,2020,1,8,28.23,31.5,26.22,21.62,0.0,76.39,5.43
2020-01-09,20200109,2020,1,9,28.0,30.96,25.92,22.14,0.0,70.37,6.55
2020-01-10,20200110,2020,1,10,27.75,30.87,25.55,21.84,0.0,71.57,6.89
2020-01-11,20200111,2020,1,11,27.89,31.56,25.56,22.02,0.0,71.67,6.25
2020-01-12,20200112,2020,1,12,27.38,30.84,24.78,22.22,0.0,72.46,6.11
2020-01-13,20200113,2020,1,13,27.08,30.88,24.47,22.42,0.0,74.48,6.18
2020-01-14,20200114,2020,1,14,26.68,29.91,24.66,22.27,0.0,73.62,6.47
2020-01-15,20200115,2020,1,15,26.9,30.72,24.72,21.02,0.0,76.62,5.29
2020-01-16,20200116,2020,1,16,27.19,30.97,24.43,21.35,0.0,78.59,5.22
2020-01-17,20200117,2020,1,17,27.31,30.68,25.17,21.62,0.0,76.03,6.58
2020-01-18,20200118,2020,1,18,27.28,30.52,25.18,21.46,0.0,74.9,6.55
2020-01-19,20200119,2020,1,19,27.39,31.63,24.98,21.38,0.0,73.13,5.47
2020-01-20,20200120,2020,1,20,26.92,31.16,24.62,20.31,0.02,79.16,4.35
2020-01-21,20200121,2020,1,21,26.58,30.44,24.62,16.23,0.31,84.31,3.61
2020-01-22,20200122,2020,1,22,26.25,28.98,24.62,15.68,0.6,85.32,2.38
2020-01-23,20200123,2020,1,23,26.19,29.1,24.17,19.02,0.32,82.94,2.53
2020-01-24,20200124,2020,1,24,26.5,28.96,24.86,16.95,0.21,82.08,3.86
2020-01-25,20200125,2020,1,25,27.03,29.75,25.56,19.1,0.06,79.49,4.44
2020-01-26,20200126,2020,1,26,26.99,29.18,25.76,20.07,0.07,77.75,4.73
2020-01-27,20200127,2020,1,27,27.11,30.33,25.39,19.8,0.25,78.81,3.76
2020-01-28,20200128,2020,1,28,27.21,29.9,25.47,20.11,0.01,77.76,3.43
2020-01-29,20200129,2020,1,29,27.56,30.32,26.06,20.64,0.04,77.44,4.18
2020-01-30,20200130,2020,1,30,28.42,32.65,26.25,21.39,0.01,72.33,4.28
2020-01-31,20200131,2020,1,31,28.5,32.19,26.39,21.95,0.02,73.64,5.38
2020-02-01,20200201,2020,2,32,28.45,31.94,25.99,21.51,0.06,77.59,4.82
2020-02-02,20200202,2020,2,33,27.84,30.2,26.27,19.24,0.04,77.99,5.78
2020-02-03,20200203,2020,2,34,28.17,31.15,26.24,21.05,0.01,73.83,6.34
2020-02-04,20200204,2020,2,35,28.19,31.98,25.63,22.55,0.0,71.5,5.61
2020-02-05,20200205,2020,2,36,27.75,31.38,25.1,22.87,0.0,71.79,5.31
2020-02-06,20200206,2020,2,37,27.88,32.2,24.79,23.49,0.0,73.98,4.01
2020-02-07,20200207,2020,2,38,28.12,33.33,25.01,23.44,0.0,73.76,3.97
2020-02-08,20200208,2020,2,39,27.77,32.04,24.89,23.23,0.0,71.85,5.75
2020-02-09,20200209,2020,2,40,27.76,31.27,25.35,23.67,0.0,71.69,6.33
2020-02-10,20200210,2020,2,41,28.0,31.36,25.43,23.51,0.0,70.82,6.62
2020-02-11,20200211,2020,2,42,28.35,32.82,25.37,23.62,0.0,67.58,6.06
2020-02-12,20200212,2020,2,43,28.02,32.25,24.85,23.24,0.0,69.96,5.85
2020-02-13,20200213,2020,2,44,28.16,32.46,25.21,23.26,0.0,70.64,5.67
2020-02-14,20200214,2020,2,45,27.94,31.6,25.53,23.08,0.0,73.18,6.0
2020-02-15,20200215,2020,2,46,27.93,31.47,25.64,23.66,0.0,72.67,5.67
2020-02-16,20200216,2020,2,47,27.95,31.43,25.86,23.71,0.0,72.12,6.13
2020-02-17,20200217,2020,2,48,28.12,32.1,25.64,23.68,0.0,71.15,6.12
2020-02-18,20200218,2020,2,49,28.24,32.32,25.51,24.01,0.0,70.42,6.76
2020-02-19,20200219,2020,2,50,27.86,31.24,25.66,23.7,0.0,73.13,6.63
2020-02-20,20200220,2020,2,51,27.7,31.67,25.42,23.67,0.0,73.37,6.24
2020-02-21,20200221,2020,2,52,26.74,29.6,24.99,21.95,0.0,77.92,5.59
2020-02-22,20200222,2020,2,53,26.47,29.41,24.86,19.46,0.0,79.26,5.07
2020-02-23,20200223,2020,2,54,26.39,29.22,24.62,21.82,0.0,76.51,4.76
2020-02-24,20200224,2020,2,55,26.45,29.53,24.49,23.08,0.0,76.6,5.14
2020-02-25,20200225,2020,2,56,27.44,32.14,24.41,22.81,0.03,76.34,4.47
2020-02-26,20200226,2020,2,57,27.52,31.25,25.08,21.48,0.06,78.02,4.56
2020-02-27,20200227,2020,2,58,27.43,30.69,25.44,22.77,0.06,77.66,5.24
2020-02-28,20200228,2020,2,59,27.58,31.3,25.07,24.8,0.0,74.37,5.83
2020-02-29,20200229,2020,2,60,27.27,30.16,25.48,24.04,0.01,73.01,6.56
2020-03-01,20200301,2020,3,61,27.53,30.94,25.36,24.29,0.01,72.64,6.15
2020-03-02,20200302,2020,3,62,27.56,31.09,25.3,24.43,0.0,72.33,5.74
2020-03-03,20200303,2020,3,63,27.39,30.88,25.06,24.78,0.0,73.05,5.54
2020-03-04,20200304,2020,3,64,27.82,32.01,24.88,24.59,0.0,70.97,5.45
2020-03-05,20200305,2020,3,65,27.7,31.56,24.98,23.94,0.0,73.34,5.38
2020-03-06,20200306,2020,3,66,27.51,31.54,24.72,23.62,0.0,76.17,5.18
2020-03-07,20200307,2020,3,67,27.08,30.2,25.26,19.14,0.0,75.54,6.01
2020-03-08,20200308,2020,3,68,27.05,29.75,25.37,23.02,0.0,75.32,6.79
2020-03-09,20200309,2020,3,69,27.75,30.93,25.47,24.4,0.0,71.18,6.67
2020-03-10,20200310,2020,3,70,27.67,30.85,25.74,21.49,0.0,71.66,5.89
2020-03-11,20200311,2020,3,71,27.3,30.43,25.42,19.84,0.0,77.18,5.78
2020-03-12,20200312,2020,3,72,27.09,30.33,25.14,22.05,0.0,77.14,5.55
2020-03-13,20200313,2020,3,73,27.13,30.29,25.28,21.6,0.0,75.54,5.81
2020-03-14,20200314,2020,3,74,27.27,30.7,25.11,25.55,0.0,74.64,6.0
2020-03-15,20200315,2020,3,75,27.34,31.18,25.12,26.31,0.0,75.25,5.91
2020-03-16,20200316,2020,3,76,27.34,30.59,25.27,26.09,0.0,74.54,6.15
2020-03-17,20200317,2020,3,77,27.21,30.6,25.19,26.04,0.0,73.42,6.19
2020-03-18,20200318,2020,3,78,27.3,30.39,25.22,25.88,0.0,73.07,6.13
2020-03-19,20200319,2020,3,79,27.76,31.13,25.44,25.79,0.0,71.07,6.21
2020-03-20,20200320,2020,3,80,27.55,30.61,25.53,23.64,0.0,72.03,5.89
2020-03-21,20200321,2020,3,81,27.38,30.8,25.06,25.39,0.0,72.62,5.85
2020-03-22,20200322,2020,3,82,27.39,30.71,25.17,25.85,0.0,73.21,5.97
2020-03-23,20200323,2020,3,83,27.81,31.76,25.25,24.27,0.0,73.2,5.24
2020-03-24,20200324,2020,3,84,27.74,32.0,25.13,22.73,0.0,74.3,5.38
2020-03-25,20200325,2020,3,85,27.45,30.99,25.35,23.64,0.0,75.93,5.33
2020-03-26,20200326,2020,3,86,27.61,31.51,25.41,24.79,0.0,74.22,5.51
2020-03-27,20200327,2020,3,87,27.62,31.3,25.25,26.21,0.0,72.67,5.74
2020-03-28,20200328,2020,3,88,27.7,31.19,25.41,26.73,0.0,70.14,6.3
2020-03-29,20200329,2020,3,89,28.12,31.6,25.27,25.53,0.0,70.48,5.99
2020-03-30,20200330,2020,3,90,28.12,31.51,25.61,24.15,0.0,70.76,5.79
2020-03-31,20200331,2020,3,91,27.68,31.24,25.52,20.62,0.0,72.95,5.15
2020-04-01,20200401,2020,4,92,27.53,31.13,25.22,15.03,0.01,75.61,3.99
2020-04-02,20200402,2020,4,93,27.1,29.77,25.6,17.87,0.0,78.35,4.65
2020-04-03,20200403,2020,4,94,27.03,29.6,25.57,19.58,0.01,80.05,5.02
2020-04-04,20200404,2020,4,95,27.59,30.56,25.83,20.34,0.01,80.23,5.42
2020-04-05,20200405,2020,4,96,28.27,31.6,26.26,21.88,0.03,80.27,5.49
2020-04-06,20200406,2020,4,97,28.75,32.37,26.56,21.51,0.02,77.51,4.86
2020-04-07,20200407,2020,4,98,28.01,30.66,26.49,20.5,0.02,82.23,5.0
2020-04-08,20200408,2020,4,99,28.25,31.51,26.17,24.25,0.0,79.5,5.33
2020-04-09,20200409,2020,4,100,28.33,32.28,26.18,21.71,0.03,78.74,4.88
2020-04-10,20200410,2020,4,101,28.36,32.1,26.35,21.5,0.05,79.09,5.0
2020-04-11,20200411,2020,4,102,28.48,32.23,26.54,19.87,0.02,79.55,5.48
2020-04-12,20200412,2020,4,103,28.94,32.94,26.11,20.33,0.0,70.38,5.75
2020-04-13,20200413,2020,4,104,28.84,33.45,26.04,22.11,0.01,70.04,5.17
2020-04-14,20200414,2020,4,105,28.43,31.95,26.23,23.83,0.0,70.31,5.32
2020-04-15,20200415,2020,4,106,28.36,32.27,25.62,24.91,0.0,71.28,5.08
2020-04-16,20200416,2020,4,107,28.36,32.41,25.63,25.64,0.01,71.32,5.29
2020-04-17,20200417,2020,4,108,28.32,32.0,26.29,24.04,0.0,71.55,5.86
2020-04-18,20200418,2020,4,109,28.51,31.74,26.32,23.03,0.03,72.12,5.57
2020-04-19,20200419,2020,4,110,28.22,31.46,26.41,16.45,0.19,75.12,4.71
2020-04-20,20200420,2020,4,111,28.6,32.52,26.3,20.14,0.52,76.17,3.8
2020-04-21,20200421,2020,4,112,28.8,33.17,26.32,21.26,0.32,73.22,4.23
2020-04-22,20200422,2020,4,113,28.02,30.35,26.3,22.5,0.49,77.52,4.71
2020-04-23,20200423,2020,4,114,28.69,32.2,26.66,20.89,1.47,75.84,4.85
2020-04-24,20200424,2020,4,115,28.98,31.98,26.34,22.42,0.26,74.87,5.1
2020-04-25,20200425,2020,4,116,29.14,32.52,27.27,24.7,0.05,71.65,5.37
2020-04-26,20200426,2020,4,117,29.24,32.83,26.54,24.93,0.01,70.54,5.31
2020-04-27,20200427,2020,4,118,28.81,32.3,26.61,24.43,0.01,72.42,5.2
2020-04-28,20200428,2020,4,119,28.51,31.26,26.69,22.01,0.02,72.61,5.84
2020-04-29,20200429,2020,4,120,28.56,31.43,26.9,18.82,0.1,73.33,5.5
2020-04-30,20200430,2020,4,121,28.94,32.89,26.7,21.97,0.01,73.32,4.76
2020-05-01,20200501,2020,5,122,28.9,32.33,27.0,20.34,0.01,75.81,5.27
2020-05-02,20200502,2020,5,123,29.09,32.23,27.25,21.47,0.05,73.8,6.13
2020-05-03,20200503,2020,5,124,28.74,31.72,27.17,17.37,0.06,76.77,5.64
2020-05-04,20200504,2020,5,125,28.56,31.43,27.02,15.23,0.13,80.03,4.9
2020-05-05,20200505,2020,5,126,28.55,30.85,27.08,19.76,0.25,79.96,4.83
2020-05-06,20200506,2020,5,127,28.75,31.64,26.99,16.57,1.81,79.08,4.36
2020-05-07,20200507,2020,5,128,28.21,30.2,26.95,19.68,1.65,84.32,3.93
2020-05-08,20200508,2020,5,129,29.04,32.35,27.13,21.24,7.32,80.81,4.52
2020-05-09,20200509,2020,5,130,29.64,34.23,27.06,23.13,0.94,78.9,3.9
2020-05-10,20200510,2020,5,131,29.76,33.47,27.8,24.1,0.05,75.27,4.37
2020-05-11,20200511,2020,5,132,29.1,32.31,27.36,20.78,0.0,77.3,4.88
2020-05-12,20200512,2020,5,133,28.96,32.27,26.98,17.5,0.0,75.87,5.17
2020-05-13,20200513,2020,5,134,29.2,32.53,27.29,18.66,0.01,74.22,5.29
2020-05-14,20200514,2020,5,135,29.18,32.72,27.3,21.08,0.02,76.68,4.49
2020-05-15,20200515,2020,5,136,29.7,33.38,27.08,24.01,0.07,76.22,3.81
2020-05-16,20200516,2020,5,137,29.44,32.53,27.48,22.7,0.88,77.44,3.75
2020-05-17,20200517,2020,5,138,29.66,33.13,27.53,18.22,0.8,78.09,3.76
2020-05-18,20200518,2020,5,139,29.31,32.47,27.29,22.44,1.31,79.64,3.47
2020-05-19,20200519,2020,5,140,29.11,31.88,27.4,13.58,0.64,77.65,2.9
2020-05-20,20200520,2020,5,141,29.35,32.43,27.41,22.62,0.23,76.81,3.68
2020-05-21,20200521,2020,5,142,29.22,32.08,27.5,24.09,0.23,78.38,3.98
2020-05-22,20200522,2020,5,143,29.67,32.67,27.69,18.44,0.72,78.47,3.53
2020-05-23,20200523,2020,5,144,29.41,31.65,27.99,24.37,0.63,80.9,2.98
2020-05-24,20200524,2020,5,145,29.85,32.41,28.02,22.23,0.42,78.48,2.85
2020-05-25,20200525,2020,5,146,29.66,31.84,28.05,20.48,0.62,78.79,2.92
2020-05-26,20200526,2020,5,147,30.01,32.59,27.98,20.94,1.48,78.56,2.97
2020-05-27,20200527,2020,5,148,28.93,30.62,27.49,17.8,1.99,81.99,2.71
2020-05-28,20200528,2020,5,149,28.23,30.06,26.77,15.11,2.66,84.51,2.58
2020-05-29,20200529,2020,5,150,28.53,31.35,26.93,14.29,1.51,81.16,1.75
2020-05-30,20200530,2020,5,151,28.07,29.83,26.64,11.69,2.45,81.53,1.88
2020-05-31,20200531,2020,5,152,27.47,29.32,26.19,16.09,5.65,84.01,1.43
2020-06-01,20200601,2020,6,153,28.78,31.72,26.81,20.65,3.51,81.39,3.02
2020-06-02,20200602,2020,6,154,29.24,32.46,27.41,19.78,2.82,78.24,4.07
2020-06-03,20200603,2020,6,155,29.25,32.92,27.25,22.62,1.66,73.89,4.26
2020-06-04,20200604,2020,6,156,29.67,33.54,27.31,22.88,1.67,76.5,3.54
2020-06-05,20200605,2020,6,157,29.9,33.58,27.72,22.53,0.25,76.94,3.81
2020-06-06,20200606,2020,6,158,29.58,33.0,27.51,17.92,0.13,78.45,3.5
2020-06-07,20200607,2020,6,159,29.58,32.52,27.6,22.67,0.14,78.84,3.77
2020-06-08,20200608,2020,6,160,29.37,32.08,27.67,24.39,0.14,80.05,3.69
2020-06-09,20200609,2020,6,161,29.05,31.1,27.68,21.56,0.26,81.03,3.42
2020-06-10,20200610,2020,6,162,28.14,29.94,26.39,12.98,0.62,80.43,2.01
2020-06-11,20200611,2020,6,163,28.41,31.55,25.89,22.1,0.59,75.42,2.08
2020-06-12,20200612,2020,6,164,29.02,31.89,27.16,19.74,0.23,75.39,2.53
2020-06-13,20200613,2020,6,165,29.22,32.52,26.87,22.2,0.49,75.38,3.1
2020-06-14,20200614,2020,6,166,29.61,32.7,27.63,23.26,0.48,76.97,3.73
2020-06-15,20200615,2020,6,167,28.75,31.09,26.67,17.35,1.83,79.46,2.98
2020-06-16,20200616,2020,6,168,28.01,29.28,26.04,19.12,2.58,88.13,3.63
2020-06-17,20200617,2020,6,169,29.63,33.09,27.61,19.99,0.27,75.18,4.42
2020-06-18,20200618,2020,6,170,30.15,34.03,27.62,23.01,0.34,71.6,5.01
2020-06-19,20200619,2020,6,171,28.75,30.95,27.4,18.35,2.08,81.53,4.01
2020-06-20,20200620,2020,6,172,28.78,31.41,27.29,18.54,5.87,83.4,4.09
2020-06-21,20200621,2020,6,173,28.9,31.24,27.18,18.02,5.09,82.84,4.04
2020-06-22,20200622,2020,6,174,29.23,32.19,27.06,18.36,2.17,80.1,4.55
2020-06-23,20200623,2020,6,175,28.82,31.0,27.34,22.31,4.68,82.45,4.14
2020-06-24,20200624,2020,6,176,28.61,31.37,26.53,22.18,0.18,78.5,4.57
2020-06-25,20200625,2020,6,177,28.87,32.34,26.09,24.08,0.03,75.77,4.87
2020-06-26,20200626,2020,6,178,28.62,31.69,26.66,19.03,1.55,80.2,4.76
2020-06-27,20200627,2020,6,179,28.88,32.37,26.72,17.18,0.56,79.61,4.62
2020-06-28,20200628,2020,6,180,28.45,31.49,26.64,13.82,1.08,81.57,4.27
2020-06-29,20200629,2020,6,181,28.19,30.76,26.6,23.59,0.71,83.24,3.74
2020-06-30,20200630,2020,6,182,28.42,31.04,26.55,23.1,2.26,79.16,4.32
2020-07-01,20200701,2020,7,183,28.36,31.39,26.73,18.39,2.12,80.15,4.7
2020-07-02,20200702,2020,7,184,28.57,31.98,26.77,15.72,9.5,81.38,3.02
2020-07-03,20200703,2020,7,185,28.66,31.17,27.09,21.64,6.68,83.24,3.48
2020-07-04,20200704,2020,7,186,28.52,31.11,27.06,17.97,5.19,84.17,3.43
2020-07-05,20200705,2020,7,187,28.71,31.92,26.93,18.93,1.01,80.02,4.42
2020-07-06,20200706,2020,7,188,29.36,32.83,26.74,19.57,0.53,72.7,5.0
2020-07-07,20200707,2020,7,189,29.16,32.18,26.93,19.87,3.69,78.33,4.64
2020-07-08,20200708,2020,7,190,28.4,30.76,26.67,15.96,5.55,81.26,3.57
2020-07-09,20200709,2020,7,191,28.77,32.48,26.69,22.85,2.79,78.63,3.12
2020-07-10,20200710,2020,7,192,29.23,32.14,26.87,23.47,0.61,75.59,4.7
2020-07-11,20200711,2020,7,193,28.22,30.42,26.98,11.64,3.39,80.85,3.87
2020-07-12,20200712,2020,7,194,28.64,31.48,26.84,17.56,3.33,81.18,4.67
2020-07-13,20200713,2020,7,195,29.27,32.22,27.21,24.39,1.27,78.81,3.82
2020-07-14,20200714,2020,7,196,28.65,31.04,27.05,18.66,1.41,80.83,3.78
2020-07-15,20200715,2020,7,197,28.89,32.12,26.86,24.24,0.2,77.97,4.59
2020-07-16,20200716,2020,7,198,28.91,31.87,26.87,20.98,0.31,75.02,4.74
2020-07-17,20200717,2020,7,199,28.84,31.57,27.06,21.23,0.86,79.29,4.06
2020-07-18,20200718,2020,7,200,29.03,32.47,26.88,22.96,0.89,79.57,4.27
2020-07-19,20200719,2020,7,201,28.85,31.68,27.14,22.31,0.99,80.89,4.11
2020-07-20,20200720,2020,7,202,28.65,31.06,27.18,18.59,2.3,83.34,3.05
2020-07-21,20200721,2020,7,203,28.41,30.82,27.14,12.79,5.79,84.21,2.78
2020-07-22,20200722,2020,7,204,28.35,30.64,26.77,16.86,2.85,83.22,3.58
2020-07-23,20200723,2020,7,205,28.48,31.04,27.0,19.66,1.92,80.36,3.92
2020-07-24,20200724,2020,7,206,28.23,30.97,26.44,16.66,17.02,79.83,3.57
2020-07-25,20200725,2020,7,207,27.91,29.4,26.56,12.2,19.53,85.7,2.96
2020-07-26,20200726,2020,7,208,27.91,29.87,26.56,21.25,7.43,83.64,2.6
2020-07-27,20200727,2020,7,209,28.18,30.96,26.88,22.5,10.7,83.99,3.2
2020-07-28,20200728,2020,7,210,28.47,30.98,27.06,23.09,3.99,81.65,4.29
2020-07-29,20200729,2020,7,211,28.96,31.84,27.03,23.43,2.53,81.51,4.38
2020-07-30,20200730,2020,7,212,29.37,33.06,27.22,23.28,0.43,77.5,3.63
2020-07-31,20200731,2020,7,213,29.13,32.77,27.23,19.5,0.41,79.74,2.53
2020-08-01,20200801,2020,8,214,29.06,32.24,26.85,23.47,0.76,79.43,1.89
2020-08-02,20200802,2020,8,215,29.26,31.77,27.79,21.73,0.75,81.9,3.05
2020-08-03,20200803,2020,8,216,28.87,31.16,27.55,20.18,0.94,84.29,2.83
2020-08-04,20200804,2020,8,217,28.8,32.39,27.15,21.79,1.5,77.73,2.18
2020-08-05,20200805,2020,8,218,28.52,31.88,26.23,18.79,1.01,80.36,2.3
2020-08-06,20200806,2020,8,219,29.05,32.07,27.11,13.03,1.1,78.52,3.83
2020-08-07,20200807,2020,8,220,28.75,30.77,27.28,17.15,1.74,83.0,4.05
2020-08-08,20200808,2020,8,221,29.59,32.58,27.62,22.43,1.66,80.02,3.81
2020-08-09,20200809,2020,8,222,29.11,31.71,27.49,17.31,3.33,83.12,4.56
2020-08-10,20200810,2020,8,223,28.94,31.78,27.67,19.84,4.21,83.5,4.82
2020-08-11,20200811,2020,8,224,29.08,31.94,27.26,21.54,0.84,79.06,5.08
2020-08-12,20200812,2020,8,225,28.78,31.65,27.2,18.65,2.66,81.77,5.0
2020-08-13,20200813,2020,8,226,29.25,32.8,26.98,23.75,3.67,80.01,4.79
2020-08-14,20200814,2020,8,227,28.54,30.59,27.46,19.53,6.3,83.91,3.51
2020-08-15,20200815,2020,8,228,28.39,30.96,26.92,19.8,3.88,82.35,2.63
2020-08-16,20200816,2020,8,229,28.33,30.9,26.84,20.86,9.81,84.46,3.21
2020-08-17,20200817,2020,8,230,28.49,31.48,27.03,17.69,6.81,83.27,3.75
2020-08-18,20200818,2020,8,231,28.76,31.95,27.01,19.95,5.04,82.03,3.78
2020-08-19,20200819,2020,8,232,28.66,31.68,26.86,14.61,4.04,81.83,2.58
2020-08-20,20200820,2020,8,233,26.98,27.86,26.29,17.85,7.11,88.38,2.28
2020-08-21,20200821,2020,8,234,28.33,30.56,26.66,21.4,4.18,82.1,1.58
2020-08-22,20200822,2020,8,235,27.51,28.88,26.81,13.87,45.97,85.87,2.14
2020-08-23,20200823,2020,8,236,28.46,31.77,26.36,19.92,1.73,76.34,1.48
2020-08-24,20200824,2020,8,237,27.58,29.56,26.68,16.83,2.34,82.99,2.13
2020-08-25,20200825,2020,8,238,28.21,30.26,27.06,14.12,2.0,83.47,2.78
2020-08-26,20200826,2020,8,239,27.46,28.96,26.46,12.62,3.53,84.94,1.79
2020-08-27,20200827,2020,8,240,28.77,31.59,26.3,20.83,1.79,82.4,3.32
2020-08-28,20200828,2020,8,241,28.96,30.99,27.66,22.68,3.04,83.56,4.54
2020-08-29,20200829,2020,8,242,28.84,31.49,27.4,20.31,5.43,81.33,5.02
2020-08-30,20200830,2020,8,243,28.94,32.53,27.04,19.37,3.52,77.89,3.82
2020-08-31,20200831,2020,8,244,28.56,31.47,27.06,22.04,1.8,80.67,3.26
2020-09-01,20200901,2020,9,245,28.24,31.39,26.58,21.0,2.31,80.75,1.9
2020-09-02,20200902,2020,9,246,27.7,29.46,26.55,14.71,5.14,84.14,1.93
2020-09-03,20200903,2020,9,247,27.71,30.04,25.94,21.58,8.18,79.01,1.98
2020-09-04,20200904,2020,9,248,28.3,31.23,26.25,17.28,1.23,79.81,1.93
2020-09-05,20200905,2020,9,249,28.95,31.66,27.31,22.98,1.42,82.16,2.69
2020-09-06,20200906,2020,9,250,29.04,30.99,27.87,17.51,1.5,83.44,4.02
2020-09-07,20200907,2020,9,251,28.38,30.58,26.55,16.63,5.78,83.36,2.93
2020-09-08,20200908,2020,9,252,27.52,29.13,26.51,17.83,2.07,82.89,1.29
2020-09-09,20200909,2020,9,253,27.87,30.14,26.45,19.47,5.16,81.13,1.82
2020-09-10,20200910,2020,9,254,28.96,32.52,27.33,23.27,1.33,79.82,2.64
2020-09-11,20200911,2020,9,255,29.17,31.78,27.82,20.47,1.65,80.77,2.96
2020-09-12,20200912,2020,9,256,28.79,30.97,27.48,17.16,2.37,81.17,2.16
2020-09-13,20200913,2020,9,257,28.68,30.78,27.32,13.78,1.66,84.09,2.55
2020-09-14,20200914,2020,9,258,29.11,31.5,27.67,21.93,0.72,82.74,2.41
2020-09-15,20200915,2020,9,259,29.43,31.91,27.99,16.09,0.81,81.28,3.27
2020-09-16,20200916,2020,9,260,28.87,30.89,27.69,14.76,0.57,81.87,2.96
2020-09-17,20200917,2020,9,261,28.67,31.04,27.57,21.24,0.66,77.28,1.57
2020-09-18,20200918,2020,9,262,28.49,30.77,27.19,16.52,1.5,80.36,1.28
2020-09-19,20200919,2020,9,263,28.05,30.06,26.79,20.84,1.11,82.99,2.38
2020-09-20,20200920,2020,9,264,28.9,32.34,26.56,18.61,3.04,79.22,2.57
2020-09-21,20200921,2020,9,265,28.68,30.71,27.42,20.08,1.73,82.09,2.72
2020-09-22,20200922,2020,9,266,28.62,31.42,27.27,22.8,1.53,79.83,1.92
2020-09-23,20200923,2020,9,267,29.2,32.0,27.52,21.71,2.13,79.34,1.98
2020-09-24,20200924,2020,9,268,28.23,30.91,27.12,8.68,3.01,83.07,1.98
2020-09-25,20200925,2020,9,269,28.59,30.69,27.49,19.07,2.96,82.5,2.25
2020-09-26,20200926,2020,9,270,28.81,30.97,27.56,18.25,1.86,81.14,3.25
2020-09-27,20200927,2020,9,271,28.7,31.43,27.27,15.34,0.74,79.66,2.79
2020-09-28,20200928,2020,9,272,28.81,31.09,27.32,21.4,1.02,80.64,3.41
2020-09-29,20200929,2020,9,273,29.31,32.9,27.12,24.52,0.28,76.73,2.72
2020-09-30,20200930,2020,9,274,28.69,32.03,26.6,17.81,0.65,78.79,1.9
2020-10-01,20201001,2020,10,275,28.41,30.5,26.81,17.56,0.81,82.6,2.03
2020-10-02,20201002,2020,10,276,28.45,30.18,27.16,17.32,0.28,81.25,1.92
2020-10-03,20201003,2020,10,277,27.77,29.18,26.9,12.18,0.02,82.23,1.17
2020-10-04,20201004,2020,10,278,27.55,29.52,26.35,14.84,0.05,81.4,1.59
2020-10-05,20201005,2020,10,279,27.11,28.9,26.08,19.43,0.05,82.24,1.65
2020-10-06,20201006,2020,10,280,28.38,31.84,25.91,18.7,0.0,74.08,1.48
2020-10-07,20201007,2020,10,281,28.35,30.4,27.14,17.76,0.03,82.18,2.2
2020-10-08,20201008,2020,10,282,28.04,30.43,26.94,17.38,0.03,80.22,2.19
2020-10-09,20201009,2020,10,283,28.47,31.45,26.58,20.69,0.02,73.5,1.89
2020-10-10,20201010,2020,10,284,29.53,32.32,27.49,20.42,0.02,77.39,4.12
2020-10-11,20201011,2020,10,285,29.61,32.83,27.82,22.66,0.67,77.42,3.63
2020-10-12,20201012,2020,10,286,29.18,32.21,27.73,18.54,0.12,80.5,3.15
2020-10-13,20201013,2020,10,287,28.58,30.35,26.79,12.06,0.01,82.92,2.41
2020-10-14,20201014,2020,10,288,27.93,30.46,26.48,12.67,0.01,81.61,1.71
2020-10-15,20201015,2020,10,289,28.6,31.16,26.35,22.17,0.0,81.93,2.87
2020-10-16,20201016,2020,10,290,29.42,32.51,27.6,22.56,0.0,78.68,3.54
2020-10-17,20201017,2020,10,291,29.23,31.3,28.09,19.3,0.06,81.49,3.33
2020-10-18,20201018,2020,10,292,28.58,31.6,27.05,19.36,0.4,83.29,1.86
2020-10-19,20201019,2020,10,293,28.42,31.19,26.87,19.64,0.02,79.77,2.08
2020-10-20,20201020,2020,10,294,28.12,31.01,26.49,16.49,0.04,76.82,1.51
2020-10-21,20201021,2020,10,295,28.7,31.46,26.74,19.91,0.02,75.22,1.93
2020-10-22,20201022,2020,10,296,28.44,30.08,27.16,19.78,0.03,78.77,2.45
2020-10-23,20201023,2020,10,297,28.91,30.53,27.82,17.9,0.03,82.52,3.2
2020-10-24,20201024,2020,10,298,28.03,29.39,26.92,13.32,3.63,85.9,2.06
2020-10-25,20201025,2020,10,299,27.88,30.34,26.36,15.5,1.74,81.42,1.69
2020-10-26,20201026,2020,10,300,29.1,31.77,26.98,19.0,0.02,79.82,2.99
2020-10-27,20201027,2020,10,301,29.61,33.26,27.57,20.51,0.0,75.47,4.39
2020-10-28,20201028,2020,10,302,29.55,33.1,27.84,20.19,1.23,76.88,3.47
2020-10-29,20201029,2020,10,303,28.73,31.7,26.95,14.96,0.38,77.84,2.16
2020-10-30,20201030,2020,10,304,28.45,31.41,26.4,19.01,0.01,78.16,1.38
2020-10-31,20201031,2020,10,305,27.85,30.22,26.22,14.22,0.02,81.24,2.0
2020-11-01,20201101,2020,11,306,27.59,30.17,25.65,10.84,0.04,79.42,1.62
2020-11-02,20201102,2020,11,307,28.83,32.38,26.35,19.37,0.05,74.45,1.76
2020-11-03,20201103,2020,11,308,28.77,31.09,27.45,20.15,0.0,75.01,1.57
2020-11-04,20201104,2020,11,309,28.86,31.41,27.28,19.34,0.0,76.88,3.27
2020-11-05,20201105,2020,11,310,28.03,29.77,26.46,13.14,0.08,79.32,1.67
2020-11-06,20201106,2020,11,311,27.57,29.46,26.34,12.51,0.19,81.44,1.8
2020-11-07,20201107,2020,11,312,28.21,31.16,26.51,17.94,0.0,77.42,2.05
2020-11-08,20201108,2020,11,313,28.25,31.52,25.97,16.06,0.0,76.82,1.67
2020-11-09,20201109,2020,11,314,28.57,31.7,26.81,17.23,0.0,72.76,1.58
2020-11-10,20201110,2020,11,315,27.52,29.63,25.7,16.89,0.32,78.87,1.64
2020-11-11,20201111,2020,11,316,27.78,29.75,26.74,15.67,0.1,82.7,2.08
2020-11-12,20201112,2020,11,317,27.9,30.02,26.4,16.75,0.01,78.87,1.64
2020-11-13,20201113,2020,11,318,28.15,30.67,26.31,9.03,0.05,76.23,2.8
2020-11-14,20201114,2020,11,319,27.39,28.8,26.5,2.95,0.05,82.33,4.31
2020-11-15,20201115,2020,11,320,27.39,28.97,26.08,14.75,0.03,76.89,2.72
2020-11-16,20201116,2020,11,321,28.14,31.02,26.22,18.26,0.02,75.18,1.39
2020-11-17,20201117,2020,11,322,27.42,29.06,26.43,15.09,0.01,80.71,1.85
2020-11-18,20201118,2020,11,323,27.36,29.71,25.79,16.24,0.01,79.5,1.81
2020-11-19,20201119,2020,11,324,27.86,30.68,25.91,17.67,0.01,78.84,1.76
2020-11-20,20201120,2020,11,325,28.7,31.41,26.94,16.94,0.0,78.15,3.68
2020-11-21,20201121,2020,11,326,28.24,30.04,26.99,13.01,0.01,79.76,2.39
2020-11-22,20201122,2020,11,327,28.16,30.38,26.72,17.7,0.01,80.95,1.84
2020-11-23,20201123,2020,11,328,28.86,31.61,27.11,18.75,0.04,81.04,3.37
2020-11-24,20201124,2020,11,329,29.01,31.02,27.98,17.11,0.01,79.78,4.61
2020-11-25,20201125,2020,11,330,29.16,31.54,27.82,16.69,0.01,76.34,4.84
2020-11-26,20201126,2020,11,331,29.03,31.55,27.62,17.55,0.01,74.74,4.89
2020-11-27,20201127,2020,11,332,28.97,31.86,27.31,17.75,0.01,74.4,4.78
2020-11-28,20201128,2020,11,333,28.18,30.08,26.99,14.72,0.03,80.27,4.16
2020-11-29,20201129,2020,11,334,28.37,30.08,27.16,17.68,0.02,80.62,4.13
2020-11-30,20201130,2020,11,335,28.29,29.32,27.59,17.42,0.05,82.2,3.75
2020-12-01,20201201,2020,12,336,28.31,29.98,27.34,12.32,0.05,81.82,3.8
2020-12-02,20201202,2020,12,337,28.54,30.52,27.34,15.13,0.07,81.58,4.08
2020-12-03,20201203,2020,12,338,28.65,31.42,27.07,16.71,0.0,74.06,4.97
2020-12-04,20201204,2020,12,339,28.27,31.05,26.18,19.48,0.0,71.62,4.79
2020-12-05,20201205,2020,12,340,28.55,31.81,25.97,20.7,0.0,74.36,4.46
2020-12-06,20201206,2020,12,341,28.84,32.16,26.98,19.34,0.0,76.17,4.47
2020-12-07,20201207,2020,12,342,28.79,31.41,27.37,19.24,0.0,77.57,4.39
2020-12-08,20201208,2020,12,343,28.55,30.85,27.58,14.98,0.0,79.4,4.12
2020-12-09,20201209,2020,12,344,28.27,29.47,27.56,18.78,0.01,79.11,4.85
2020-12-10,20201210,2020,12,345,28.45,30.97,27.05,19.98,0.0,75.74,5.18
2020-12-11,20201211,2020,12,346,28.36,31.43,26.61,20.81,0.0,68.79,5.07
2020-12-12,20201212,2020,12,347,28.34,31.62,26.0,21.49,0.0,72.75,4.81
2020-12-13,20201213,2020,12,348,28.38,31.67,26.35,21.63,0.0,74.52,4.8
2020-12-14,20201214,2020,12,349,28.38,32.02,25.99,21.7,0.0,75.15,4.12
2020-12-15,20201215,2020,12,350,28.5,32.02,26.37,20.5,0.01,75.54,4.68
2020-12-16,20201216,2020,12,351,28.35,31.62,26.6,20.25,0.01,75.43,4.55
2020-12-17,20201217,2020,12,352,28.27,31.15,26.46,20.75,0.0,75.61,4.98
2020-12-18,20201218,2020,12,353,28.3,31.21,26.33,20.47,0.0,75.55,5.32
2020-12-19,20201219,2020,12,354,28.34,31.1,26.69,20.62,0.66,73.49,5.62
2020-12-20,20201220,2020,12,355,27.95,31.03,25.82,21.31,0.11,75.53,4.86
2020-12-21,20201221,2020,12,356,28.06,31.4,25.95,20.89,0.17,77.58,4.76
2020-12-22,20201222,2020,12,357,28.0,31.28,26.0,20.61,0.79,79.49,5.11
2020-12-23,20201223,2020,12,358,27.84,30.74,26.02,20.74,0.38,78.16,5.46
2020-12-24,20201224,2020,12,359,28.06,31.34,26.0,20.94,0.1,75.51,4.87
2020-12-25,20201225,2020,12,360,27.7,30.57,26.19,19.89,0.23,78.43,4.94
2020-12-26,20201226,2020,12,361,27.54,30.37,26.07,20.02,1.51,76.92,4.13
2020-12-27,20201227,2020,12,362,27.28,30.45,25.32,20.4,4.03,78.06,3.5
2020-12-28,20201228,2020,12,363,27.16,30.69,25.32,19.79,19.19,80.68,3.55
2020-12-29,20201229,2020,12,364,27.12,30.57,25.62,20.0,11.83,78.9,4.04
2020-12-30,20201230,2020,12,365,27.41,30.74,25.33,20.22,0.98,75.3,4.78
2020-12-31,20201231,2020,12,366,27.32,30.7,25.06,21.28,0.52,76.19,5.05
2021-01-01,20210101,2021,1,1,27.29,29.99,25.17,21.49,5.14,79.54,4.89
2021-01-02,20210102,2021,1,2,27.4,30.4,25.0,21.43,3.79,78.69,5.12
2021-01-03,20210103,2021,1,3,27.03,29.62,25.07,20.53,2.07,74.83,5.24
2021-01-04,20210104,2021,1,4,27.18,30.91,24.44,21.17,1.24,71.25,4.58
2021-01-05,20210105,2021,1,5,26.77,30.3,24.41,21.59,0.97,77.18,4.32
2021-01-06,20210106,2021,1,6,27.04,30.83,24.49,21.15,0.1,77.16,3.92
2021-01-07,20210107,2021,1,7,27.24,31.11,24.63,19.38,0.5,79.44,3.98
2021-01-08,20210108,2021,1,8,27.12,29.29,25.75,17.9,1.96,83.37,4.76
2021-01-09,20210109,2021,1,9,26.78,28.57,25.69,15.4,1.81,86.94,3.94
2021-01-10,20210110,2021,1,10,26.99,29.25,25.59,18.5,3.34,83.14,4.8
2021-01-11,20210111,2021,1,11,27.42,30.34,25.49,18.35,3.97,79.59,5.27
2021-01-12,20210112,2021,1,12,27.07,29.75,25.29,19.25,1.13,77.59,5.17
2021-01-13,20210113,2021,1,13,26.92,30.4,24.42,20.71,0.12,78.3,4.35
2021-01-14,20210114,2021,1,14,26.99,30.83,24.63,20.64,0.21,77.35,3.81
2021-01-15,20210115,2021,1,15,27.34,30.86,25.38,20.84,0.74,78.8,4.11
2021-01-16,20210116,2021,1,16,27.22,31.01,24.76,20.67,5.07,78.61,3.87
2021-01-17,20210117,2021,1,17,27.03,30.89,24.55,22.1,1.21,77.08,4.69
2021-01-18,20210118,2021,1,18,26.7,29.65,24.54,21.89,1.79,77.81,5.2
2021-01-19,20210119,2021,1,19,26.99,30.02,24.38,22.67,0.64,77.75,5.44
2021-01-20,20210120,2021,1,20,26.9,29.85,24.8,21.92,0.9,78.36,5.76
2021-01-21,20210121,2021,1,21,27.03,30.04,25.18,22.09,0.0,74.84,5.52
2021-01-22,20210122,2021,1,22,26.82,30.14,24.21,22.07,0.0,77.05,4.74
2021-01-23,20210123,2021,1,23,26.44,29.76,24.1,21.87,0.02,80.97,4.42
2021-01-24,20210124,2021,1,24,26.68,29.34,24.14,21.98,0.01,79.68,5.22
2021-01-25,20210125,2021,1,25,26.66,29.79,24.26,20.11,0.11,74.9,5.4
2021-01-26,20210126,2021,1,26,26.44,30.22,23.69,22.32,1.45,78.18,5.0
2021-01-27,20210127,2021,1,27,26.0,29.12,23.95,20.73,1.37,81.17,4.64
2021-01-28,20210128,2021,1,28,26.38,29.58,23.96,21.44,1.65,79.31,5.26
2021-01-29,20210129,2021,1,29,26.34,28.94,24.52,21.75,0.05,74.85,5.94
2021-01-30,20210130,2021,1,30,26.21,29.22,23.48,23.75,0.37,74.48,5.61
2021-01-31,20210131,2021,1,31,26.6,31.07,23.31,23.65,1.32,76.2,4.77
2021-02-01,20210201,2021,2,32,26.57,29.7,23.87,22.61,4.3,81.19,3.6
2021-02-02,20210202,2021,2,33,26.26,30.02,24.31,21.23,5.51,84.6,3.65
2021-02-03,20210203,2021,2,34,26.43,29.31,24.54,22.54,1.54,82.22,5.21
2021-02-04,20210204,2021,2,35,27.05,30.77,24.54,22.09,0.49,81.21,4.72
2021-02-05,20210205,2021,2,36,27.29,30.7,24.89,21.73,0.0,81.18,4.5
2021-02-06,20210206,2021,2,37,27.24,30.49,24.85,20.44,0.0,78.06,4.59
2021-02-07,20210207,2021,2,38,27.45,31.11,24.68,23.0,0.01,74.74,4.88
2021-02-08,20210208,2021,2,39,27.51,31.44,25.03,23.17,0.03,74.47,5.32
2021-02-09,20210209,2021,2,40,27.41,30.86,24.94,23.02,0.02,73.93,5.15
2021-02-10,20210210,2021,2,41,27.19,29.88,25.44,22.32,4.78,76.32,5.03
2021-02-11,20210211,2021,2,42,27.22,30.88,24.85,23.79,0.61,74.52,5.09
2021-02-12,20210212,2021,2,43,27.38,31.28,24.3,23.01,0.51,73.24,4.46
2021-02-13,20210213,2021,2,44,27.64,31.69,24.86,21.18,8.62,76.43,3.32
2021-02-14,20210214,2021,2,45,27.51,31.05,25.64,20.22,25.8,82.0,3.65
2021-02-15,20210215,2021,2,46,27.2,29.88,25.39,21.41,1.09,80.9,4.12
2021-02-16,20210216,2021,2,47,27.37,31.04,24.99,21.18,0.33,77.4,4.98
2021-02-17,20210217,2021,2,48,26.91,29.45,25.04,20.95,4.08,74.79,5.6
2021-02-18,20210218,2021,2,49,27.27,30.75,24.78,23.42,1.47,76.33,4.92
2021-02-19,20210219,2021,2,50,27.43,31.49,24.87,23.17,0.52,72.26,4.88
2021-02-20,20210220,2021,2,51,27.21,31.27,24.74,21.88,2.67,75.38,4.9
2021-02-21,20210221,2021,2,52,26.95,29.68,24.73,22.41,5.04,75.48,5.51
2021-02-22,20210222,2021,2,53,27.12,30.07,25.06,23.77,0.36,73.61,5.6
2021-02-23,20210223,2021,2,54,27.12,30.77,24.56,23.09,0.31,77.09,4.8
2021-02-24,20210224,2021,2,55,27.18,30.29,24.52,24.05,0.87,77.72,5.91
2021-02-25,20210225,2021,2,56,27.18,30.13,24.95,23.28,0.43,78.63,6.34
2021-02-26,20210226,2021,2,57,27.3,30.24,25.03,23.59,0.59,76.35,6.21
2021-02-27,20210227,2021,2,58,26.87,29.71,24.67,24.46,0.29,73.18,6.28
2021-02-28,20210228,2021,2,59,26.74,29.91,23.88,24.87,0.1,72.26,6.26
2021-03-01,20210301,2021,3,60,26.28,29.35,23.41,25.45,0.12,73.06,5.71
2021-03-02,20210302,2021,3,61,25.77,29.26,22.9,26.41,0.47,74.15,5.4
2021-03-03,20210303,2021,3,62,25.95,29.4,22.88,26.35,0.32,75.72,4.66
2021-03-04,20210304,2021,3,63,25.83,29.76,23.05,24.92,0.59,78.83,4.51
2021-03-05,20210305,2021,3,64,26.35,29.65,23.8,24.18,1.09,77.07,4.83
2021-03-06,20210306,2021,3,65,26.96,30.77,24.84,22.76,4.68,81.25,4.78
2021-03-07,20210307,2021,3,66,27.03,29.82,25.25,21.2,0.05,82.15,5.37
2021-03-08,20210308,2021,3,67,26.9,29.45,25.51,18.58,0.09,80.74,6.1
2021-03-09,20210309,2021,3,68,27.01,30.24,25.08,18.22,0.04,75.84,6.29
2021-03-10,20210310,2021,3,69,26.64,29.22,24.7,24.12,0.0,72.91,5.84
2021-03-11,20210311,2021,3,70,26.81,30.29,24.6,21.77,0.01,75.33,5.11
2021-03-12,20210312,2021,3,71,26.47,29.49,24.02,23.89,0.01,76.05,4.69
2021-03-13,20210313,2021,3,72,26.79,30.09,24.59,23.73,0.0,74.99,5.11
2021-03-14,20210314,2021,3,73,26.91,30.02,24.53,23.42,0.02,74.79,5.17
2021-03-15,20210315,2021,3,74,26.85,30.27,24.75,23.36,0.05,76.56,5.57
2021-03-16,20210316,2021,3,75,26.58,28.62,24.78,18.88,0.41,80.59,5.09
2021-03-17,20210317,2021,3,76,26.76,29.24,24.94,20.37,0.02,80.42,4.83
2021-03-18,20210318,2021,3,77,26.83,29.93,24.75,20.32,0.0,78.06,4.99
2021-03-19,20210319,2021,3,78,27.19,30.5,24.83,21.49,0.0,73.96,5.23
2021-03-20,20210320,2021,3,79,27.13,30.44,24.63,22.59,0.0,75.56,5.24
2021-03-21,20210321,2021,3,80,27.28,30.46,24.74,25.26,0.0,74.11,5.14
2021-03-22,20210322,2021,3,81,27.5,31.45,24.95,20.25,0.04,73.46,4.29
2021-03-23,20210323,2021,3,82,26.96,29.88,25.35,16.34,1.58,79.53,3.66
2021-03-24,20210324,2021,3,83,27.24,30.98,24.49,22.92,0.32,78.86,4.59
2021-03-25,20210325,2021,3,84,27.68,31.16,25.22,22.81,0.58,75.2,5.16
2021-03-26,20210326,2021,3,85,27.67,30.62,25.06,25.68,0.05,72.1,5.94
2021-03-27,20210327,2021,3,86,27.5,30.6,25.35,24.71,0.19,72.12,6.01
2021-03-28,20210328,2021,3,87,27.71,30.84,25.38,24.11,0.07,71.76,5.81
2021-03-29,20210329,2021,3,88,27.76,30.79,25.41,24.43,0.8,75.51,5.89
2021-03-30,20210330,2021,3,89,27.6,30.8,25.81,24.62,2.76,79.96,5.5
2021-03-31,20210331,2021,3,90,27.83,31.13,25.84,23.07,0.99,77.5,5.89
2021-04-01,20210401,2021,4,91,27.41,30.3,25.76,20.21,0.05,78.19,6.03
2021-04-02,20210402,2021,4,92,27.61,30.56,25.6,19.41,0.0,77.0,5.86
2021-04-03,20210403,2021,4,93,26.74,28.43,25.72,16.53,0.0,81.23,6.12
2021-04-04,20210404,2021,4,94,27.32,29.52,25.72,23.11,0.0,74.82,6.29
2021-04-05,20210405,2021,4,95,27.23,29.84,25.73,20.85,0.01,76.96,6.12
2021-04-06,20210406,2021,4,96,26.47,27.82,25.49,17.74,0.15,83.75,5.32
2021-04-07,20210407,2021,4,97,26.39,28.14,25.43,10.76,0.09,85.85,4.56
2021-04-08,20210408,2021,4,98,26.83,29.46,25.17,18.2,0.03,83.38,4.28
2021-04-09,20210409,2021,4,99,27.05,29.46,25.23,12.28,0.04,82.35,3.84
2021-04-10,20210410,2021,4,100,27.73,31.56,25.33,12.35,0.12,80.22,4.22
2021-04-11,20210411,2021,4,101,27.71,31.11,25.56,23.09,0.03,80.02,4.13
2021-04-12,20210412,2021,4,102,28.25,32.79,25.75,21.27,0.1,78.82,3.35
2021-04-13,20210413,2021,4,103,27.99,31.54,25.92,22.13,0.35,81.54,4.56
2021-04-14,20210414,2021,4,104,27.56,29.48,26.33,15.87,0.45,84.07,5.38
2021-04-15,20210415,2021,4,105,27.37,28.86,26.32,17.26,4.03,85.88,4.79
2021-04-16,20210416,2021,4,106,27.36,29.56,26.2,16.08,7.64,86.35,4.07
2021-04-17,20210417,2021,4,107,27.36,29.29,26.14,20.25,6.81,86.11,3.54
2021-04-18,20210418,2021,4,108,27.39,29.61,26.14,14.64,6.1,86.8,2.9
2021-04-19,20210419,2021,4,109,28.07,31.69,25.84,23.44,3.52,80.26,3.34
2021-04-20,20210420,2021,4,110,28.49,32.52,25.72,24.99,0.7,75.58,4.56
2021-04-21,20210421,2021,4,111,27.83,31.5,26.11,24.67,0.0,75.62,5.12
2021-04-22,20210422,2021,4,112,27.97,32.13,25.82,24.88,0.0,74.59,5.56
2021-04-23,20210423,2021,4,113,27.89,31.46,26.07,25.06,0.0,74.77,5.66
2021-04-24,20210424,2021,4,114,28.04,31.65,25.97,22.64,0.0,77.02,5.17
2021-04-25,20210425,2021,4,115,27.99,31.69,25.8,21.32,0.0,77.21,5.21
2021-04-26,20210426,2021,4,116,27.56,30.3,26.1,20.27,0.01,77.01,5.55
2021-04-27,20210427,2021,4,117,27.29,29.69,25.95,21.23,0.01,75.82,5.88
2021-04-28,20210428,2021,4,118,27.27,29.84,25.64,14.79,0.01,75.58,5.14
2021-04-29,20210429,2021,4,119,27.19,30.15,25.22,23.76,0.02,75.5,4.35
2021-04-30,20210430,2021,4,120,27.91,31.77,25.33,19.27,0.02,75.05,3.75
2021-05-01,20210501,2021,5,121,28.1,31.6,25.87,20.72,0.0,74.75,3.74
2021-05-02,20210502,2021,5,122,28.19,31.74,26.04,19.79,0.0,76.95,4.14
2021-05-03,20210503,2021,5,123,28.0,30.41,26.36,17.69,0.02,76.46,3.91
2021-05-04,20210504,2021,5,124,27.4,29.84,26.11,13.08,0.02,79.99,3.47
2021-05-05,20210505,2021,5,125,27.92,30.96,26.16,21.6,0.01,78.01,3.8
2021-05-06,20210506,2021,5,126,28.31,31.28,26.64,18.96,0.01,75.86,4.69
2021-05-07,20210507,2021,5,127,28.18,30.78,26.84,18.94,0.03,75.88,4.74
2021-05-08,20210508,2021,5,128,28.46,31.48,26.61,20.35,0.03,75.87,5.18
2021-05-09,20210509,2021,5,129,28.56,31.2,27.0,16.56,0.02,77.06,5.9
2021-05-10,20210510,2021,5,130,28.78,31.31,27.05,15.02,0.01,75.54,4.53
2021-05-11,20210511,2021,5,131,28.99,32.13,26.94,22.72,0.0,74.65,4.94
2021-05-12,20210512,2021,5,132,28.84,32.14,26.93,20.06,0.0,75.79,5.34
2021-05-13,20210513,2021,5,133,28.96,32.5,26.64,23.14,0.0,74.57,5.09
2021-05-14,20210514,2021,5,134,28.87,32.38,26.33,23.17,0.0,73.77,5.73
2021-05-15,20210515,2021,5,135,28.73,31.9,26.61,24.93,0.0,74.57,5.79
2021-05-16,20210516,2021,5,136,28.63,31.63,27.12,22.16,0.0,76.09,5.29
2021-05-17,20210517,2021,5,137,28.19,30.27,26.88,17.04,0.0,78.8,4.63
2021-05-18,20210518,2021,5,138,28.8,31.87,26.69,14.83,0.0,77.62,3.8
2021-05-19,20210519,2021,5,139,29.01,32.87,26.63,22.09,0.0,78.82,3.71
2021-05-20,20210520,2021,5,140,28.82,31.83,27.06,23.22,0.0,80.17,4.05
2021-05-21,20210521,2021,5,141,29.06,32.51,27.16,22.24,0.01,76.85,4.96
2021-05-22,20210522,2021,5,142,28.82,30.76,27.52,19.46,0.02,78.82,4.92
2021-05-23,20210523,2021,5,143,28.43,30.83,27.2,18.23,0.02,82.27,4.91
2021-05-24,20210524,2021,5,144,28.93,31.88,27.37,20.11,0.02,79.98,4.68
2021-05-25,20210525,2021,5,145,28.81,31.11,27.09,16.71,0.07,78.72,5.15
2021-05-26,20210526,2021,5,146,29.04,32.38,27.13,23.34,0.03,73.52,5.18
2021-05-27,20210527,2021,5,147,28.5,32.12,26.33,21.3,0.06,77.2,4.79
2021-05-28,20210528,2021,5,148,28.29,30.99,26.77,16.56,0.14,78.6,4.97
2021-05-29,20210529,2021,5,149,28.68,32.24,26.57,16.26,0.02,74.47,4.87
2021-05-30,20210530,2021,5,150,28.46,31.41,26.86,20.22,0.0,74.18,4.72
2021-05-31,20210531,2021,5,151,28.69,31.76,26.99,23.85,0.0,74.34,5.03
2021-06-01,20210601,2021,6,152,28.43,30.2,27.33,10.83,0.02,80.33,4.36
2021-06-02,20210602,2021,6,153,28.25,29.95,26.89,14.61,0.02,80.02,3.84
2021-06-03,20210603,2021,6,154,28.34,30.36,26.96,21.42,0.02,79.16,4.18
2021-06-04,20210604,2021,6,155,28.73,31.12,27.14,21.25,0.01,76.87,4.44
2021-06-05,20210605,2021,6,156,28.73,31.37,26.99,21.24,0.02,80.34,3.67
2021-06-06,20210606,2021,6,157,28.7,30.77,27.32,15.22,0.02,79.1,4.23
2021-06-07,20210607,2021,6,158,28.6,30.51,27.36,6.01,0.05,78.08,3.6
2021-06-08,20210608,2021,6,159,28.26,29.97,26.86,14.7,0.04,79.0,3.43
2021-06-09,20210609,2021,6,160,28.08,30.16,26.7,8.68,0.04,80.18,2.95
2021-06-10,20210610,2021,6,161,28.56,31.3,26.84,21.59,0.01,79.4,3.21
2021-06-11,20210611,2021,6,162,29.0,32.04,26.99,22.79,0.01,77.35,3.48
2021-06-12,20210612,2021,6,163,29.28,32.0,27.4,13.99,0.01,76.29,3.69
2021-06-13,20210613,2021,6,164,29.26,32.35,27.32,19.2,0.01,77.52,2.8
2021-06-14,20210614,2021,6,165,29.27,32.7,27.27,15.88,0.01,77.6,2.68
2021-06-15,20210615,2021,6,166,29.55,32.51,27.38,18.82,0.01,75.37,3.99
2021-06-16,20210616,2021,6,167,29.54,32.41,27.57,23.09,0.03,75.82,4.22
2021-06-17,20210617,2021,6,168,29.78,32.83,27.87,23.63,0.04,75.31,4.7
2021-06-18,20210618,2021,6,169,29.86,33.15,27.8,13.39,0.01,74.29,3.68
2021-06-19,20210619,2021,6,170,29.74,33.17,27.48,21.55,0.01,76.13,3.91
2021-06-20,20210620,2021,6,171,29.84,33.23,27.88,21.48,0.01,74.95,4.9
2021-06-21,20210621,2021,6,172,28.92,30.7,27.74,17.92,0.02,79.47,3.16
2021-06-22,20210622,2021,6,173,29.13,32.39,27.51,16.77,0.01,75.67,3.73
2021-06-23,20210623,2021,6,174,28.72,31.02,27.41,19.58,0.0,76.3,4.38
2021-06-24,20210624,2021,6,175,28.37,30.8,26.93,12.84,0.01,78.7,4.14
2021-06-25,20210625,2021,6,176,27.89,28.88,27.04,21.9,0.01,79.44,3.24
2021-06-26,20210626,2021,6,177,28.49,30.81,27.02,18.69,0.0,78.35,3.17
2021-06-27,20210627,2021,6,178,28.97,31.44,27.25,22.26,0.0,77.28,3.65
2021-06-28,20210628,2021,6,179,29.46,32.24,27.59,22.07,0.0,75.49,4.14
2021-06-29,20210629,2021,6,180,29.74,33.12,27.6,24.9,0.6,74.72,4.99
2021-06-30,20210630,2021,6,181,29.85,34.17,27.27,22.48,1.58,72.44,5.13
2021-07-01,20210701,2021,7,182,28.74,32.06,26.82,20.07,4.89,79.16,2.79
2021-07-02,20210702,2021,7,183,28.35,31.12,26.61,22.41,3.78,81.47,2.05
2021-07-03,20210703,2021,7,184,27.99,30.35,26.31,14.67,6.55,82.19,1.92
2021-07-04,20210704,2021,7,185,28.06,31.32,25.9,21.24,2.6,78.74,1.35
2021-07-05,20210705,2021,7,186,29.03,32.67,25.92,23.18,0.92,78.86,2.81
2021-07-06,20210706,2021,7,187,29.59,33.15,27.33,24.51,0.58,75.79,4.67
2021-07-07,20210707,2021,7,188,29.6,33.29,27.06,24.14,0.65,75.02,5.09
2021-07-08,20210708,2021,7,189,29.76,33.4,27.2,20.51,0.69,72.77,5.91
2021-07-09,20210709,2021,7,190,28.92,31.04,27.19,18.16,1.36,76.54,5.76
2021-07-10,20210710,2021,7,191,27.69,28.91,26.76,11.2,1.14,84.95,3.99
2021-07-11,20210711,2021,7,192,28.31,31.24,26.42,15.15,0.28,81.04,4.11
2021-07-12,20210712,2021,7,193,29.04,32.43,26.74,24.83,0.24,77.75,4.48
2021-07-13,20210713,2021,7,194,28.57,30.74,26.89,22.73,0.31,79.55,4.26
2021-07-14,20210714,2021,7,195,28.25,31.31,26.34,19.79,0.32,79.8,4.87
2021-07-15,20210715,2021,7,196,28.15,30.51,26.25,20.01,0.99,79.6,4.7
2021-07-16,20210716,2021,7,197,28.52,31.42,26.64,20.15,1.75,78.93,4.54
2021-07-17,20210717,2021,7,198,28.62,31.84,26.69,18.79,1.51,79.07,4.77
2021-07-18,20210718,2021,7,199,28.69,32.24,26.11,24.52,0.3,74.41,5.62
2021-07-19,20210719,2021,7,200,29.37,33.24,26.5,24.87,0.43,75.74,4.02
2021-07-20,20210720,2021,7,201,29.61,33.49,27.12,25.03,0.7,74.18,5.1
2021-07-21,20210721,2021,7,202,29.76,33.24,26.86,23.7,0.15,70.93,5.55
2021-07-22,20210722,2021,7,203,29.19,32.71,26.87,23.72,0.45,74.09,5.52
2021-07-23,20210723,2021,7,204,29.34,33.1,26.88,22.64,0.29,75.6,4.94
2021-07-24,20210724,2021,7,205,28.01,30.77,26.37,16.02,1.85,84.79,2.5
2021-07-25,20210725,2021,7,206,27.26,29.01,26.23,11.76,1.12,83.07,1.91
2021-07-26,20210726,2021,7,207,27.67,30.45,25.81,19.36,0.26,76.31,2.2
2021-07-27,20210727,2021,7,208,28.26,30.46,26.49,19.57,0.43,81.93,3.65
2021-07-28,20210728,2021,7,209,29.31,32.72,27.19,24.25,0.2,74.35,4.86
2021-07-29,20210729,2021,7,210,29.85,33.77,27.27,23.5,0.25,72.88,4.55
2021-07-30,20210730,2021,7,211,29.89,34.21,27.13,22.26,0.49,75.52,3.9
2021-07-31,20210731,2021,7,212,29.89,33.65,27.71,24.32,0.14,73.99,4.98
2021-08-01,20210801,2021,8,213,30.22,34.62,27.53,24.02,0.16,72.4,3.88
2021-08-02,20210802,2021,8,214,28.63,31.17,27.22,13.11,1.25,81.59,2.75
2021-08-03,20210803,2021,8,215,28.98,31.94,26.77,17.96,0.28,77.62,2.36
2021-08-04,20210804,2021,8,216,28.04,29.07,27.13,21.07,0.29,79.01,2.45
2021-08-05,20210805,2021,8,217,30.0,33.76,27.58,24.9,0.22,73.85,4.06
2021-08-06,20210806,2021,8,218,29.93,33.54,27.63,23.1,0.13,72.92,4.16
2021-08-07,20210807,2021,8,219,29.0,31.64,27.32,16.8,0.35,77.4,3.5
2021-08-08,20210808,2021,8,220,29.52,32.99,27.25,21.47,0.11,71.95,4.88
2021-08-09,20210809,2021,8,221,29.62,33.12,27.33,25.62,0.0,72.54,4.42
2021-08-10,20210810,2021,8,222,29.48,33.55,27.6,21.34,0.02,75.41,4.7
2021-08-11,20210811,2021,8,223,28.83,31.16,27.45,17.9,0.01,78.58,3.72
2021-08-12,20210812,2021,8,224,28.57,30.75,26.97,23.96,0.01,80.02,2.4
2021-08-13,20210813,2021,8,225,29.53,33.2,27.55,18.56,0.29,76.52,3.25
2021-08-14,20210814,2021,8,226,29.81,33.6,27.49,18.51,0.67,70.27,4.25
2021-08-15,20210815,2021,8,227,28.47,30.18,26.85,19.6,0.52,78.64,2.2
2021-08-16,20210816,2021,8,228,27.32,29.35,26.21,17.4,1.04,80.01,1.97
2021-08-17,20210817,2021,8,229,28.11,31.02,26.38,19.47,3.85,79.27,1.64
2021-08-18,20210818,2021,8,230,28.94,31.74,26.5,21.66,5.17,81.44,3.78
2021-08-19,20210819,2021,8,231,28.96,30.92,27.62,19.19,4.8,82.73,3.5
2021-08-20,20210820,2021,8,232,28.09,30.03,26.78,20.52,3.08,82.29,1.67
2021-08-21,20210821,2021,8,233,28.4,30.76,26.59,23.34,1.7,80.16,2.28
2021-08-22,20210822,2021,8,234,29.1,31.67,27.55,20.44,3.35,81.0,3.85
2021-08-23,20210823,2021,8,235,29.19,31.91,27.48,21.22,3.99,81.16,4.2
2021-08-24,20210824,2021,8,236,28.85,32.02,26.9,15.25,2.66,77.72,3.43
2021-08-25,20210825,2021,8,237,28.39,31.6,26.66,15.78,1.69,77.66,1.99
2021-08-26,20210826,2021,8,238,27.52,29.43,26.8,18.79,3.21,81.42,1.26
2021-08-27,20210827,2021,8,239,27.69,29.23,26.04,21.31,1.46,85.39,2.55
2021-08-28,20210828,2021,8,240,29.42,33.02,27.1,21.64,2.14,77.16,4.47
2021-08-29,20210829,2021,8,241,29.36,32.08,27.38,23.91,1.26,79.76,4.25
2021-08-30,20210830,2021,8,242,28.24,30.35,27.19,10.15,1.85,83.88,3.39
2021-08-31,20210831,2021,8,243,27.49,29.47,26.51,11.6,2.24,82.05,3.03
2021-09-01,20210901,2021,9,244,27.56,29.07,26.18,19.43,0.39,80.65,2.25
2021-09-02,20210902,2021,9,245,29.47,32.92,27.12,22.81,0.5,77.64,3.59
2021-09-03,20210903,2021,9,246,29.87,33.28,27.8,22.44,1.36,77.94,4.63
2021-09-04,20210904,2021,9,247,29.71,33.07,27.57,18.73,0.77,76.04,4.66
2021-09-05,20210905,2021,9,248,28.44,30.49,27.41,10.58,3.76,83.55,3.61
2021-09-06,20210906,2021,9,249,27.97,30.0,26.68,21.66,1.96,86.76,2.71
2021-09-07,20210907,2021,9,250,27.56,29.82,26.62,18.61,1.74,83.7,2.67
2021-09-08,20210908,2021,9,251,27.45,29.14,26.13,19.4,2.18,82.35,2.2
2021-09-09,20210909,2021,9,252,29.0,30.87,27.56,22.51,1.84,83.44,3.72
2021-09-10,20210910,2021,9,253,29.69,32.96,27.85,23.21,1.27,78.61,4.57
2021-09-11,20210911,2021,9,254,28.75,30.75,27.62,14.34,7.22,83.08,3.74
2021-09-12,20210912,2021,9,255,28.61,30.72,27.22,16.99,1.15,81.12,3.3
2021-09-13,20210913,2021,9,256,28.83,31.03,27.5,18.36,0.85,80.48,2.23
2021-09-14,20210914,2021,9,257,29.01,31.52,27.42,20.74,0.61,78.06,3.34
2021-09-15,20210915,2021,9,258,29.07,31.47,27.71,19.97,0.85,78.87,3.23
2021-09-16,20210916,2021,9,259,29.51,32.75,27.84,19.22,0.71,78.84,2.83
2021-09-17,20210917,2021,9,260,29.87,32.7,27.85,23.75,0.93,78.47,4.53
2021-09-18,20210918,2021,9,261,29.77,32.89,28.07,24.47,1.55,77.02,4.69
2021-09-19,20210919,2021,9,262,29.02,31.45,27.55,19.91,0.55,75.35,3.28
2021-09-20,20210920,2021,9,263,29.4,32.61,27.25,21.09,0.55,74.45,3.25
2021-09-21,20210921,2021,9,264,29.01,31.61,27.54,15.9,0.68,78.64,3.47
2021-09-22,20210922,2021,9,265,28.78,30.45,27.86,12.13,2.1,86.26,3.83
2021-09-23,20210923,2021,9,266,28.99,31.21,27.7,21.2,1.08,82.87,2.41
2021-09-24,20210924,2021,9,267,28.06,29.64,26.89,17.51,0.87,82.55,1.92
2021-09-25,20210925,2021,9,268,29.42,32.66,27.64,22.47,0.61,80.21,3.45
2021-09-26,20210926,2021,9,269,29.49,31.73,27.89,23.83,0.82,79.23,3.69
2021-09-27,20210927,2021,9,270,29.65,32.69,28.17,24.03,0.69,78.5,3.97
2021-09-28,20210928,2021,9,271,29.41,31.78,27.89,17.0,1.21,80.02,3.59
2021-09-29,20210929,2021,9,272,28.62,30.83,27.29,16.39,1.23,81.5,2.95
2021-09-30,20210930,2021,9,273,28.56,31.09,27.13,20.89,1.06,78.52,2.71
2021-10-01,20211001,2021,10,274,28.39,30.57,26.89,19.79,1.15,78.84,3.41
2021-10-02,20211002,2021,10,275,29.25,31.76,27.7,23.74,0.98,75.67,3.59
2021-10-03,20211003,2021,10,276,29.07,31.71,27.46,18.79,3.57,76.62,2.87
2021-10-04,20211004,2021,10,277,28.99,31.14,27.52,18.63,3.57,81.05,2.19
2021-10-05,20211005,2021,10,278,29.37,32.03,27.74,20.58,4.65,82.49,3.52
2021-10-06,20211006,2021,10,279,29.18,31.62,27.82,17.06,4.06,82.75,3.5
2021-10-07,20211007,2021,10,280,29.82,32.88,27.78,19.71,2.48,77.36,4.92
2021-10-08,20211008,2021,10,281,29.73,33.1,27.65,21.16,2.52,75.71,4.26
2021-10-09,20211009,2021,10,282,29.26,32.16,27.45,18.16,4.6,78.35,3.24
2021-10-10,20211010,2021,10,283,28.82,30.87,27.62,17.83,4.71,80.43,3.23
2021-10-11,20211011,2021,10,284,28.41,30.31,27.26,15.81,5.53,81.73,2.61
2021-10-12,20211012,2021,10,285,28.31,30.07,27.39,19.49,5.62,83.86,2.95
2021-10-13,20211013,2021,10,286,27.83,29.13,27.16,12.45,3.18,86.72,2.68
2021-10-14,20211014,2021,10,287,28.72,31.11,26.95,20.35,1.3,78.83,2.01
2021-10-15,20211015,2021,10,288,28.93,32.32,26.96,19.94,1.98,81.19,2.43
2021-10-16,20211016,2021,10,289,28.77,31.26,27.33,14.17,1.97,79.95,2.85
2021-10-17,20211017,2021,10,290,27.72,29.6,26.44,18.29,2.96,83.29,1.59
2021-10-18,20211018,2021,10,291,27.37,29.33,25.68,21.39,2.27,85.81,2.38
2021-10-19,20211019,2021,10,292,29.05,31.29,27.66,21.3,2.85,81.1,3.36
2021-10-20,20211020,2021,10,293,29.77,33.43,27.79,18.15,0.74,75.35,4.47
2021-10-21,20211021,2021,10,294,29.79,32.94,27.89,21.33,0.83,74.97,4.49
2021-10-22,20211022,2021,10,295,29.34,32.57,27.23,21.63,0.82,75.58,2.56
2021-10-23,20211023,2021,10,296,29.31,32.51,27.45,19.77,1.68,78.33,2.58
2021-10-24,20211024,2021,10,297,28.31,29.92,27.48,19.35,1.53,84.97,3.46
2021-10-25,20211025,2021,10,298,29.5,32.82,27.33,20.15,0.34,75.02,4.91
2021-10-26,20211026,2021,10,299,29.52,32.8,27.59,21.48,0.85,76.49,4.82
2021-10-27,20211027,2021,10,300,29.18,31.84,27.48,18.07,2.51,80.39,3.22
2021-10-28,20211028,2021,10,301,28.41,30.45,27.29,17.21,1.67,80.99,2.11
2021-10-29,20211029,2021,10,302,28.52,30.75,27.07,10.09,1.55,78.56,1.64
2021-10-30,20211030,2021,10,303,27.92,29.67,26.73,15.1,4.32,79.3,1.92
2021-10-31,20211031,2021,10,304,26.94,28.24,26.02,17.11,38.79,83.95,1.8
2021-11-01,20211101,2021,11,305,27.04,28.89,25.61,14.08,1.24,81.23,2.36
2021-11-02,20211102,2021,11,306,27.85,29.55,26.68,19.12,0.41,77.89,2.71
2021-11-03,20211103,2021,11,307,28.25,31.41,26.44,18.84,2.21,77.11,2.21
2021-11-04,20211104,2021,11,308,28.35,31.45,26.29,17.93,4.31,79.43,2.05
2021-11-05,20211105,2021,11,309,28.93,32.32,26.74,21.16,2.06,78.98,3.51
2021-11-06,20211106,2021,11,310,29.49,33.58,27.08,22.11,0.38,76.33,3.84
2021-11-07,20211107,2021,11,311,28.81,30.85,27.6,20.12,0.06,80.35,4.31
2021-11-08,20211108,2021,11,312,28.55,30.49,27.39,15.14,0.03,78.63,4.37
2021-11-09,20211109,2021,11,313,28.33,30.2,27.28,18.73,0.02,76.16,5.07
2021-11-10,20211110,2021,11,314,28.66,31.78,26.62,20.54,0.0,74.1,4.66
2021-11-11,20211111,2021,11,315,28.78,32.17,26.43,20.09,0.09,74.19,4.79
2021-11-12,20211112,2021,11,316,28.76,32.14,26.2,22.22,0.21,74.67,4.96
2021-11-13,20211113,2021,11,317,28.83,32.35,26.26,22.44,0.75,74.68,5.11
2021-11-14,20211114,2021,11,318,28.51,31.31,26.7,20.32,1.44,77.29,4.86
2021-11-15,20211115,2021,11,319,28.55,31.58,26.81,20.14,1.42,77.37,5.16
2021-11-16,20211116,2021,11,320,28.63,31.53,26.86,20.93,0.1,74.95,5.22
2021-11-17,20211117,2021,11,321,28.55,31.8,26.45,20.71,0.0,75.35,5.21
2021-11-18,20211118,2021,11,322,28.66,31.93,26.49,21.96,0.0,75.86,4.85
2021-11-19,20211119,2021,11,323,28.61,31.57,26.89,21.0,0.0,75.14,5.18
2021-11-20,20211120,2021,11,324,28.79,32.26,26.87,19.86,0.0,76.73,4.73
2021-11-21,20211121,2021,11,325,28.47,31.65,26.85,18.65,0.28,77.1,4.84
2021-11-22,20211122,2021,11,326,27.77,30.07,26.48,15.33,5.42,82.19,3.42
2021-11-23,20211123,2021,11,327,27.58,29.74,26.38,12.08,1.33,82.52,2.76
2021-11-24,20211124,2021,11,328,27.73,29.93,26.29,13.1,1.75,81.25,3.33
2021-11-25,20211125,2021,11,329,27.95,30.54,26.46,18.2,2.22,79.3,4.6
2021-11-26,20211126,2021,11,330,27.7,30.4,26.44,10.09,4.56,81.25,4.14
2021-11-27,20211127,2021,11,331,27.64,29.8,26.37,17.89,4.49,82.93,3.95
2021-11-28,20211128,2021,11,332,28.22,30.65,26.72,19.03,1.58,79.36,4.85
2021-11-29,20211129,2021,11,333,28.42,30.85,26.61,20.9,1.12,79.92,4.77
2021-11-30,20211130,2021,11,334,27.88,29.83,26.82,15.36,3.63,82.81,4.73
2021-12-01,20211201,2021,12,335,27.93,30.15,26.52,15.92,1.24,78.61,4.57
2021-12-02,20211202,2021,12,336,28.5,31.84,26.43,20.53,0.33,78.3,4.57
2021-12-03,20211203,2021,12,337,28.68,31.58,26.65,20.46,0.14,75.61,5.39
2021-12-04,20211204,2021,12,338,28.27,30.73,26.84,15.8,0.06,78.63,5.38
2021-12-05,20211205,2021,12,339,28.27,31.1,26.1,17.81,0.02,78.35,4.96
2021-12-06,20211206,2021,12,340,28.26,31.22,25.97,20.24,0.01,77.95,5.03
2021-12-07,20211207,2021,12,341,28.38,31.66,25.98,20.96,0.0,75.46,5.67
2021-12-08,20211208,2021,12,342,28.09,31.19,26.07,20.8,0.0,75.03,5.23
2021-12-09,20211209,2021,12,343,27.88,30.82,25.99,20.16,0.0,76.04,5.63
2021-12-10,20211210,2021,12,344,27.93,30.99,25.87,20.71,0.0,74.11,5.59
2021-12-11,20211211,2021,12,345,27.72,30.74,25.9,19.81,0.0,74.65,5.64
2021-12-12,20211212,2021,12,346,27.53,30.56,25.79,17.87,0.01,77.83,4.72
2021-12-13,20211213,2021,12,347,27.71,30.96,25.67,20.54,0.01,75.86,4.74
2021-12-14,20211214,2021,12,348,27.89,31.14,25.87,20.26,0.02,77.13,4.92
2021-12-15,20211215,2021,12,349,27.55,29.52,26.23,19.32,0.02,79.25,4.85
2021-12-16,20211216,2021,12,350,27.66,30.01,25.78,19.71,0.03,78.61,4.91
2021-12-17,20211217,2021,12,351,27.86,30.93,26.06,17.68,0.04,75.95,5.39
2021-12-18,20211218,2021,12,352,27.65,30.64,26.15,16.54,0.07,79.34,4.6
2021-12-19,20211219,2021,12,353,27.58,30.53,25.85,19.91,0.01,79.17,4.54
2021-12-20,20211220,2021,12,354,27.2,29.62,25.58,18.93,0.01,79.52,4.5
2021-12-21,20211221,2021,12,355,27.33,30.46,25.5,15.7,0.37,80.5,3.14
2021-12-22,20211222,2021,12,356,26.99,29.61,25.67,15.51,3.85,84.08,2.95
2021-12-23,20211223,2021,12,357,27.02,29.39,25.58,17.81,4.5,85.23,3.56
2021-12-24,20211224,2021,12,358,27.62,29.95,26.28,18.01,2.99,81.49,4.93
2021-12-25,20211225,2021,12,359,28.01,30.92,26.22,19.59,1.56,78.7,4.89
2021-12-26,20211226,2021,12,360,28.1,30.96,26.33,20.42,1.74,79.21,5.49
2021-12-27,20211227,2021,12,361,28.07,30.94,26.47,19.71,0.01,76.17,5.52
2021-12-28,20211228,2021,12,362,27.87,30.84,26.18,19.94,0.0,71.62,4.83
2021-12-29,20211229,2021,12,363,27.83,30.95,25.54,19.94,0.04,76.53,4.45
2021-12-30,20211230,2021,12,364,27.67,30.97,25.46,19.33,0.04,77.31,4.97
2021-12-31,20211231,2021,12,365,27.28,30.16,25.12,21.12,0.0,75.18,5.46
2022-01-01,20220101,2022,1,1,27.69,31.16,25.01,21.12,0.0,74.39,4.95
2022-01-02,20220102,2022,1,2,27.66,31.69,24.83,21.03,0.0,75.76,4.62
2022-01-03,20220103,2022,1,3,27.32,30.68,24.82,20.84,0.0,74.97,5.16
2022-01-04,20220104,2022,1,4,27.33,30.8,25.23,21.47,0.0,71.9,5.74
2022-01-05,20220105,2022,1,5,27.06,30.19,25.16,21.63,0.0,71.17,5.79
2022-01-06,20220106,2022,1,6,27.03,30.72,24.11,21.44,0.0,72.52,4.95
2022-01-07,20220107,2022,1,7,26.94,30.33,24.57,20.9,0.0,74.01,4.66
2022-01-08,20220108,2022,1,8,27.31,30.73,25.12,18.37,0.01,71.81,5.49
2022-01-09,20220109,2022,1,9,27.39,30.57,25.06,21.53,0.0,70.19,5.76
2022-01-10,20220110,2022,1,10,26.76,29.37,25.4,18.69,0.18,74.45,5.05
2022-01-11,20220111,2022,1,11,26.55,28.84,25.03,15.57,0.38,77.65,4.92
2022-01-12,20220112,2022,1,12,26.85,30.06,24.9,21.46,0.01,73.07,4.86
2022-01-13,20220113,2022,1,13,26.48,29.65,24.78,20.54,0.04,74.1,3.99
2022-01-14,20220114,2022,1,14,26.39,29.31,24.61,20.15,0.03,74.13,4.32
2022-01-15,20220115,2022,1,15,27.03,30.56,25.0,20.05,0.06,74.07,4.64
2022-01-16,20220116,2022,1,16,27.33,31.23,24.71,18.65,0.04,74.43,4.43
2022-01-17,20220117,2022,1,17,27.35,30.31,25.39,19.64,0.41,79.13,4.9
2022-01-18,20220118,2022,1,18,27.65,30.6,26.07,19.42,0.11,75.12,5.88
2022-01-19,20220119,2022,1,19,27.82,30.9,25.57,21.76,0.0,72.54,5.52
2022-01-20,20220120,2022,1,20,28.04,31.8,25.12,21.88,0.05,75.18,5.21
2022-01-21,20220121,2022,1,21,28.05,30.5,26.08,20.96,0.0,72.29,5.41
2022-01-22,20220122,2022,1,22,27.81,30.98,25.8,20.9,0.0,72.33,5.36
2022-01-23,20220123,2022,1,23,27.27,30.41,25.34,18.98,0.02,73.34,5.63
2022-01-24,20220124,2022,1,24,27.43,31.04,25.45,21.34,0.01,71.02,5.44
2022-01-25,20220125,2022,1,25,27.48,30.96,25.47,21.56,0.01,72.49,5.5
2022-01-26,20220126,2022,1,26,27.47,30.89,25.3,19.49,0.0,74.34,5.03
2022-01-27,20220127,2022,1,27,27.55,30.75,25.77,21.7,0.0,72.57,5.74
2022-01-28,20220128,2022,1,28,27.35,30.92,25.32,22.23,0.0,74.33,4.68
2022-01-29,20220129,2022,1,29,26.62,28.75,25.26,19.91,0.0,73.52,4.44
2022-01-30,20220130,2022,1,30,26.63,29.3,24.9,20.84,0.0,72.33,5.07
2022-01-31,20220131,2022,1,31,27.01,30.48,25.04,21.56,0.0,72.91,4.82
2022-02-01,20220201,2022,2,32,27.43,31.25,25.02,22.8,0.0,72.33,4.7
2022-02-02,20220202,2022,2,33,27.77,31.91,24.97,22.46,0.0,74.6,4.73
2022-02-03,20220203,2022,2,34,27.76,31.9,24.98,22.64,0.0,74.78,5.21
2022-02-04,20220204,2022,2,35,27.76,31.29,25.86,22.21,0.0,74.35,5.68
2022-02-05,20220205,2022,2,36,27.35,30.66,25.4,22.24,0.03,73.14,5.68
2022-02-06,20220206,2022,2,37,27.46,31.15,25.14,23.21,0.01,71.32,4.87
2022-02-07,20220207,2022,2,38,27.67,31.29,25.65,20.06,0.07,73.95,4.73
2022-02-08,20220208,2022,2,39,27.51,30.71,25.81,19.0,0.45,79.43,4.46
2022-02-09,20220209,2022,2,40,27.63,30.69,25.79,17.18,0.38,78.79,4.34
2022-02-10,20220210,2022,2,41,28.03,31.27,25.63,19.98,0.07,74.97,4.96
2022-02-11,20220211,2022,2,42,28.11,31.54,25.92,22.48,0.0,69.41,6.05
2022-02-12,20220212,2022,2,43,28.05,31.39,25.75,22.17,0.01,71.76,5.79
2022-02-13,20220213,2022,2,44,28.1,31.92,25.69,22.88,0.01,71.89,5.51
2022-02-14,20220214,2022,2,45,27.67,30.35,25.98,20.94,0.05,73.38,6.16
2022-02-15,20220215,2022,2,46,27.92,30.63,26.11,20.18,0.0,68.62,6.54
2022-02-16,20220216,2022,2,47,28.07,31.35,25.97,22.85,0.0,68.98,6.31
2022-02-17,20220217,2022,2,48,28.06,31.59,24.93,23.2,0.0,70.61,5.77
2022-02-18,20220218,2022,2,49,27.61,31.01,25.44,23.51,0.0,70.64,6.24
2022-02-19,20220219,2022,2,50,27.34,30.68,25.01,22.02,0.0,72.03,5.86
2022-02-20,20220220,2022,2,51,27.51,30.96,25.58,24.57,0.0,68.72,6.37
2022-02-21,20220221,2022,2,52,27.62,31.01,25.27,24.46,0.0,67.86,6.18
2022-02-22,20220222,2022,2,53,27.59,31.16,25.13,24.7,0.0,68.98,6.38
2022-02-23,20220223,2022,2,54,27.35,30.53,25.25,23.63,0.0,70.82,5.99
2022-02-24,20220224,2022,2,55,27.33,30.6,25.31,23.85,0.0,70.7,6.29
2022-02-25,20220225,2022,2,56,27.17,30.21,25.4,24.61,0.0,69.47,6.21
2022-02-26,20220226,2022,2,57,27.14,30.73,25.0,23.82,0.0,71.95,5.81
2022-02-27,20220227,2022,2,58,27.34,30.78,25.36,21.66,0.01,74.19,5.48
2022-02-28,20220228,2022,2,59,26.99,29.25,25.48,17.51,0.68,80.63,4.39
2022-03-01,20220301,2022,3,60,27.73,30.81,25.79,18.26,0.45,79.47,4.34
2022-03-02,20220302,2022,3,61,27.62,30.89,25.73,18.91,1.25,80.5,5.3
2022-03-03,20220303,2022,3,62,27.67,30.78,25.46,21.39,0.25,76.73,5.71
2022-03-04,20220304,2022,3,63,27.65,30.76,25.79,23.03,0.02,73.52,6.0
2022-03-05,20220305,2022,3,64,27.58,30.57,25.84,21.93,0.1,76.57,6.11
2022-03-06,20220306,2022,3,65,27.7,30.17,25.89,21.66,0.16,73.2,5.72
2022-03-07,20220307,2022,3,66,27.63,30.79,25.54,21.3,1.6,71.1,5.89
2022-03-08,20220308,2022,3,67,27.6,30.98,25.36,23.89,5.09,71.28,5.18
2022-03-09,20220309,2022,3,68,27.29,30.44,25.36,24.33,8.9,75.56,4.88
2022-03-10,20220310,2022,3,69,27.45,31.39,25.38,20.62,21.03,77.89,4.8
2022-03-11,20220311,2022,3,70,27.47,30.5,25.36,20.15,9.44,80.96,4.23
2022-03-12,20220312,2022,3,71,27.77,30.91,25.93,22.22,3.27,80.81,3.55
2022-03-13,20220313,2022,3,72,27.38,29.93,25.79,17.09,2.27,80.19,4.87
2022-03-14,20220314,2022,3,73,27.5,30.7,25.67,24.07,0.05,75.18,5.56
2022-03-15,20220315,2022,3,74,27.44,30.36,25.15,21.84,0.75,75.48,5.77
2022-03-16,20220316,2022,3,75,27.42,30.91,25.01,23.93,0.02,76.98,5.06
2022-03-17,20220317,2022,3,76,27.35,30.11,25.51,18.14,0.0,78.7,5.01
2022-03-18,20220318,2022,3,77,27.73,31.26,25.5,24.16,0.0,73.91,5.51
2022-03-19,20220319,2022,3,78,27.46,30.61,24.88,23.07,0.0,75.55,5.81
2022-03-20,20220320,2022,3,79,27.67,30.73,25.48,19.53,0.0,76.19,5.62
2022-03-21,20220321,2022,3,80,27.48,30.29,25.76,22.85,0.0,76.5,6.36
2022-03-22,20220322,2022,3,81,27.64,31.36,25.38,25.35,0.0,72.85,5.89
2022-03-23,20220323,2022,3,82,28.14,31.94,25.02,26.08,0.0,71.38,5.27
2022-03-24,20220324,2022,3,83,27.76,31.07,25.63,25.45,0.0,72.96,5.76
2022-03-25,20220325,2022,3,84,27.38,30.77,24.97,24.16,0.0,76.09,5.23
2022-03-26,20220326,2022,3,85,26.98,29.46,25.47,17.66,0.02,81.57,5.3
2022-03-27,20220327,2022,3,86,27.35,30.83,25.45,17.91,0.19,80.05,5.73
2022-03-28,20220328,2022,3,87,26.61,28.21,25.61,15.65,2.76,82.18,7.1
2022-03-29,20220329,2022,3,88,27.51,30.73,25.66,17.42,0.09,77.21,6.7
2022-03-30,20220330,2022,3,89,27.37,30.28,25.65,19.42,0.54,78.1,5.22
2022-03-31,20220331,2022,3,90,27.26,29.82,25.81,19.83,0.71,76.63,4.92
2022-04-01,20220401,2022,4,91,27.8,31.49,25.51,17.08,1.81,76.96,4.9
2022-04-02,20220402,2022,4,92,27.79,31.29,25.65,18.98,2.37,77.88,5.23
2022-04-03,20220403,2022,4,93,27.2,30.01,25.76,18.07,10.19,82.69,5.15
2022-04-04,20220404,2022,4,94,26.74,28.78,25.49,15.88,22.67,86.91,4.0
2022-04-05,20220405,2022,4,95,26.93,28.89,25.62,19.77,4.36,85.33,4.37
2022-04-06,20220406,2022,4,96,27.16,29.45,25.98,20.09,1.7,83.75,4.47
2022-04-07,20220407,2022,4,97,27.48,31.0,25.56,16.2,5.71,82.03,4.61
2022-04-08,20220408,2022,4,98,27.67,30.61,25.96,15.17,9.28,83.05,5.02
2022-04-09,20220409,2022,4,99,27.76,30.9,25.92,21.2,0.1,77.78,5.9
2022-04-10,20220410,2022,4,100,27.75,31.19,25.71,21.87,0.02,74.91,6.21
2022-04-11,20220411,2022,4,101,27.87,30.87,25.89,22.62,0.88,75.03,6.27
2022-04-12,20220412,2022,4,102,27.97,31.21,26.11,23.98,1.17,77.72,6.33
2022-04-13,20220413,2022,4,103,28.37,32.79,25.77,23.22,0.65,75.42,5.8
2022-04-14,20220414,2022,4,104,28.13,31.99,25.84,21.15,0.37,75.99,5.03
2022-04-15,20220415,2022,4,105,28.0,31.83,25.41,23.51,0.22,78.15,5.25
2022-04-16,20220416,2022,4,106,28.5,32.75,25.72,18.68,0.55,78.27,3.94
2022-04-17,20220417,2022,4,107,28.34,31.78,25.93,20.24,4.1,80.82,2.32
2022-04-18,20220418,2022,4,108,28.25,31.21,26.1,18.69,2.31,82.63,2.27
2022-04-19,20220419,2022,4,109,27.76,29.56,26.48,16.4,3.53,83.32,2.27
2022-04-20,20220420,2022,4,110,27.49,28.94,26.3,15.91,9.44,82.11,1.45
2022-04-21,20220421,2022,4,111,27.37,29.36,25.83,18.7,21.93,81.24,1.46
2022-04-22,20220422,2022,4,112,27.32,29.79,25.67,14.65,10.9,79.81,1.75
2022-04-23,20220423,2022,4,113,27.35,30.05,25.16,18.68,2.56,79.21,3.08
2022-04-24,20220424,2022,4,114,28.38,31.81,26.17,20.45,2.61,75.71,4.6
2022-04-25,20220425,2022,4,115,27.6,29.37,26.45,14.41,10.54,82.53,3.58
2022-04-26,20220426,2022,4,116,27.99,30.41,26.38,16.69,1.92,80.98,4.62
2022-04-27,20220427,2022,4,117,27.72,29.63,26.44,18.24,1.32,79.43,4.98
2022-04-28,20220428,2022,4,118,27.49,29.33,26.52,14.74,1.02,80.24,4.98
2022-04-29,20220429,2022,4,119,27.49,29.38,26.04,17.76,2.85,85.23,4.07
2022-04-30,20220430,2022,4,120,27.88,30.21,26.56,19.12,7.56,86.49,3.26
2022-05-01,20220501,2022,5,121,27.89,30.4,26.27,16.45,6.42,86.0,1.81
2022-05-02,20220502,2022,5,122,28.47,31.42,26.13,22.32,2.97,82.55,2.21
2022-05-03,20220503,2022,5,123,28.39,31.07,26.77,23.72,0.87,82.35,4.24
2022-05-04,20220504,2022,5,124,28.46,31.45,26.26,23.16,0.46,81.2,4.24
2022-05-05,20220505,2022,5,125,28.12,30.55,26.92,16.99,2.39,84.22,3.83
2022-05-06,20220506,2022,5,126,27.73,29.3,26.44,10.47,4.15,84.16,2.28
2022-05-07,20220507,2022,5,127,28.23,31.57,26.23,19.84,1.33,80.92,3.07
2022-05-08,20220508,2022,5,128,28.49,31.58,26.77,24.2,2.75,82.49,3.22
2022-05-09,20220509,2022,5,129,28.33,30.14,27.09,18.8,3.23,85.57,3.56
2022-05-10,20220510,2022,5,130,27.85,29.3,27.2,11.45,4.19,88.29,2.3
2022-05-11,20220511,2022,5,131,28.0,29.94,26.63,14.07,1.58,84.47,1.88
2022-05-12,20220512,2022,5,132,28.36,30.68,27.13,20.9,0.29,81.98,2.22
2022-05-13,20220513,2022,5,133,28.43,31.14,27.0,14.99,1.55,83.04,3.67
2022-05-14,20220514,2022,5,134,27.94,29.58,26.97,17.41,1.01,85.93,3.83
2022-05-15,20220515,2022,5,135,28.09,29.8,26.81,16.66,0.32,84.64,3.18
2022-05-16,20220516,2022,5,136,28.72,31.78,26.95,17.54,0.45,81.45,4.05
2022-05-17,20220517,2022,5,137,28.4,31.05,27.01,10.67,1.5,86.05,2.57
2022-05-18,20220518,2022,5,138,28.29,30.45,26.97,15.03,1.25,85.05,3.26
2022-05-19,20220519,2022,5,139,28.52,30.86,27.04,16.44,0.96,83.38,2.46
2022-05-20,20220520,2022,5,140,28.69,31.35,26.95,20.02,0.44,81.74,2.71
2022-05-21,20220521,2022,5,141,29.47,33.69,26.63,24.3,0.64,75.85,4.44
2022-05-22,20220522,2022,5,142,29.21,33.44,26.67,25.3,0.22,76.3,4.62
2022-05-23,20220523,2022,5,143,29.03,32.68,26.54,23.41,1.07,76.39,3.92
2022-05-24,20220524,2022,5,144,28.56,31.2,26.93,16.23,3.12,81.4,3.68
2022-05-25,20220525,2022,5,145,28.25,30.33,26.7,16.19,3.91,83.36,2.81
2022-05-26,20220526,2022,5,146,28.28,30.21,26.88,18.52,21.91,85.15,3.21
2022-05-27,20220527,2022,5,147,28.47,30.57,27.2,23.49,12.04,82.95,2.47
2022-05-28,20220528,2022,5,148,28.62,30.81,27.14,22.97,8.6,81.42,3.46
2022-05-29,20220529,2022,5,149,28.62,31.89,26.5,24.35,4.38,80.39,3.75
2022-05-30,20220530,2022,5,150,28.47,31.66,26.66,21.94,2.45,80.89,3.56
2022-05-31,20220531,2022,5,151,28.82,32.13,26.42,20.72,1.17,78.33,3.81
2022-06-01,20220601,2022,6,152,28.4,31.16,26.82,21.24,2.52,81.18,2.54
2022-06-02,20220602,2022,6,153,28.82,32.09,26.5,20.73,5.04,80.21,2.38
2022-06-03,20220603,2022,6,154,28.03,30.69,26.22,18.04,3.42,80.01,1.94
2022-06-04,20220604,2022,6,155,27.19,29.12,25.79,14.63,1.57,82.55,1.7
2022-06-05,20220605,2022,6,156,28.91,32.49,26.43,18.52,1.67,77.16,1.78
2022-06-06,20220606,2022,6,157,28.8,31.1,27.37,20.29,3.67,81.76,2.48
2022-06-07,20220607,2022,6,158,28.35,30.66,27.1,16.55,7.2,83.26,2.64
2022-06-08,20220608,2022,6,159,28.16,29.99,27.09,20.7,3.25,81.5,2.5
2022-06-09,20220609,2022,6,160,28.45,30.67,27.13,14.47,7.01,80.99,3.85
2022-06-10,20220610,2022,6,161,28.08,29.86,26.6,18.52,7.67,81.65,2.85
2022-06-11,20220611,2022,6,162,28.32,30.23,26.86,13.44,5.48,82.94,3.44
2022-06-12,20220612,2022,6,163,27.91,29.65,26.78,13.31,11.14,85.3,3.12
2022-06-13,20220613,2022,6,164,28.65,30.95,27.1,23.5,6.58,82.19,3.92
2022-06-14,20220614,2022,6,165,27.51,28.62,26.89,12.1,3.95,86.61,3.28
2022-06-15,20220615,2022,6,166,27.98,29.78,26.63,18.44,6.74,82.97,2.4
2022-06-16,20220616,2022,6,167,28.03,29.6,26.93,17.99,5.54,85.55,2.44
2022-06-17,20220617,2022,6,168,28.21,29.59,26.96,14.27,3.72,84.75,3.11
2022-06-18,20220618,2022,6,169,27.97,29.99,26.42,15.35,4.05,84.22,1.58
2022-06-19,20220619,2022,6,170,27.98,30.01,26.36,9.2,8.26,85.03,2.04
2022-06-20,20220620,2022,6,171,27.49,29.9,25.91,21.97,11.75,84.67,3.8
2022-06-21,20220621,2022,6,172,27.75,29.16,26.75,16.97,19.26,84.82,3.78
2022-06-22,20220622,2022,6,173,27.86,29.56,26.6,20.34,3.88,85.13,3.45
2022-06-23,20220623,2022,6,174,28.49,31.47,26.74,20.11,4.08,84.31,3.11
2022-06-24,20220624,2022,6,175,27.72,29.03,26.84,13.35,8.3,87.4,3.76
2022-06-25,20220625,2022,6,176,27.89,29.66,26.66,15.7,29.64,85.11,2.79
2022-06-26,20220626,2022,6,177,27.6,29.56,26.73,15.78,11.84,84.28,2.61
2022-06-27,20220627,2022,6,178,28.06,30.17,26.68,14.98,40.37,82.96,2.67
2022-06-28,20220628,2022,6,179,28.14,31.25,26.45,20.46,20.39,82.04,3.61
2022-06-29,20220629,2022,6,180,28.29,31.23,26.81,19.61,6.2,82.24,4.95
2022-06-30,20220630,2022,6,181,28.04,30.24,26.55,17.49,3.36,83.15,3.37
2022-07-01,20220701,2022,7,182,27.45,29.35,26.29,18.93,9.09,87.89,2.97
2022-07-02,20220702,2022,7,183,27.78,29.48,26.81,19.99,9.41,87.52,3.86
2022-07-03,20220703,2022,7,184,28.33,30.59,26.75,23.13,7.58,86.87,2.48
2022-07-04,20220704,2022,7,185,27.79,30.5,26.7,18.42,29.67,89.27,3.61
2022-07-05,20220705,2022,7,186,27.43,28.6,26.7,15.47,2.48,88.4,3.99
2022-07-06,20220706,2022,7,187,27.83,29.98,26.39,21.39,0.89,85.3,3.66
2022-07-07,20220707,2022,7,188,28.0,29.75,26.86,21.24,1.02,87.26,4.03
2022-07-08,20220708,2022,7,189,28.04,30.11,26.74,18.2,0.78,84.69,4.29
2022-07-09,20220709,2022,7,190,28.04,30.77,26.64,21.93,1.87,85.33,3.98
2022-07-10,20220710,2022,7,191,27.92,30.84,26.39,15.98,12.47,87.12,3.15
2022-07-11,20220711,2022,7,192,27.85,30.27,26.58,14.59,6.2,87.63,3.55
2022-07-12,20220712,2022,7,193,27.76,29.87,26.56,19.15,10.26,87.49,3.77
2022-07-13,20220713,2022,7,194,28.0,30.08,26.56,20.68,11.88,83.66,3.72
2022-07-14,20220714,2022,7,195,28.14,31.39,26.43,20.82,1.65,82.8,4.26
2022-07-15,20220715,2022,7,196,27.93,31.51,25.98,23.5,0.0,79.43,4.68
2022-07-16,20220716,2022,7,197,28.06,31.38,26.06,23.07,0.03,82.14,4.53
2022-07-17,20220717,2022,7,198,27.79,30.15,26.48,18.46,0.22,86.41,3.92
2022-07-18,20220718,2022,7,199,27.5,29.8,26.38,17.35,0.83,87.89,3.32
2022-07-19,20220719,2022,7,200,27.9,30.37,26.33,21.12,0.61,85.03,4.56
2022-07-20,20220720,2022,7,201,27.67,29.93,26.36,19.64,5.59,84.8,4.19
2022-07-21,20220721,2022,7,202,27.75,31.04,26.25,18.05,31.81,86.47,3.2
2022-07-22,20220722,2022,7,203,27.44,29.72,26.12,16.13,17.39,87.3,2.89
2022-07-23,20220723,2022,7,204,28.04,31.4,26.58,19.43,3.83,83.45,4.55
2022-07-24,20220724,2022,7,205,27.96,31.31,25.99,21.89,3.77,80.82,3.68
2022-07-25,20220725,2022,7,206,27.48,29.26,25.86,17.04,4.28,84.75,3.13
2022-07-26,20220726,2022,7,207,28.18,31.07,26.32,16.52,4.74,81.81,3.66
2022-07-27,20220727,2022,7,208,27.79,29.89,26.73,18.69,25.24,87.23,3.81
2022-07-28,20220728,2022,7,209,27.08,28.52,26.18,10.24,20.4,88.74,2.57
2022-07-29,20220729,2022,7,210,27.91,30.23,26.53,23.23,5.87,84.71,3.63
2022-07-30,20220730,2022,7,211,28.29,30.82,26.83,24.73,0.32,83.54,4.78
2022-07-31,20220731,2022,7,212,28.48,31.22,26.49,23.11,1.0,81.33,4.71
2022-08-01,20220801,2022,8,213,27.89,30.5,26.2,13.84,1.72,82.07,5.11
2022-08-02,20220802,2022,8,214,27.27,29.5,26.01,12.55,4.24,85.61,3.22
2022-08-03,20220803,2022,8,215,27.43,28.84,26.63,13.77,3.56,88.41,3.51
2022-08-04,20220804,2022,8,216,27.51,29.19,26.55,19.9,1.73,87.8,3.85
2022-08-05,20220805,2022,8,217,27.36,28.72,26.71,14.78,3.72,88.91,3.69
2022-08-06,20220806,2022,8,218,27.42,29.58,26.29,15.7,3.48,87.12,3.42
2022-08-07,20220807,2022,8,219,27.58,29.13,26.43,19.99,7.6,87.63,3.44
2022-08-08,20220808,2022,8,220,28.25,31.12,26.54,23.35,1.55,84.08,3.3
2022-08-09,20220809,2022,8,221,28.35,30.84,26.83,23.93,3.22,86.0,3.7
2022-08-10,20220810,2022,8,222,27.95,29.36,27.01,16.64,5.89,88.48,3.36
2022-08-11,20220811,2022,8,223,27.82,29.91,26.44,19.67,12.66,86.93,1.93
2022-08-12,20220812,2022,8,224,27.77,31.3,25.11,17.83,16.1,82.32,1.52
2022-08-13,20220813,2022,8,225,27.45,29.72,24.82,16.91,10.78,84.26,2.13
2022-08-14,20220814,2022,8,226,27.85,29.67,26.66,15.57,33.84,85.78,2.95
2022-08-15,20220815,2022,8,227,27.49,29.54,25.77,19.3,14.37,86.65,1.98
2022-08-16,20220816,2022,8,228,27.21,29.52,25.03,18.52,12.66,83.32,1.19
2022-08-17,20220817,2022,8,229,29.0,32.57,26.95,24.9,4.4,81.77,3.28
2022-08-18,20220818,2022,8,230,28.6,31.59,27.07,24.45,2.0,80.48,4.68
2022-08-19,20220819,2022,8,231,28.56,32.2,26.12,25.89,0.15,80.34,4.4
2022-08-20,20220820,2022,8,232,28.12,30.24,26.74,19.19,1.91,85.63,3.61
2022-08-21,20220821,2022,8,233,27.8,31.03,25.79,16.98,8.21,76.37,1.9
2022-08-22,20220822,2022,8,234,27.45,29.43,25.93,12.03,2.76,85.05,1.52
2022-08-23,20220823,2022,8,235,28.0,31.25,25.74,21.75,2.59,79.37,1.83
2022-08-24,20220824,2022,8,236,27.93,30.74,25.82,23.75,4.23,82.8,2.57
2022-08-25,20220825,2022,8,237,28.1,29.89,27.26,17.54,11.36,86.54,3.29
2022-08-26,20220826,2022,8,238,28.5,31.51,26.97,13.72,7.54,82.87,3.62
2022-08-27,20220827,2022,8,239,28.16,30.02,26.87,19.77,5.51,82.76,2.55
2022-08-28,20220828,2022,8,240,27.88,30.75,26.65,20.59,18.16,82.28,2.05
2022-08-29,20220829,2022,8,241,26.57,27.1,25.99,15.3,48.41,90.07,2.0
2022-08-30,20220830,2022,8,242,28.07,30.49,26.56,22.2,21.38,85.14,3.25
2022-08-31,20220831,2022,8,243,28.62,31.43,27.11,17.15,15.36,83.96,3.57
2022-09-01,20220901,2022,9,244,28.29,29.82,27.12,16.38,15.99,85.5,3.01
2022-09-02,20220902,2022,9,245,28.49,31.49,26.64,21.61,1.97,78.19,3.66
2022-09-03,20220903,2022,9,246,28.47,31.67,26.69,21.58,18.59,81.8,3.71
2022-09-04,20220904,2022,9,247,28.28,30.7,26.84,18.59,21.51,84.06,2.34
2022-09-05,20220905,2022,9,248,27.71,29.53,26.59,18.04,28.09,87.78,2.0
2022-09-06,20220906,2022,9,249,28.24,30.86,26.61,21.45,6.47,82.89,2.01
2022-09-07,20220907,2022,9,250,28.28,30.77,26.93,17.23,24.25,84.4,1.7
2022-09-08,20220908,2022,9,251,28.05,30.48,26.17,16.44,7.79,82.46,1.39
2022-09-09,20220909,2022,9,252,27.51,29.63,25.71,22.48,6.9,80.45,1.46
2022-09-10,20220910,2022,9,253,28.86,31.31,27.18,21.86,6.83,84.42,3.21
2022-09-11,20220911,2022,9,254,27.86,28.98,27.37,18.23,6.73,86.97,3.12
2022-09-12,20220912,2022,9,255,28.81,30.95,27.46,10.83,5.71,82.86,2.21
2022-09-13,20220913,2022,9,256,28.02,29.27,27.11,18.72,8.33,83.43,2.15
2022-09-14,20220914,2022,9,257,28.24,30.2,26.99,17.6,9.32,82.47,2.41
2022-09-15,20220915,2022,9,258,28.47,30.98,27.22,18.62,5.77,83.21,3.17
2022-09-16,20220916,2022,9,259,28.44,30.19,27.18,18.88,11.12,82.22,2.05
2022-09-17,20220917,2022,9,260,28.05,29.99,26.71,17.05,8.07,83.05,1.29
2022-09-18,20220918,2022,9,261,27.64,29.75,26.42,12.8,8.38,82.97,1.77
2022-09-19,20220919,2022,9,262,27.09,28.95,26.0,12.71,20.95,85.35,2.22
2022-09-20,20220920,2022,9,263,27.64,30.44,25.64,17.43,12.4,78.62,1.83
2022-09-21,20220921,2022,9,264,28.25,31.61,25.78,19.65,12.15,73.68,1.0
2022-09-22,20220922,2022,9,265,27.52,29.42,25.84,13.49,16.57,80.23,1.18
2022-09-23,20220923,2022,9,266,27.62,30.27,26.07,13.5,4.04,80.31,1.82
2022-09-24,20220924,2022,9,267,27.78,30.03,26.37,18.18,3.22,79.67,1.83
2022-09-25,20220925,2022,9,268,27.63,30.57,25.47,16.52,4.09,79.2,1.77
2022-09-26,20220926,2022,9,269,28.59,31.03,26.75,19.14,5.39,82.6,1.9
2022-09-27,20220927,2022,9,270,28.42,30.13,27.53,16.93,8.78,84.89,2.13
2022-09-28,20220928,2022,9,271,28.54,31.08,27.12,17.08,8.76,82.2,1.82
2022-09-29,20220929,2022,9,272,28.08,30.21,26.51,15.5,6.79,84.13,1.91
2022-09-30,20220930,2022,9,273,27.84,30.28,25.87,17.28,5.31,77.72,1.29
2022-10-01,20221001,2022,10,274,27.16,28.98,25.59,16.52,7.03,77.07,1.23
2022-10-02,20221002,2022,10,275,27.71,29.57,26.11,21.09,1.71,79.43,2.02
2022-10-03,20221003,2022,10,276,28.98,31.86,27.4,22.83,4.26,82.77,2.45
2022-10-04,20221004,2022,10,277,29.28,31.98,27.92,21.08,2.58,82.63,3.97
2022-10-05,20221005,2022,10,278,28.54,30.64,27.27,13.61,4.86,83.02,3.1
2022-10-06,20221006,2022,10,279,27.79,29.78,26.82,14.85,6.91,85.64,2.49
2022-10-07,20221007,2022,10,280,26.35,27.42,24.75,7.02,6.18,89.59,3.29
2022-10-08,20221008,2022,10,281,27.36,30.44,25.24,15.57,5.62,81.98,2.3
2022-10-09,20221009,2022,10,282,27.09,28.32,26.02,16.55,10.94,89.16,3.25
2022-10-10,20221010,2022,10,283,28.11,30.49,26.89,18.96,2.59,81.02,2.44
2022-10-11,20221011,2022,10,284,28.64,31.45,26.97,20.15,3.18,82.26,2.97
2022-10-12,20221012,2022,10,285,28.42,31.0,27.27,17.05,10.09,85.29,3.21
2022-10-13,20221013,2022,10,286,27.75,30.18,25.99,15.46,11.98,84.31,1.8
2022-10-14,20221014,2022,10,287,27.53,29.94,25.74,16.02,14.99,82.0,1.39
2022-10-15,20221015,2022,10,288,28.34,30.29,26.93,19.56,5.52,82.92,2.86
2022-10-16,20221016,2022,10,289,28.86,31.41,27.42,16.72,10.91,82.93,3.65
2022-10-17,20221017,2022,10,290,28.42,30.35,27.13,13.78,10.66,85.0,2.46
2022-10-18,20221018,2022,10,291,28.47,30.49,27.18,19.0,2.22,84.18,2.93
2022-10-19,20221019,2022,10,292,28.55,30.94,27.41,18.32,1.54,84.08,3.5
2022-10-20,20221020,2022,10,293,28.84,31.05,27.59,17.39,2.47,82.09,3.41
2022-10-21,20221021,2022,10,294,28.46,30.85,27.23,15.27,2.7,83.88,3.01
2022-10-22,20221022,2022,10,295,28.53,30.7,27.43,17.5,1.85,84.0,3.24
2022-10-23,20221023,2022,10,296,28.08,29.96,27.24,16.32,3.49,85.06,2.68
2022-10-24,20221024,2022,10,297,28.51,30.96,27.05,14.19,8.41,84.63,2.53
2022-10-25,20221025,2022,10,298,27.62,29.83,26.78,14.31,4.62,82.66,1.78
2022-10-26,20221026,2022,10,299,27.91,29.99,26.82,18.36,1.88,83.93,3.37
2022-10-27,20221027,2022,10,300,27.83,30.05,26.65,19.51,0.57,80.5,3.41
2022-10-28,20221028,2022,10,301,27.8,30.38,26.28,20.59,0.01,78.57,2.84
2022-10-29,20221029,2022,10,302,27.36,30.25,25.65,21.02,0.01,76.29,1.9
2022-10-30,20221030,2022,10,303,27.23,30.22,24.87,21.41,0.05,77.95,2.82
2022-10-31,20221031,2022,10,304,27.51,31.0,25.3,20.11,0.12,79.07,2.12
2022-11-01,20221101,2022,11,305,27.97,29.71,26.18,21.38,1.75,85.79,3.25
2022-11-02,20221102,2022,11,306,28.73,30.87,27.46,17.91,7.45,86.81,3.77
2022-11-03,20221103,2022,11,307,27.6,28.53,26.4,13.13,8.2,89.67,2.47
2022-11-04,20221104,2022,11,308,27.38,28.63,26.45,13.63,3.59,87.96,2.48
2022-11-05,20221105,2022,11,309,26.63,27.33,25.61,3.26,6.05,89.84,3.79
2022-11-06,20221106,2022,11,310,26.2,27.64,25.24,3.06,22.8,89.69,3.42
2022-11-07,20221107,2022,11,311,26.01,26.73,25.32,6.58,50.7,90.64,2.78
2022-11-08,20221108,2022,11,312,27.33,29.68,25.72,14.69,5.2,81.73,2.18
2022-11-09,20221109,2022,11,313,26.6,27.65,25.77,14.11,62.49,88.74,2.68
2022-11-10,20221110,2022,11,314,27.59,30.46,25.67,18.73,2.23,76.14,1.56
2022-11-11,20221111,2022,11,315,27.24,28.96,25.72,17.12,3.5,86.37,2.68
2022-11-12,20221112,2022,11,316,27.6,29.44,26.77,14.67,8.64,86.08,3.46
2022-11-13,20221113,2022,11,317,27.1,29.53,26.11,14.09,13.96,89.06,2.06
2022-11-14,20221114,2022,11,318,27.24,28.99,25.86,15.78,3.11,86.74,2.21
2022-11-15,20221115,2022,11,319,28.18,30.22,26.97,19.46,4.28,85.31,4.0
2022-11-16,20221116,2022,11,320,28.11,29.82,27.36,17.58,15.61,88.96,3.91
2022-11-17,20221117,2022,11,321,28.05,29.44,27.16,16.9,2.05,87.5,4.18
2022-11-18,20221118,2022,11,322,27.15,27.9,26.44,12.78,3.39,87.89,2.6
2022-11-19,20221119,2022,11,323,28.18,30.25,26.77,17.89,1.15,84.52,4.23
2022-11-20,20221120,2022,11,324,28.28,30.43,26.94,19.58,0.78,84.33,5.14
2022-11-21,20221121,2022,11,325,27.97,29.88,27.05,15.97,1.12,83.03,4.83
2022-11-22,20221122,2022,11,326,27.65,29.91,25.96,15.96,0.05,82.1,4.36
2022-11-23,20221123,2022,11,327,27.81,30.75,26.14,15.39,0.4,82.31,3.7
2022-11-24,20221124,2022,11,328,27.75,30.65,26.0,18.03,0.16,81.59,3.27
2022-11-25,20221125,2022,11,329,27.89,30.53,26.62,18.02,0.17,82.78,2.64
2022-11-26,20221126,2022,11,330,28.25,30.41,26.79,17.52,3.97,83.12,3.64
2022-11-27,20221127,2022,11,331,27.39,28.45,26.46,15.58,24.36,86.33,3.84
2022-11-28,20221128,2022,11,332,26.95,28.36,26.25,16.62,4.4,85.01,4.07
2022-11-29,20221129,2022,11,333,26.84,28.11,26.05,15.65,15.91,85.16,4.06
2022-11-30,20221130,2022,11,334,27.01,29.39,25.44,18.26,1.45,81.28,4.63
2022-12-01,20221201,2022,12,335,27.01,29.21,25.62,20.44,0.14,78.61,5.23
2022-12-02,20221202,2022,12,336,27.08,29.17,25.41,20.54,0.0,79.75,5.01
2022-12-03,20221203,2022,12,337,27.28,29.86,25.29,20.69,0.01,80.29,4.66
2022-12-04,20221204,2022,12,338,27.33,29.83,26.06,19.67,0.02,80.64,4.48
2022-12-05,20221205,2022,12,339,26.93,29.16,25.72,19.38,0.04,79.38,4.42
2022-12-06,20221206,2022,12,340,26.58,28.97,25.28,21.12,0.0,75.49,4.86
2022-12-07,20221207,2022,12,341,26.54,28.99,24.93,21.48,0.0,79.14,4.45
2022-12-08,20221208,2022,12,342,26.56,29.12,24.92,20.17,0.0,79.2,4.51
2022-12-09,20221209,2022,12,343,26.7,29.57,25.14,20.95,0.01,79.21,4.47
2022-12-10,20221210,2022,12,344,26.72,29.2,25.25,20.46,0.0,78.77,4.69
2022-12-11,20221211,2022,12,345,26.87,29.72,25.12,19.32,0.22,80.44,4.68
2022-12-12,20221212,2022,12,346,27.04,29.93,25.41,19.76,0.96,79.85,4.13
2022-12-13,20221213,2022,12,347,26.79,29.38,25.15,18.88,1.46,81.99,4.53
2022-12-14,20221214,2022,12,348,27.01,29.55,25.06,16.84,3.8,83.78,4.61
2022-12-15,20221215,2022,12,349,27.0,28.93,25.86,19.28,8.01,88.32,4.44
2022-12-16,20221216,2022,12,350,27.26,30.46,25.54,19.76,2.09,83.33,4.7
2022-12-17,20221217,2022,12,351,26.85,29.12,25.36,19.48,0.7,82.9,5.56
2022-12-18,20221218,2022,12,352,26.71,29.56,24.85,19.58,0.17,81.5,5.04
2022-12-19,20221219,2022,12,353,26.9,29.56,25.29,20.44,0.43,82.85,5.16
2022-12-20,20221220,2022,12,354,26.69,29.63,24.72,20.71,0.01,81.68,5.0
2022-12-21,20221221,2022,12,355,26.92,29.86,25.12,20.87,0.22,83.82,4.97
2022-12-22,20221222,2022,12,356,26.73,29.31,24.95,20.58,0.0,84.1,4.41
2022-12-23,20221223,2022,12,357,26.56,29.33,24.62,20.93,0.0,83.41,4.68
2022-12-24,20221224,2022,12,358,26.42,29.23,24.66,21.82,0.0,80.39,5.79
2022-12-25,20221225,2022,12,359,26.12,29.1,23.65,21.39,0.0,82.23,5.12
2022-12-26,20221226,2022,12,360,26.52,30.26,24.03,20.29,0.01,82.02,4.23
2022-12-27,20221227,2022,12,361,26.66,30.21,24.58,19.96,0.01,83.28,3.79
2022-12-28,20221228,2022,12,362,26.89,30.35,24.65,20.05,0.04,83.2,4.37
2022-12-29,20221229,2022,12,363,26.99,30.2,25.32,20.65,0.01,81.64,5.09
2022-12-30,20221230,2022,12,364,26.83,30.07,24.76,21.1,0.0,81.85,4.38
2022-12-31,20221231,2022,12,365,26.99,30.58,24.68,19.95,0.03,83.32,4.3
2023-01-01,20230101,2023,1,1,26.9,29.86,25.2,19.21,0.14,82.86,4.99
2023-01-02,20230102,2023,1,2,26.24,28.58,25.04,18.89,0.03,82.64,4.4
2023-01-03,20230103,2023,1,3,26.52,29.99,24.2,20.26,0.02,80.79,4.48
2023-01-04,20230104,2023,1,4,26.62,29.42,25.05,20.39,0.03,79.39,4.94
2023-01-05,20230105,2023,1,5,26.63,29.56,24.91,21.32,0.02,80.13,4.49
2023-01-06,20230106,2023,1,6,26.9,30.71,24.6,20.19,0.06,82.39,3.8
2023-01-07,20230107,2023,1,7,27.03,30.64,24.89,20.29,0.07,82.99,4.24
2023-01-08,20230108,2023,1,8,26.67,29.34,25.22,16.8,0.06,83.96,4.89
2023-01-09,20230109,2023,1,9,26.83,29.7,25.08,19.02,0.15,83.58,4.02
2023-01-10,20230110,2023,1,10,26.71,29.37,25.31,16.32,1.58,83.38,4.28
2023-01-11,20230111,2023,1,11,26.73,29.45,25.18,16.01,2.51,81.58,4.76
2023-01-12,20230112,2023,1,12,26.95,29.79,25.22,17.93,3.4,81.98,4.96
2023-01-13,20230113,2023,1,13,26.76,29.29,25.59,19.41,2.76,83.34,4.43
2023-01-14,20230114,2023,1,14,26.47,28.75,25.33,19.22,0.22,82.9,4.8
2023-01-15,20230115,2023,1,15,26.74,29.04,25.49,18.77,0.14,79.94,5.06
2023-01-16,20230116,2023,1,16,26.76,29.91,25.04,20.9,0.0,77.12,5.06
2023-01-17,20230117,2023,1,17,27.01,30.46,24.58,20.81,0.0,78.89,4.42
2023-01-18,20230118,2023,1,18,27.08,30.95,24.66,20.54,0.0,78.78,4.24
2023-01-19,20230119,2023,1,19,26.76,30.31,24.21,20.88,0.0,79.62,4.6
2023-01-20,20230120,2023,1,20,26.52,29.25,24.55,21.95,0.0,77.38,5.66
2023-01-21,20230121,2023,1,21,26.86,30.16,24.56,21.8,0.0,78.1,5.59
2023-01-22,20230122,2023,1,22,26.95,30.76,24.49,21.52,0.0,78.05,4.98
2023-01-23,20230123,2023,1,23,27.22,30.9,24.74,19.64,0.0,79.65,4.38
2023-01-24,20230124,2023,1,24,27.24,30.48,25.26,18.47,0.0,79.73,5.04
2023-01-25,20230125,2023,1,25,27.25,31.46,25.04,21.91,0.0,76.64,5.27
2023-01-26,20230126,2023,1,26,26.65,30.1,24.41,22.29,0.0,78.29,5.66
2023-01-27,20230127,2023,1,27,26.37,29.33,24.21,22.79,0.0,75.18,6.42
2023-01-28,20230128,2023,1,28,26.28,29.29,24.22,23.03,0.0,73.33,6.65
2023-01-29,20230129,2023,1,29,26.41,29.81,24.08,23.37,0.0,75.34,6.03
2023-01-30,20230130,2023,1,30,26.18,29.44,23.78,23.06,0.0,77.82,5.26
2023-01-31,20230131,2023,1,31,25.99,29.03,23.38,23.4,0.0,76.46,5.68
2023-02-01,20230201,2023,2,32,26.05,29.24,23.82,24.08,0.0,75.71,6.36
2023-02-02,20230202,2023,2,33,26.42,29.8,24.07,23.72,0.0,73.91,6.08
2023-02-03,20230203,2023,2,34,26.16,29.97,23.53,22.76,0.0,75.14,5.16
2023-02-04,20230204,2023,2,35,26.0,29.02,23.45,22.01,0.0,79.73,5.1
2023-02-05,20230205,2023,2,36,26.77,30.49,23.94,20.63,0.0,78.62,5.25
2023-02-06,20230206,2023,2,37,26.99,30.27,24.72,22.32,0.0,79.07,5.33
2023-02-07,20230207,2023,2,38,26.79,30.14,24.75,22.47,0.0,77.22,6.31
2023-02-08,20230208,2023,2,39,27.0,30.87,24.57,22.62,0.0,74.0,6.17
2023-02-09,20230209,2023,2,40,26.68,29.93,24.4,22.76,0.0,77.14,5.69
2023-02-10,20230210,2023,2,41,27.23,31.06,24.63,22.86,0.0,74.88,5.6
2023-02-11,20230211,2023,2,42,26.85,30.43,24.65,22.85,0.0,77.77,5.54
2023-02-12,20230212,2023,2,43,26.89,30.45,24.52,22.34,0.0,77.33,5.67
2023-02-13,20230213,2023,2,44,26.65,29.75,25.01,22.19,0.0,77.88,6.26
2023-02-14,20230214,2023,2,45,26.63,29.92,24.64,21.69,0.01,79.34,6.25
2023-02-15,20230215,2023,2,46,26.96,30.0,24.93,22.67,0.24,77.37,6.52
2023-02-16,20230216,2023,2,47,27.19,30.14,25.04,22.12,0.93,74.73,6.28
2023-02-17,20230217,2023,2,48,27.03,30.4,24.94,23.79,0.1,69.76,6.1
2023-02-18,20230218,2023,2,49,26.54,29.61,24.36,24.16,0.02,73.91,6.61
2023-02-19,20230219,2023,2,50,26.26,29.81,23.91,25.62,0.0,71.88,6.09
2023-02-20,20230220,2023,2,51,26.22,29.91,23.03,25.25,0.0,73.69,6.0
2023-02-21,20230221,2023,2,52,26.0,29.6,23.45,25.45,0.0,71.3,5.47
2023-02-22,20230222,2023,2,53,26.4,30.4,23.21,24.53,0.0,72.57,4.89
2023-02-23,20230223,2023,2,54,25.74,27.78,24.26,24.46,0.0,78.7,5.56
2023-02-24,20230224,2023,2,55,26.37,29.76,24.02,24.6,0.0,72.93,6.31
2023-02-25,20230225,2023,2,56,26.42,29.94,24.02,24.38,0.0,73.5,6.29
2023-02-26,20230226,2023,2,57,26.27,29.62,23.76,24.78,0.0,75.15,5.37
2023-02-27,20230227,2023,2,58,26.41,30.2,23.69,24.08,0.0,75.24,5.23
2023-02-28,20230228,2023,2,59,26.82,31.33,24.04,23.2,0.0,75.57,5.09
2023-03-01,20230301,2023,3,60,26.78,30.93,23.88,22.98,0.0,77.27,5.39
2023-03-02,20230302,2023,3,61,26.97,30.82,24.26,24.45,0.0,75.75,5.62
2023-03-03,20230303,2023,3,62,26.99,30.78,24.41,23.76,0.0,77.77,5.32
2023-03-04,20230304,2023,3,63,27.34,31.55,24.5,22.63,0.0,75.96,4.62
2023-03-05,20230305,2023,3,64,26.79,29.67,24.57,20.55,0.0,78.34,5.47
2023-03-06,20230306,2023,3,65,27.05,30.28,25.24,21.56,0.0,77.15,5.8
2023-03-07,20230307,2023,3,66,26.64,29.86,24.9,20.73,0.44,75.65,5.55
2023-03-08,20230308,2023,3,67,26.31,29.35,24.51,18.14,0.76,77.89,5.24
2023-03-09,20230309,2023,3,68,26.46,28.67,25.1,17.76,2.18,77.65,4.97
2023-03-10,20230310,2023,3,69,26.8,30.09,25.05,21.0,0.6,72.6,5.26
2023-03-11,20230311,2023,3,70,27.48,31.39,24.82,20.02,1.04,74.68,3.54
2023-03-12,20230312,2023,3,71,27.51,31.93,24.97,21.08,0.3,76.41,3.14
2023-03-13,20230313,2023,3,72,27.34,31.08,24.83,17.88,0.35,78.68,3.55
2023-03-14,20230314,2023,3,73,27.11,30.23,25.42,15.9,0.3,80.88,3.83
2023-03-15,20230315,2023,3,74,27.47,31.06,24.77,19.11,1.22,76.48,3.14
2023-03-16,20230316,2023,3,75,27.16,30.05,25.85,18.79,0.13,76.39,4.6
2023-03-17,20230317,2023,3,76,27.73,31.41,25.72,20.79,0.03,75.18,4.93
2023-03-18,20230318,2023,3,77,27.71,31.03,25.24,19.82,0.04,74.12,4.71
2023-03-19,20230319,2023,3,78,28.17,32.02,25.66,23.61,0.01,71.4,4.76
2023-03-20,20230320,2023,3,79,28.09,32.23,25.35,23.18,0.0,71.64,4.92
2023-03-21,20230321,2023,3,80,28.14,31.47,25.9,24.55,0.02,69.88,6.55
2023-03-22,20230322,2023,3,81,27.66,30.66,25.38,25.37,0.14,67.74,7.16
2023-03-23,20230323,2023,3,82,27.93,31.51,25.74,24.04,0.01,69.22,6.16
2023-03-24,20230324,2023,3,83,27.95,31.58,25.75,25.25,0.01,70.97,5.7
2023-03-25,20230325,2023,3,84,27.56,31.52,24.83,25.89,0.0,74.33,5.06
2023-03-26,20230326,2023,3,85,28.07,32.22,25.0,25.9,0.1,72.14,5.1
2023-03-27,20230327,2023,3,86,27.44,30.48,25.6,23.35,0.0,73.74,5.57
2023-03-28,20230328,2023,3,87,27.57,30.81,25.87,24.99,0.0,72.1,5.38
2023-03-29,20230329,2023,3,88,27.49,30.99,24.7,24.5,0.0,73.84,5.73
2023-03-30,20230330,2023,3,89,27.59,30.81,25.84,25.61,0.0,71.16,6.2
2023-03-31,20230331,2023,3,90,28.02,31.48,25.75,23.37,0.0,69.34,6.45
2023-04-01,20230401,2023,4,91,27.87,31.18,25.52,23.0,0.0,71.29,6.14
2023-04-02,20230402,2023,4,92,27.91,31.6,25.38,25.1,0.0,72.56,6.16
2023-04-03,20230403,2023,4,93,28.14,32.05,25.9,25.57,0.0,72.17,6.35
2023-04-04,20230404,2023,4,94,28.19,31.85,26.12,25.0,0.0,72.44,5.83
2023-04-05,20230405,2023,4,95,27.77,30.84,25.96,22.94,0.0,73.32,6.06
2023-04-06,20230406,2023,4,96,27.87,31.46,25.7,18.87,0.01,69.97,5.78
2023-04-07,20230407,2023,4,97,27.33,30.71,25.64,18.86,0.44,75.86,4.93
2023-04-08,20230408,2023,4,98,27.18,30.27,25.54,23.25,0.17,78.51,4.41
2023-04-09,20230409,2023,4,99,28.0,32.3,24.98,24.33,0.09,76.4,4.59
2023-04-10,20230410,2023,4,100,27.91,31.49,25.75,23.02,0.61,79.74,4.76
2023-04-11,20230411,2023,4,101,27.38,29.93,25.63,14.39,4.7,83.29,4.71
2023-04-12,20230412,2023,4,102,27.19,29.35,25.65,19.16,2.25,83.47,4.61
2023-04-13,20230413,2023,4,103,27.52,30.38,25.77,23.94,0.15,78.89,4.8
2023-04-14,20230414,2023,4,104,27.96,31.58,25.7,25.46,0.01,73.85,5.63
2023-04-15,20230415,2023,4,105,27.54,30.04,26.04,23.29,0.02,76.24,5.19
2023-04-16,20230416,2023,4,106,27.79,31.84,25.64,14.62,1.29,78.29,4.61
2023-04-17,20230417,2023,4,107,27.58,30.85,25.57,17.0,1.54,77.51,4.5
2023-04-18,20230418,2023,4,108,27.31,29.8,25.94,18.72,0.2,77.27,4.71
2023-04-19,20230419,2023,4,109,27.96,31.82,25.56,22.36,0.08,73.11,5.31
2023-04-20,20230420,2023,4,110,28.36,31.99,26.09,23.38,0.16,73.02,5.25
2023-04-21,20230421,2023,4,111,27.52,30.64,25.72,16.47,12.66,80.38,4.72
2023-04-22,20230422,2023,4,112,27.3,30.26,25.02,19.66,3.71,78.16,3.19
2023-04-23,20230423,2023,4,113,27.45,30.66,25.37,21.63,0.21,75.75,3.15
2023-04-24,20230424,2023,4,114,27.68,30.59,25.61,21.09,1.4,73.33,3.13
2023-04-25,20230425,2023,4,115,28.0,30.92,25.52,25.27,1.42,74.66,3.64
2023-04-26,20230426,2023,4,116,28.65,32.35,26.17,23.57,0.2,74.29,4.0
2023-04-27,20230427,2023,4,117,28.87,32.6,26.47,22.22,0.14,74.91,4.09
2023-04-28,20230428,2023,4,118,28.43,31.08,26.76,16.64,0.51,79.95,3.85
2023-04-29,20230429,2023,4,119,27.57,28.64,26.86,18.67,3.05,88.14,3.15
2023-04-30,20230430,2023,4,120,27.55,29.04,26.82,7.26,19.22,89.53,2.9
2023-05-01,20230501,2023,5,121,27.72,29.47,26.91,20.77,74.06,89.98,3.25
2023-05-02,20230502,2023,5,122,28.57,31.34,26.98,24.37,11.61,84.41,4.41
2023-05-03,20230503,2023,5,123,29.12,32.99,26.87,25.85,3.67,80.24,4.03
2023-05-04,20230504,2023,5,124,29.09,32.74,26.7,20.12,1.89,79.74,4.63
2023-05-05,20230505,2023,5,125,28.72,31.99,26.93,22.99,1.05,79.37,5.8
2023-05-06,20230506,2023,5,126,28.83,32.82,26.83,21.79,0.07,77.62,5.45
2023-05-07,20230507,2023,5,127,28.63,32.78,26.36,21.47,0.03,77.63,5.17
2023-05-08,20230508,2023,5,128,28.94,32.84,26.68,23.5,0.11,79.34,4.75
2023-05-09,20230509,2023,5,129,27.98,29.88,27.06,21.29,1.26,87.25,3.28
2023-05-10,20230510,2023,5,130,27.9,30.09,26.64,15.37,3.26,86.82,3.04
2023-05-11,20230511,2023,5,131,28.54,31.75,26.72,20.36,0.76,83.73,3.61
2023-05-12,20230512,2023,5,132,28.71,32.33,26.45,24.14,0.6,79.12,4.58
2023-05-13,20230513,2023,5,133,28.89,32.43,26.79,22.79,0.34,80.73,4.45
2023-05-14,20230514,2023,5,134,28.12,30.08,27.42,20.1,1.11,84.97,2.45
2023-05-15,20230515,2023,5,135,28.32,30.47,26.73,16.81,1.3,85.72,2.11
2023-05-16,20230516,2023,5,136,27.82,30.09,26.46,10.88,2.96,84.14,1.79
2023-05-17,20230517,2023,5,137,29.03,33.06,26.19,20.69,1.68,80.76,3.13
2023-05-18,20230518,2023,5,138,29.24,32.39,27.56,22.55,1.34,81.85,3.67
2023-05-19,20230519,2023,5,139,29.04,32.08,27.47,20.43,0.6,80.48,5.09
2023-05-20,20230520,2023,5,140,28.74,31.83,27.1,15.76,2.98,82.4,4.63
2023-05-21,20230521,2023,5,141,28.44,31.38,26.86,13.7,14.56,83.35,4.5
2023-05-22,20230522,2023,5,142,28.67,32.08,26.88,21.28,16.56,82.39,3.3
2023-05-23,20230523,2023,5,143,28.6,31.81,26.69,21.64,7.39,81.41,3.1
2023-05-24,20230524,2023,5,144,28.45,31.2,26.86,20.14,11.67,80.93,3.17
2023-05-25,20230525,2023,5,145,28.15,30.68,26.88,10.9,12.92,84.58,2.42
2023-05-26,20230526,2023,5,146,28.63,31.39,26.99,19.2,5.96,81.35,1.07
2023-05-27,20230527,2023,5,147,27.82,29.57,26.77,20.99,5.96,86.28,2.09
2023-05-28,20230528,2023,5,148,28.71,31.62,26.97,19.1,4.87,84.46,2.82
2023-05-29,20230529,2023,5,149,28.67,30.79,27.6,17.55,6.71,86.01,3.37
2023-05-30,20230530,2023,5,150,28.71,30.79,27.21,18.25,2.65,84.46,2.76
2023-05-31,20230531,2023,5,151,28.63,30.65,27.47,16.59,3.45,85.45,1.87
2023-06-01,20230601,2023,6,152,28.46,29.75,27.24,12.86,3.79,85.08,2.6
2023-06-02,20230602,2023,6,153,28.41,30.05,27.25,19.4,6.03,86.2,1.67
2023-06-03,20230603,2023,6,154,29.09,32.23,27.27,21.6,0.95,79.8,1.26
2023-06-04,20230604,2023,6,155,29.69,32.91,27.51,10.06,4.16,77.76,1.63
2023-06-05,20230605,2023,6,156,28.09,29.35,26.92,19.13,14.81,83.25,1.73
2023-06-06,20230606,2023,6,157,28.56,30.09,27.55,19.25,8.58,83.75,2.15
2023-06-07,20230607,2023,6,158,29.5,32.21,28.03,20.03,8.54,83.13,1.75
2023-06-08,20230608,2023,6,159,29.27,32.12,26.5,8.86,20.52,84.36,1.53
2023-06-09,20230609,2023,6,160,28.5,31.27,26.57,20.28,16.27,83.14,1.81
2023-06-10,20230610,2023,6,161,28.53,30.07,27.48,16.92,19.46,85.86,1.95
2023-06-11,20230611,2023,6,162,29.06,30.66,28.22,23.57,11.69,84.91,3.02
2023-06-12,20230612,2023,6,163,29.0,30.6,27.9,21.12,7.07,86.03,3.83
2023-06-13,20230613,2023,6,164,29.48,31.87,27.86,22.38,7.17,83.75,4.33
2023-06-14,20230614,2023,6,165,29.47,31.57,27.83,22.23,9.25,85.95,3.1
2023-06-15,20230615,2023,6,166,29.32,32.44,26.7,17.07,1.49,82.77,3.21
2023-06-16,20230616,2023,6,167,29.12,31.25,27.48,18.75,2.78,84.95,2.83
2023-06-17,20230617,2023,6,168,28.83,30.98,27.68,16.24,4.25,84.5,3.2
2023-06-18,20230618,2023,6,169,29.2,32.1,27.25,20.48,1.57,83.16,3.87
2023-06-19,20230619,2023,6,170,29.32,31.77,27.91,23.03,0.75,83.85,4.18
2023-06-20,20230620,2023,6,171,29.43,32.45,27.77,24.06,0.53,82.28,4.03
2023-06-21,20230621,2023,6,172,29.47,32.51,27.7,23.87,0.5,82.05,3.81
2023-06-22,20230622,2023,6,173,29.23,31.44,27.89,20.87,0.92,85.69,2.87
2023-06-23,20230623,2023,6,174,28.71,30.76,27.66,16.81,1.48,86.3,4.03
2023-06-24,20230624,2023,6,175,28.78,31.98,27.36,20.63,0.28,82.68,3.65
2023-06-25,20230625,2023,6,176,28.07,30.18,27.14,18.01,1.83,86.95,2.57
2023-06-26,20230626,2023,6,177,27.47,28.58,26.7,11.33,1.62,87.71,2.05
2023-06-27,20230627,2023,6,178,28.7,31.36,27.03,21.43,0.72,84.3,3.5
2023-06-28,20230628,2023,6,179,28.88,30.97,27.51,21.11,0.34,83.16,3.81
2023-06-29,20230629,2023,6,180,28.87,30.13,27.84,23.76,2.13,87.72,3.46
2023-06-30,20230630,2023,6,181,29.27,32.04,27.52,21.43,4.22,83.07,2.97
2023-07-01,20230701,2023,7,182,29.1,31.69,26.94,19.88,33.44,86.13,3.05
2023-07-02,20230702,2023,7,183,28.48,31.04,26.5,15.58,49.83,85.58,1.55
2023-07-03,20230703,2023,7,184,28.73,30.02,27.75,17.77,13.5,87.22,1.82
2023-07-04,20230704,2023,7,185,29.26,31.84,27.25,21.01,5.19,82.57,3.63
2023-07-05,20230705,2023,7,186,29.13,30.77,27.95,21.45,1.93,85.54,3.17
2023-07-06,20230706,2023,7,187,28.38,29.78,27.37,13.03,1.72,85.4,3.34
2023-07-07,20230707,2023,7,188,28.6,30.39,27.34,15.14,3.89,84.24,3.49
2023-07-08,20230708,2023,7,189,28.62,30.52,27.22,20.39,0.81,83.31,3.42
2023-07-09,20230709,2023,7,190,28.53,29.89,27.62,23.04,1.46,84.79,3.37
2023-07-10,20230710,2023,7,191,29.1,31.6,27.65,22.66,1.55,84.08,4.32
2023-07-11,20230711,2023,7,192,28.47,29.85,27.25,20.88,2.49,87.28,3.94
2023-07-12,20230712,2023,7,193,28.75,30.62,27.26,20.98,10.85,85.65,3.75
2023-07-13,20230713,2023,7,194,28.82,31.02,27.56,24.02,0.95,85.54,4.09
2023-07-14,20230714,2023,7,195,28.55,30.11,27.23,20.31,0.69,86.21,4.37
2023-07-15,20230715,2023,7,196,28.34,29.87,27.17,19.92,1.05,86.84,4.53
2023-07-16,20230716,2023,7,197,28.05,29.55,27.15,15.96,8.31,88.27,4.72
2023-07-17,20230717,2023,7,198,28.4,30.44,27.12,22.47,7.72,87.69,4.21
2023-07-18,20230718,2023,7,199,28.06,29.97,27.0,19.56,0.87,87.59,3.3
2023-07-19,20230719,2023,7,200,28.78,31.92,26.86,25.66,0.31,85.43,3.97
2023-07-20,20230720,2023,7,201,29.01,32.36,27.14,25.44,0.02,83.94,3.84
2023-07-21,20230721,2023,7,202,28.95,32.21,27.07,24.82,0.03,83.43,3.05
2023-07-22,20230722,2023,7,203,28.39,30.77,26.7,20.82,0.07,85.61,3.41
2023-07-23,20230723,2023,7,204,28.33,30.34,26.97,17.36,0.07,87.89,3.71
2023-07-24,20230724,2023,7,205,28.29,30.15,27.2,22.65,0.21,86.99,4.66
2023-07-25,20230725,2023,7,206,28.29,31.02,26.7,18.55,4.28,85.13,4.75
2023-07-26,20230726,2023,7,207,27.79,29.21,26.87,15.66,2.39,88.9,3.03
2023-07-27,20230727,2023,7,208,28.53,32.02,26.53,22.46,2.56,84.42,2.51
2023-07-28,20230728,2023,7,209,28.4,31.22,26.82,21.66,3.46,87.69,3.6
2023-07-29,20230729,2023,7,210,28.66,31.26,27.32,23.63,2.05,87.15,3.82
2023-07-30,20230730,2023,7,211,28.69,31.64,27.15,18.66,3.54,86.9,3.87
2023-07-31,20230731,2023,7,212,28.52,32.15,27.16,19.45,3.62,83.53,2.4
2023-08-01,20230801,2023,8,213,28.95,32.6,26.84,23.61,5.58,82.82,2.4
2023-08-02,20230802,2023,8,214,29.23,32.3,27.74,23.9,6.58,84.17,2.31
2023-08-03,20230803,2023,8,215,29.35,32.5,27.78,23.36,2.13,83.51,4.14
2023-08-04,20230804,2023,8,216,29.24,31.56,28.06,24.07,0.21,82.56,4.53
2023-08-05,20230805,2023,8,217,29.49,32.89,27.75,23.87,0.27,82.16,4.3
2023-08-06,20230806,2023,8,218,29.2,31.86,27.76,24.45,0.35,84.92,4.13
2023-08-07,20230807,2023,8,219,28.69,30.01,27.9,18.91,0.38,87.76,3.59
2023-08-08,20230808,2023,8,220,28.58,30.77,27.69,23.97,2.22,87.27,2.8
2023-08-09,20230809,2023,8,221,29.33,32.4,27.62,20.91,13.69,85.01,2.94
2023-08-10,20230810,2023,8,222,29.01,31.93,27.36,16.48,12.25,86.6,2.95
2023-08-11,20230811,2023,8,223,29.27,32.67,27.07,23.31,10.76,84.3,2.84
2023-08-12,20230812,2023,8,224,29.27,31.49,28.18,23.49,11.16,85.2,3.69
2023-08-13,20230813,2023,8,225,29.0,30.78,27.88,22.84,4.55,84.29,4.1
2023-08-14,20230814,2023,8,226,28.64,30.6,27.73,21.32,8.73,86.7,3.14
2023-08-15,20230815,2023,8,227,28.53,30.69,27.29,19.15,4.18,85.67,3.83
2023-08-16,20230816,2023,8,228,28.16,29.55,27.19,20.95,8.26,86.99,3.91
2023-08-17,20230817,2023,8,229,28.31,30.31,27.4,20.16,3.66,85.43,2.81
2023-08-18,20230818,2023,8,230,28.68,31.04,27.1,21.47,2.37,82.98,3.2
2023-08-19,20230819,2023,8,231,29.2,32.1,27.61,19.23,5.67,84.3,3.88
2023-08-20,20230820,2023,8,232,29.27,32.34,27.75,14.98,10.99,84.44,4.11
2023-08-21,20230821,2023,8,233,28.55,30.64,27.19,13.98,7.87,86.33,1.86
2023-08-22,20230822,2023,8,234,27.71,28.91,26.9,14.14,19.14,87.42,2.76
2023-08-23,20230823,2023,8,235,28.51,31.88,26.42,20.67,28.37,80.54,2.33
2023-08-24,20230824,2023,8,236,27.23,30.05,26.15,19.95,4.61,83.42,1.51
2023-08-25,20230825,2023,8,237,28.34,30.72,26.47,21.62,5.99,82.99,2.61
2023-08-26,20230826,2023,8,238,28.88,31.3,27.53,21.87,10.08,83.14,2.52
2023-08-27,20230827,2023,8,239,29.31,32.75,27.55,24.67,7.22,79.73,2.22
2023-08-28,20230828,2023,8,240,29.77,32.77,27.1,22.74,8.42,84.16,1.7
2023-08-29,20230829,2023,8,241,29.37,32.91,26.49,23.47,0.85,81.12,1.93
2023-08-30,20230830,2023,8,242,30.22,33.38,28.41,23.16,0.81,82.76,3.67
2023-08-31,20230831,2023,8,243,30.05,33.05,28.19,23.51,1.43,81.68,3.38
2023-09-01,20230901,2023,9,244,29.85,32.16,28.46,23.22,1.12,83.02,4.26
2023-09-02,20230902,2023,9,245,29.3,31.23,28.32,15.15,1.43,85.48,4.04
2023-09-03,20230903,2023,9,246,29.16,30.93,27.96,17.95,2.07,82.79,1.89
2023-09-04,20230904,2023,9,247,28.76,30.47,27.55,19.94,2.1,83.85,1.29
2023-09-05,20230905,2023,9,248,29.64,31.94,28.06,22.54,1.46,83.58,3.03
2023-09-06,20230906,2023,9,249,29.58,32.22,28.18,24.18,1.4,83.82,3.89
2023-09-07,20230907,2023,9,250,29.4,31.17,28.29,19.09,2.21,85.66,3.39
2023-09-08,20230908,2023,9,251,28.96,30.4,28.09,22.42,4.93,85.95,3.81
2023-09-09,20230909,2023,9,252,28.96,31.6,27.63,19.44,4.14,83.4,4.25
2023-09-10,20230910,2023,9,253,28.6,31.26,27.2,16.86,7.51,84.06,3.17
2023-09-11,20230911,2023,9,254,29.51,32.72,27.62,22.12,4.18,82.05,3.03
2023-09-12,20230912,2023,9,255,29.07,31.23,27.99,19.79,3.73,83.85,3.77
2023-09-13,20230913,2023,9,256,28.85,30.97,27.6,18.67,4.66,83.32,3.4
2023-09-14,20230914,2023,9,257,29.33,31.1,28.26,21.16,7.09,85.46,3.07
2023-09-15,20230915,2023,9,258,29.27,30.76,28.25,17.91,6.79,85.13,2.44
2023-09-16,20230916,2023,9,259,29.53,32.36,27.9,20.95,5.28,83.07,2.79
2023-09-17,20230917,2023,9,260,29.18,31.48,28.09,16.86,1.63,82.1,3.71
2023-09-18,20230918,2023,9,261,29.38,31.41,28.1,16.57,3.32,83.9,3.27
2023-09-19,20230919,2023,9,262,29.74,31.69,28.11,21.43,1.99,83.14,2.63
2023-09-20,20230920,2023,9,263,29.72,32.24,28.55,22.33,1.63,82.71,3.35
2023-09-21,20230921,2023,9,264,29.41,31.91,28.02,23.28,1.16,82.25,3.49
2023-09-22,20230922,2023,9,265,29.71,32.32,28.22,23.25,0.95,83.14,3.84
2023-09-23,20230923,2023,9,266,29.49,31.59,28.55,17.06,1.52,84.86,3.13
2023-09-24,20230924,2023,9,267,28.92,30.11,28.15,19.21,2.97,87.11,2.52
2023-09-25,20230925,2023,9,268,29.98,33.2,27.83,20.2,3.47,82.32,2.06
2023-09-26,20230926,2023,9,269,29.8,32.23,27.91,20.13,7.0,84.67,2.61
2023-09-27,20230927,2023,9,270,30.22,33.93,28.35,21.18,1.69,79.47,3.69
2023-09-28,20230928,2023,9,271,29.87,32.99,28.08,23.02,1.47,78.86,3.66
2023-09-29,20230929,2023,9,272,29.83,32.09,28.31,21.62,1.71,80.99,3.2
2023-09-30,20230930,2023,9,273,29.54,31.02,28.69,20.83,3.78,85.78,3.71
2023-10-01,20231001,2023,10,274,29.89,31.79,28.64,16.78,4.06,84.48,3.05
2023-10-02,20231002,2023,10,275,29.46,31.72,28.17,17.45,3.09,82.53,3.01
2023-10-03,20231003,2023,10,276,29.14,31.46,27.5,16.01,102.12,83.03,1.97
2023-10-04,20231004,2023,10,277,28.87,30.92,27.12,10.77,67.02,78.94,1.4
2023-10-05,20231005,2023,10,278,29.09,31.21,28.0,15.74,69.92,79.81,1.14
2023-10-06,20231006,2023,10,279,29.1,31.05,27.63,18.05,76.73,80.75,1.6
2023-10-07,20231007,2023,10,280,28.5,29.84,27.13,19.82,35.99,87.17,2.62
2023-10-08,20231008,2023,10,281,28.88,30.65,28.03,12.85,15.46,86.77,1.97
2023-10-09,20231009,2023,10,282,29.14,30.41,28.3,21.78,18.8,82.92,1.27
2023-10-10,20231010,2023,10,283,29.48,31.59,27.54,19.66,26.06,87.27,2.54
2023-10-11,20231011,2023,10,284,29.83,32.71,28.3,20.65,12.34,83.0,3.76
2023-10-12,20231012,2023,10,285,29.98,32.01,28.49,18.72,17.93,82.27,1.9
2023-10-13,20231013,2023,10,286,30.05,33.08,28.4,22.04,4.67,82.46,2.46
2023-10-14,20231014,2023,10,287,29.53,31.66,28.06,16.62,19.79,82.12,1.82
2023-10-15,20231015,2023,10,288,29.44,32.48,27.36,18.85,49.28,79.56,1.26
2023-10-16,20231016,2023,10,289,29.19,30.89,27.91,14.63,10.16,80.02,0.98
2023-10-17,20231017,2023,10,290,28.57,29.94,27.42,19.15,2.77,82.6,1.95
2023-10-18,20231018,2023,10,291,29.63,31.63,28.28,21.33,0.62,82.86,3.49
2023-10-19,20231019,2023,10,292,29.59,31.75,28.43,22.0,0.7,84.01,3.49
2023-10-20,20231020,2023,10,293,29.13,30.7,27.75,18.87,0.91,84.12,2.33
2023-10-21,20231021,2023,10,294,28.24,30.48,26.77,17.28,1.82,83.58,1.49
2023-10-22,20231022,2023,10,295,28.66,31.55,26.88,18.42,1.29,79.1,1.6
2023-10-23,20231023,2023,10,296,29.28,32.42,27.19,19.06,7.2,80.21,2.75
2023-10-24,20231024,2023,10,297,29.01,30.99,27.82,17.71,9.78,84.57,2.92
2023-10-25,20231025,2023,10,298,28.91,30.98,27.68,13.52,22.81,84.13,2.05
2023-10-26,20231026,2023,10,299,27.91,29.1,26.89,13.28,23.58,85.21,1.49
2023-10-27,20231027,2023,10,300,27.38,28.81,26.44,12.4,18.08,82.82,2.05
2023-10-28,20231028,2023,10,301,27.24,29.42,25.86,14.05,18.28,81.49,2.37
2023-10-29,20231029,2023,10,302,27.67,29.75,26.04,17.37,16.86,85.12,2.75
2023-10-30,20231030,2023,10,303,27.89,30.13,26.78,18.36,13.56,85.02,1.9
2023-10-31,20231031,2023,10,304,28.41,31.22,26.59,16.94,4.58,82.21,1.5
2023-11-01,20231101,2023,11,305,27.73,28.91,27.06,12.29,8.71,85.77,1.97
2023-11-02,20231102,2023,11,306,28.21,30.39,26.84,15.2,60.34,79.25,0.97
2023-11-03,20231103,2023,11,307,27.23,29.16,25.95,19.17,7.11,82.88,1.36
2023-11-04,20231104,2023,11,308,28.76,30.85,26.86,20.3,1.65,79.39,1.86
2023-11-05,20231105,2023,11,309,29.18,31.28,27.69,18.17,4.9,85.02,2.38
2023-11-06,20231106,2023,11,310,28.7,30.57,27.78,15.31,5.96,84.52,2.08
2023-11-07,20231107,2023,11,311,28.6,30.02,27.9,17.04,5.14,86.84,2.94
2023-11-08,20231108,2023,11,312,28.94,31.1,27.59,20.49,3.65,86.24,3.13
2023-11-09,20231109,2023,11,313,30.01,33.01,28.33,20.85,3.62,83.51,3.42
2023-11-10,20231110,2023,11,314,29.62,31.63,28.58,16.21,8.27,85.54,3.9
2023-11-11,20231111,2023,11,315,29.09,30.67,27.89,16.8,3.8,86.48,3.93
2023-11-12,20231112,2023,11,316,28.96,30.34,27.99,13.61,1.49,87.62,4.25
2023-11-13,20231113,2023,11,317,29.2,31.12,27.88,17.01,2.02,86.18,3.17
2023-11-14,20231114,2023,11,318,29.21,31.07,27.92,18.63,1.58,86.28,3.92
2023-11-15,20231115,2023,11,319,29.01,30.59,27.94,11.01,1.48,86.38,2.86
2023-11-16,20231116,2023,11,320,28.55,30.22,27.53,14.55,1.81,82.9,1.24
2023-11-17,20231117,2023,11,321,28.92,31.21,27.54,17.04,3.29,80.56,1.64
2023-11-18,20231118,2023,11,322,27.92,29.69,26.83,13.43,12.29,87.52,3.21
2023-11-19,20231119,2023,11,323,27.96,29.15,26.9,7.11,3.9,85.87,3.32
2023-11-20,20231120,2023,11,324,28.1,30.57,26.38,17.59,2.08,82.87,1.95
2023-11-21,20231121,2023,11,325,28.39,31.31,26.9,17.43,2.12,77.02,1.24
2023-11-22,20231122,2023,11,326,28.42,30.36,26.6,16.03,6.49,79.2,1.32
2023-11-23,20231123,2023,11,327,28.73,30.41,27.49,18.48,0.96,82.63,2.62
2023-11-24,20231124,2023,11,328,29.4,31.62,27.9,19.91,0.44,83.16,4.63
2023-11-25,20231125,2023,11,329,28.73,30.01,27.65,16.64,1.84,85.91,3.58
2023-11-26,20231126,2023,11,330,28.85,30.56,27.58,17.65,0.58,83.4,4.47
2023-11-27,20231127,2023,11,331,29.15,31.54,27.77,21.1,0.01,82.6,5.46
2023-11-28,20231128,2023,11,332,28.99,31.54,27.59,21.44,0.02,83.27,5.09
2023-11-29,20231129,2023,11,333,28.93,31.71,27.53,19.16,0.03,84.36,4.72
2023-11-30,20231130,2023,11,334,28.37,30.51,27.05,18.28,0.01,81.4,5.27
2023-12-01,20231201,2023,12,335,28.16,30.92,26.25,21.91,0.0,80.28,5.05
2023-12-02,20231202,2023,12,336,28.21,31.38,25.87,21.5,0.0,81.73,4.93
2023-12-03,20231203,2023,12,337,28.25,31.37,26.25,21.14,0.0,81.48,5.02
2023-12-04,20231204,2023,12,338,28.13,30.95,26.49,21.52,0.0,83.17,4.83
2023-12-05,20231205,2023,12,339,27.97,30.6,26.31,21.11,0.0,84.18,5.13
2023-12-06,20231206,2023,12,340,27.7,30.34,26.26,20.78,0.0,85.24,4.87
2023-12-07,20231207,2023,12,341,27.87,30.28,26.44,18.56,0.01,85.4,5.22
2023-12-08,20231208,2023,12,342,27.94,30.4,26.45,20.37,0.0,84.26,5.31
2023-12-09,20231209,2023,12,343,27.88,30.22,26.31,20.57,0.0,86.4,4.95
2023-12-10,20231210,2023,12,344,28.13,30.81,26.58,19.35,0.38,85.35,4.66
2023-12-11,20231211,2023,12,345,27.73,29.86,26.5,19.26,0.03,86.97,4.73
2023-12-12,20231212,2023,12,346,27.76,30.06,26.33,19.95,0.0,85.52,5.56
2023-12-13,20231213,2023,12,347,27.37,29.57,26.25,19.22,0.0,84.97,5.78
2023-12-14,20231214,2023,12,348,26.95,28.36,26.17,18.78,0.0,87.61,5.29
2023-12-15,20231215,2023,12,349,27.42,30.11,26.25,17.76,0.0,86.16,4.65
2023-12-16,20231216,2023,12,350,27.81,30.61,26.19,17.25,0.06,86.05,3.04
2023-12-17,20231217,2023,12,351,27.67,30.63,26.12,17.22,0.08,87.37,1.72
2023-12-18,20231218,2023,12,352,27.82,31.09,26.12,17.47,0.07,86.33,1.75
2023-12-19,20231219,2023,12,353,27.41,29.83,26.02,17.63,0.19,86.22,2.35
2023-12-20,20231220,2023,12,354,27.83,30.36,26.26,16.42,0.15,84.54,3.74
2023-12-21,20231221,2023,12,355,28.22,31.12,26.77,18.43,0.06,81.76,4.8
2023-12-22,20231222,2023,12,356,28.42,31.54,26.52,18.04,0.01,80.72,4.93
2023-12-23,20231223,2023,12,357,28.25,30.91,26.74,18.17,0.0,84.33,4.8
2023-12-24,20231224,2023,12,358,28.41,31.93,26.9,17.47,0.01,84.48,4.66
2023-12-25,20231225,2023,12,359,28.31,30.63,27.2,18.19,0.01,84.99,5.12
2023-12-26,20231226,2023,12,360,28.54,31.88,26.77,16.64,0.08,83.43,4.31
2023-12-27,20231227,2023,12,361,27.79,29.58,26.79,16.28,0.78,85.08,4.57
2023-12-28,20231228,2023,12,362,27.96,30.71,26.71,17.48,0.48,83.27,3.74
2023-12-29,20231229,2023,12,363,27.83,30.37,26.42,14.37,0.51,82.51,3.98
2023-12-30,20231230,2023,12,364,27.71,29.32,26.67,18.16,0.31,83.09,4.28
2023-12-31,20231231,2023,12,365,28.27,30.76,26.9,16.46,0.09,79.77,4.9
2024-01-01,20240101,2024,1,1,28.11,30.69,26.55,19.68,0.0,77.87,5.38
2024-01-02,20240102,2024,1,2,28.06,30.44,26.5,19.02,0.0,78.58,4.87
2024-01-03,20240103,2024,1,3,28.32,31.41,26.36,19.58,0.0,78.89,4.47
2024-01-04,20240104,2024,1,4,28.61,32.09,26.48,19.77,0.0,79.95,4.27
2024-01-05,20240105,2024,1,5,28.51,31.34,26.88,19.47,0.0,78.72,5.22
2024-01-06,20240106,2024,1,6,28.36,31.7,26.3,20.46,0.0,77.44,4.79
2024-01-07,20240107,2024,1,7,28.41,31.74,26.19,21.03,0.0,77.52,5.38
2024-01-08,20240108,2024,1,8,28.6,31.34,26.47,21.02,0.0,76.79,5.76
2024-01-09,20240109,2024,1,9,28.8,33.17,26.18,21.39,0.0,75.78,4.32
2024-01-10,20240110,2024,1,10,28.61,32.8,26.42,21.01,0.0,78.71,3.37
2024-01-11,20240111,2024,1,11,28.33,31.91,26.1,20.55,0.0,79.77,4.89
2024-01-12,20240112,2024,1,12,28.04,31.63,25.79,19.45,0.0,78.66,4.31
2024-01-13,20240113,2024,1,13,28.24,31.74,25.98,20.12,0.0,78.59,4.45
2024-01-14,20240114,2024,1,14,28.34,31.63,26.31,20.7,0.0,79.68,4.81
2024-01-15,20240115,2024,1,15,28.53,32.21,25.99,21.5,0.0,78.65,5.17
2024-01-16,20240116,2024,1,16,28.79,32.63,26.13,20.91,0.0,78.78,4.66
2024-01-17,20240117,2024,1,17,28.58,31.56,26.51,21.25,0.0,80.33,5.25
2024-01-18,20240118,2024,1,18,28.28,31.65,26.17,21.76,0.0,76.28,5.15
2024-01-19,20240119,2024,1,19,28.31,32.47,25.88,21.59,0.0,78.81,4.24
2024-01-20,20240120,2024,1,20,28.18,32.05,25.62,21.79,0.0,78.77,5.12
2024-01-21,20240121,2024,1,21,28.01,31.23,25.63,21.4,0.0,78.42,5.47
2024-01-22,20240122,2024,1,22,28.06,31.46,25.38,21.99,0.0,73.99,6.19
2024-01-23,20240123,2024,1,23,28.06,32.33,25.43,22.3,0.0,74.5,5.41
2024-01-24,20240124,2024,1,24,27.92,32.01,25.56,22.55,0.0,77.62,5.58
2024-01-25,20240125,2024,1,25,27.48,31.34,24.78,22.57,0.0,77.47,5.78
2024-01-26,20240126,2024,1,26,27.49,31.37,24.95,22.48,0.0,76.5,5.56
2024-01-27,20240127,2024,1,27,27.2,30.85,24.88,22.48,0.0,79.59,4.48
2024-01-28,20240128,2024,1,28,27.1,30.54,24.59,21.53,0.0,79.51,4.9
2024-01-29,20240129,2024,1,29,27.12,30.49,25.28,21.82,0.0,79.7,4.95
2024-01-30,20240130,2024,1,30,27.24,30.63,25.36,20.91,0.05,78.96,5.23
2024-01-31,20240131,2024,1,31,27.15,29.83,25.62,19.6,0.36,80.68,5.54
2024-02-01,20240201,2024,2,32,27.15,29.54,25.8,17.68,0.16,80.83,5.24
2024-02-02,20240202,2024,2,33,27.08,29.08,25.98,13.82,1.58,82.67,4.37
2024-02-03,20240203,2024,2,34,27.57,30.22,25.87,18.23,1.47,82.54,3.23
2024-02-04,20240204,2024,2,35,28.03,31.56,25.76,19.5,1.21,79.38,2.21
2024-02-05,20240205,2024,2,36,28.55,32.21,26.11,17.4,0.62,77.19,1.66
2024-02-06,20240206,2024,2,37,28.4,31.71,26.48,16.53,1.38,78.23,2.77
2024-02-07,20240207,2024,2,38,26.8,28.98,25.44,8.15,1.98,77.1,3.67
2024-02-08,20240208,2024,2,39,27.03,29.38,25.46,18.71,0.12,72.92,4.38
2024-02-09,20240209,2024,2,40,28.16,31.4,25.86,22.9,0.0,69.28,5.94
2024-02-10,20240210,2024,2,41,28.57,31.5,26.29,23.16,0.0,74.83,5.54
2024-02-11,20240211,2024,2,42,28.92,32.48,26.27,23.04,0.0,76.2,5.13
2024-02-12,20240212,2024,2,43,28.76,32.77,26.14,23.44,0.0,75.07,4.57
2024-02-13,20240213,2024,2,44,28.59,32.78,25.92,22.8,0.0,77.45,4.5
2024-02-14,20240214,2024,2,45,28.51,31.71,26.29,23.0,0.0,76.84,5.77
2024-02-15,20240215,2024,2,46,28.82,32.62,26.52,22.59,0.0,78.23,6.14
2024-02-16,20240216,2024,2,47,29.17,33.63,26.77,22.31,0.0,74.34,5.73
2024-02-17,20240217,2024,2,48,29.28,33.49,26.79,22.54,0.0,74.56,4.95
2024-02-18,20240218,2024,2,49,29.7,35.36,26.6,22.22,0.01,75.47,3.37
2024-02-19,20240219,2024,2,50,28.45,31.33,26.67,19.69,0.03,78.57,5.39
2024-02-20,20240220,2024,2,51,28.37,31.25,26.57,19.43,0.0,74.29,6.31
2024-02-21,20240221,2024,2,52,28.08,30.07,26.8,17.72,0.0,73.93,5.64
2024-02-22,20240222,2024,2,53,27.7,30.22,26.23,21.24,0.03,72.98,4.16
2024-02-23,20240223,2024,2,54,27.99,31.09,26.18,21.51,0.02,73.02,4.69
2024-02-24,20240224,2024,2,55,28.87,32.61,26.61,22.02,0.0,70.0,4.68
2024-02-25,20240225,2024,2,56,28.6,31.72,26.77,22.79,0.0,70.9,5.47
2024-02-26,20240226,2024,2,57,28.76,31.81,27.3,20.85,0.0,70.63,5.66
2024-02-27,20240227,2024,2,58,28.74,32.27,26.67,23.34,0.0,70.44,5.9
2024-02-28,20240228,2024,2,59,28.81,32.29,26.42,25.04,0.0,68.15,6.32
2024-02-29,20240229,2024,2,60,28.73,32.26,26.28,24.07,0.0,67.92,6.48
2024-03-01,20240301,2024,3,61,28.75,32.21,25.66,23.65,0.0,68.73,6.19
2024-03-02,20240302,2024,3,62,28.55,31.83,26.28,23.33,0.03,70.09,5.21
2024-03-03,20240303,2024,3,63,28.36,31.98,26.26,23.38,0.03,72.37,5.22
2024-03-04,20240304,2024,3,64,28.62,32.95,26.05,23.91,0.03,71.94,4.95
2024-03-05,20240305,2024,3,65,28.62,32.48,26.14,23.81,0.01,72.66,5.03
2024-03-06,20240306,2024,3,66,28.91,33.49,25.97,23.55,0.02,72.78,4.61
2024-03-07,20240307,2024,3,67,28.9,33.39,26.17,21.88,0.0,76.43,4.53
2024-03-08,20240308,2024,3,68,29.1,32.94,26.8,20.67,0.0,78.13,4.94
2024-03-09,20240309,2024,3,69,29.24,33.21,26.9,20.71,0.0,77.66,5.12
2024-03-10,20240310,2024,3,70,29.28,33.36,26.97,21.13,0.0,78.45,4.77
2024-03-11,20240311,2024,3,71,29.03,31.7,27.45,21.35,0.0,76.34,6.77
2024-03-12,20240312,2024,3,72,29.34,32.87,27.31,23.06,0.0,71.77,6.79
2024-03-13,20240313,2024,3,73,29.61,33.14,27.47,21.68,0.0,72.14,6.05
2024-03-14,20240314,2024,3,74,28.87,31.44,27.34,21.38,0.0,75.28,5.5
2024-03-15,20240315,2024,3,75,29.35,33.57,27.03,23.47,0.0,71.39,5.59
2024-03-16,20240316,2024,3,76,28.92,32.65,26.41,22.64,0.0,73.04,5.33
2024-03-17,20240317,2024,3,77,28.96,32.92,26.93,22.91,0.0,74.5,5.29
2024-03-18,20240318,2024,3,78,29.62,34.24,26.92,22.4,0.14,76.66,4.2
2024-03-19,20240319,2024,3,79,29.0,31.73,27.02,18.92,0.49,80.05,3.33
2024-03-20,20240320,2024,3,80,28.98,32.63,27.11,15.61,0.61,81.02,4.34
2024-03-21,20240321,2024,3,81,29.04,31.98,26.8,17.07,0.09,75.12,5.97
2024-03-22,20240322,2024,3,82,29.46,33.66,26.99,23.34,0.0,70.43,5.47
2024-03-23,20240323,2024,3,83,29.75,34.5,27.2,19.18,0.0,69.81,4.08
2024-03-24,20240324,2024,3,84,28.92,32.66,26.76,19.06,0.04,76.67,2.04
2024-03-25,20240325,2024,3,85,28.68,32.38,26.53,22.15,0.04,76.87,3.16
2024-03-26,20240326,2024,3,86,28.46,32.08,26.24,24.06,0.02,73.86,3.14
2024-03-27,20240327,2024,3,87,28.5,31.7,26.33,21.59,0.0,72.05,3.17
2024-03-28,20240328,2024,3,88,28.05,31.31,25.9,23.05,0.0,74.8,3.11
2024-03-29,20240329,2024,3,89,27.99,30.79,26.14,24.31,0.0,72.36,5.06
2024-03-30,20240330,2024,3,90,28.72,31.91,26.6,24.47,0.0,70.36,5.56
2024-03-31,20240331,2024,3,91,29.16,32.59,27.16,24.72,0.0,69.04,5.78
2024-04-01,20240401,2024,4,92,29.01,31.93,27.12,23.94,0.0,69.81,5.64
2024-04-02,20240402,2024,4,93,29.01,32.78,26.59,21.59,0.01,72.45,5.08
2024-04-03,20240403,2024,4,94,29.17,33.28,26.78,18.26,0.08,74.06,3.56
2024-04-04,20240404,2024,4,95,28.4,30.55,27.15,15.67,5.46,82.82,2.73
2024-04-05,20240405,2024,4,96,28.66,31.18,27.18,19.97,3.16,84.06,3.61
2024-04-06,20240406,2024,4,97,29.41,33.1,27.0,22.85,0.46,79.07,4.61
2024-04-07,20240407,2024,4,98,29.5,33.19,27.52,23.58,0.48,78.71,5.02
2024-04-08,20240408,2024,4,99,29.72,33.48,27.65,21.35,0.4,74.89,5.51
2024-04-09,20240409,2024,4,100,29.95,34.25,27.52,21.21,0.15,72.02,5.56
2024-04-10,20240410,2024,4,101,29.96,33.98,27.79,22.65,0.01,69.68,5.54
2024-04-11,20240411,2024,4,102,29.66,33.08,26.82,24.01,0.03,71.75,5.11
2024-04-12,20240412,2024,4,103,29.37,32.52,27.68,24.67,0.06,71.46,6.46
2024-04-13,20240413,2024,4,104,29.08,32.43,26.78,25.3,0.0,71.59,6.43
2024-04-14,20240414,2024,4,105,29.1,32.69,26.62,23.89,0.0,71.77,6.06
2024-04-15,20240415,2024,4,106,28.88,32.38,26.81,23.56,0.28,75.64,5.39
2024-04-16,20240416,2024,4,107,28.65,32.24,26.56,22.08,1.42,78.52,4.91
2024-04-17,20240417,2024,4,108,28.28,30.94,26.57,20.15,2.83,82.14,5.05
2024-04-18,20240418,2024,4,109,28.55,31.48,26.86,18.28,4.92,81.92,5.38
2024-04-19,20240419,2024,4,110,28.18,30.97,26.71,18.3,17.1,84.23,4.86
2024-04-20,20240420,2024,4,111,28.25,31.28,26.5,21.47,5.84,82.02,4.7
2024-04-21,20240421,2024,4,112,28.72,32.25,26.76,15.34,1.35,81.04,4.1
2024-04-22,20240422,2024,4,113,28.01,30.9,26.58,16.58,8.52,84.69,3.7
2024-04-23,20240423,2024,4,114,27.93,29.88,26.54,18.68,11.35,84.35,4.63
2024-04-24,20240424,2024,4,115,28.23,30.57,26.8,20.19,3.35,82.46,4.81
2024-04-25,20240425,2024,4,116,27.99,29.92,26.97,16.49,3.13,85.03,4.78
2024-04-26,20240426,2024,4,117,27.6,29.43,26.65,7.82,3.21,86.25,3.69
2024-04-27,20240427,2024,4,118,28.41,31.02,26.8,16.19,1.49,82.21,4.11
2024-04-28,20240428,2024,4,119,28.54,32.08,26.65,16.83,2.18,78.76,3.69
2024-04-29,20240429,2024,4,120,29.08,33.08,26.5,19.97,1.12,76.81,3.36
2024-04-30,20240430,2024,4,121,29.25,32.85,27.12,22.98,0.51,76.85,4.45
2024-05-01,20240501,2024,5,122,29.49,33.26,27.17,21.66,1.76,78.68,3.81
2024-05-02,20240502,2024,5,123,29.18,32.87,27.23,18.52,1.26,80.05,3.06
2024-05-03,20240503,2024,5,124,28.73,31.59,26.93,17.16,3.02,83.72,2.46
2024-05-04,20240504,2024,5,125,28.91,32.05,26.99,12.47,4.11,81.33,2.27
2024-05-05,20240505,2024,5,126,29.24,32.54,26.93,20.04,3.46,81.74,2.38
2024-05-06,20240506,2024,5,127,29.72,32.56,27.75,16.66,2.03,81.13,3.21
2024-05-07,20240507,2024,5,128,29.75,32.18,28.13,14.72,1.74,82.34,3.18
2024-05-08,20240508,2024,5,129,29.22,31.7,27.93,15.88,2.55,84.24,3.16
2024-05-09,20240509,2024,5,130,29.35,32.4,27.58,12.08,3.84,84.09,2.57
2024-05-10,20240510,2024,5,131,29.29,32.12,27.57,21.58,1.35,83.65,3.08
2024-05-11,20240511,2024,5,132,29.53,32.0,27.98,22.19,3.11,82.94,2.96
2024-05-12,20240512,2024,5,133,29.95,33.11,28.12,20.05,3.46,80.68,4.09
2024-05-13,20240513,2024,5,134,29.75,32.37,28.19,21.79,1.47,81.67,4.76
2024-05-14,20240514,2024,5,135,30.16,33.11,28.04,21.75,0.65,79.05,4.62
2024-05-15,20240515,2024,5,136,29.73,32.43,28.14,15.69,1.47,81.65,2.64
2024-05-16,20240516,2024,5,137,30.08,33.53,28.31,22.47,0.26,78.52,4.19
2024-05-17,20240517,2024,5,138,30.38,33.92,28.06,21.35,0.81,78.58,3.91
2024-05-18,20240518,2024,5,139,30.19,33.34,28.32,22.65,0.35,80.09,3.86
2024-05-19,20240519,2024,5,140,30.31,33.55,28.28,22.2,0.17,80.07,4.12
2024-05-20,20240520,2024,5,141,30.25,33.66,28.15,20.98,6.81,79.77,3.48
2024-05-21,20240521,2024,5,142,29.31,31.36,27.96,8.51,16.18,83.51,2.16
2024-05-22,20240522,2024,5,143,27.41,28.36,26.6,7.17,59.26,87.39,3.61
2024-05-23,20240523,2024,5,144,28.88,31.73,27.06,18.69,24.39,82.37,3.21
2024-05-24,20240524,2024,5,145,28.65,30.65,27.65,12.66,21.68,87.22,2.98
2024-05-25,20240525,2024,5,146,28.76,30.51,27.64,14.62,10.85,85.29,3.38
2024-05-26,20240526,2024,5,147,28.98,31.06,27.72,20.88,11.88,85.29,4.13
2024-05-27,20240527,2024,5,148,28.87,30.86,27.82,13.34,16.15,85.24,3.2
2024-05-28,20240528,2024,5,149,27.98,28.7,27.16,15.77,229.62,90.97,3.25
2024-05-29,20240529,2024,5,150,29.1,32.48,27.63,15.14,28.29,85.78,3.88
2024-05-30,20240530,2024,5,151,29.15,31.4,27.64,14.61,14.35,85.74,3.01
2024-05-31,20240531,2024,5,152,29.26,31.47,27.89,19.89,4.62,85.13,2.94
2024-06-01,20240601,2024,6,153,29.54,32.37,28.13,23.33,3.14,86.46,3.37
2024-06-02,20240602,2024,6,154,29.59,31.82,28.18,20.0,3.62,85.62,2.81
2024-06-03,20240603,2024,6,155,29.63,31.79,28.02,18.1,4.19,82.2,1.49
2024-06-04,20240604,2024,6,156,29.11,31.25,27.61,14.7,8.52,80.96,0.77
2024-06-05,20240605,2024,6,157,29.02,31.97,27.44,15.14,3.13,79.29,1.03
2024-06-06,20240606,2024,6,158,28.86,30.68,27.55,13.12,5.57,83.49,1.97
2024-06-07,20240607,2024,6,159,28.07,30.05,26.98,19.65,11.9,86.0,1.55
2024-06-08,20240608,2024,6,160,29.74,32.97,27.63,20.66,3.65,82.24,1.79
2024-06-09,20240609,2024,6,161,29.12,30.87,28.23,17.6,31.88,86.33,2.11
2024-06-10,20240610,2024,6,162,29.31,31.21,28.16,15.91,9.36,83.73,2.4
2024-06-11,20240611,2024,6,163,29.23,32.43,27.79,16.54,2.31,82.08,2.12
2024-06-12,20240612,2024,6,164,29.25,31.01,27.91,14.89,2.73,82.81,1.81
2024-06-13,20240613,2024,6,165,29.21,31.16,28.04,17.58,1.94,83.71,2.41
2024-06-14,20240614,2024,6,166,29.44,32.49,27.92,16.57,1.4,81.34,2.68
2024-06-15,20240615,2024,6,167,28.74,30.21,27.52,7.36,10.05,86.67,1.83
2024-06-16,20240616,2024,6,168,27.24,27.96,26.68,15.53,14.33,88.79,1.94
2024-06-17,20240617,2024,6,169,29.14,31.92,26.69,20.98,4.18,83.06,2.17
2024-06-18,20240618,2024,6,170,29.21,31.95,27.92,18.97,2.05,84.55,3.44
2024-06-19,20240619,2024,6,171,28.69,31.48,26.9,13.16,3.6,80.92,1.98
2024-06-20,20240620,2024,6,172,28.63,30.83,26.86,16.15,7.01,82.33,2.87
2024-06-21,20240621,2024,6,173,28.72,30.67,27.35,18.99,3.24,83.87,3.44
2024-06-22,20240622,2024,6,174,28.96,31.77,27.63,16.63,3.02,83.7,3.32
2024-06-23,20240623,2024,6,175,29.28,32.26,27.54,19.88,9.9,80.72,3.25
2024-06-24,20240624,2024,6,176,28.98,31.73,27.61,18.24,8.5,82.87,2.49
2024-06-25,20240625,2024,6,177,29.11,32.0,27.7,15.4,2.68,83.33,3.2
2024-06-26,20240626,2024,6,178,28.47,30.58,26.97,11.83,3.47,82.23,1.79
2024-06-27,20240627,2024,6,179,27.69,29.75,26.62,16.8,3.81,84.75,1.55
2024-06-28,20240628,2024,6,180,27.95,30.4,26.31,19.56,1.54,84.67,2.26
2024-06-29,20240629,2024,6,181,29.18,32.43,27.18,21.72,0.31,78.46,3.44
2024-06-30,20240630,2024,6,182,28.86,31.15,27.35,22.57,1.66,81.83,4.38
2024-07-01,20240701,2024,7,183,29.26,32.01,27.52,19.27,4.82,82.3,3.94
2024-07-02,20240702,2024,7,184,29.01,31.51,27.53,13.77,8.66,83.7,2.88
2024-07-03,20240703,2024,7,185,28.72,31.89,26.8,19.49,6.96,79.31,1.63
2024-07-04,20240704,2024,7,186,28.48,30.78,27.0,18.42,9.35,83.75,1.99
2024-07-05,20240705,2024,7,187,27.38,29.22,26.09,7.01,14.55,86.37,1.54
2024-07-06,20240706,2024,7,188,27.67,29.63,26.29,21.82,7.99,82.71,1.56
2024-07-07,20240707,2024,7,189,29.33,32.1,27.52,22.85,4.83,82.52,3.81
2024-07-08,20240708,2024,7,190,29.23,31.62,27.61,20.99,5.9,84.28,4.25
2024-07-09,20240709,2024,7,191,29.22,31.88,27.77,21.39,3.94,84.7,3.91
2024-07-10,20240710,2024,7,192,29.04,31.35,27.73,21.15,0.2,85.64,3.62
2024-07-11,20240711,2024,7,193,28.58,30.95,27.15,20.28,0.12,86.3,3.96
2024-07-12,20240712,2024,7,194,28.9,31.53,27.28,20.8,0.11,84.92,4.39
2024-07-13,20240713,2024,7,195,28.76,30.97,27.41,20.91,0.19,86.28,3.96
2024-07-14,20240714,2024,7,196,28.9,31.74,27.29,19.08,0.29,83.76,4.37
2024-07-15,20240715,2024,7,197,28.79,31.57,27.01,24.34,0.52,83.73,4.36
2024-07-16,20240716,2024,7,198,28.7,31.69,27.01,23.73,0.54,85.37,4.09
2024-07-17,20240717,2024,7,199,28.25,30.33,27.15,19.53,3.38,89.19,2.92
2024-07-18,20240718,2024,7,200,28.08,30.4,26.89,16.96,3.17,86.57,2.14
2024-07-19,20240719,2024,7,201,28.33,31.13,26.68,13.44,4.92,85.54,1.68
2024-07-20,20240720,2024,7,202,28.69,31.3,26.99,18.64,10.81,85.17,3.13
2024-07-21,20240721,2024,7,203,29.3,32.2,27.45,22.77,0.87,83.46,4.33
2024-07-22,20240722,2024,7,204,28.76,31.18,27.4,22.35,1.52,85.52,5.06
2024-07-23,20240723,2024,7,205,28.63,31.0,27.44,19.54,9.69,87.77,3.94
2024-07-24,20240724,2024,7,206,28.6,30.3,27.46,21.42,4.49,89.11,3.89
2024-07-25,20240725,2024,7,207,28.52,30.42,27.52,17.87,6.14,88.61,3.65
2024-07-26,20240726,2024,7,208,28.56,31.14,26.9,19.32,2.55,84.99,3.72
2024-07-27,20240727,2024,7,209,28.7,31.33,27.01,17.17,3.92,85.65,3.3
2024-07-28,20240728,2024,7,210,28.88,31.37,27.28,21.35,1.94,83.73,4.46
2024-07-29,20240729,2024,7,211,28.82,31.15,27.04,24.48,1.81,83.61,4.8
2024-07-30,20240730,2024,7,212,28.65,30.52,27.42,20.91,7.39,86.46,3.72
2024-07-31,20240731,2024,7,213,28.96,31.92,27.57,23.32,6.15,84.6,3.06
2024-08-01,20240801,2024,8,214,28.73,31.35,27.17,21.14,10.23,81.58,2.45
2024-08-02,20240802,2024,8,215,28.44,31.66,25.93,23.89,9.46,79.77,1.71
2024-08-03,20240803,2024,8,216,28.9,31.43,27.02,19.79,12.92,81.95,2.13
2024-08-04,20240804,2024,8,217,29.19,32.06,27.76,19.1,5.54,82.49,4.14
2024-08-05,20240805,2024,8,218,28.97,31.49,27.49,19.09,10.47,83.48,4.41
2024-08-06,20240806,2024,8,219,28.53,31.42,26.82,13.19,5.58,83.39,2.83
2024-08-07,20240807,2024,8,220,27.46,29.17,25.97,11.6,47.81,83.86,1.07
2024-08-08,20240808,2024,8,221,28.27,30.67,26.52,20.39,5.54,84.33,2.69
2024-08-09,20240809,2024,8,222,29.05,32.1,27.26,19.96,0.36,80.07,4.54
2024-08-10,20240810,2024,8,223,29.03,32.18,27.51,19.89,0.88,81.54,3.78
2024-08-11,20240811,2024,8,224,28.49,30.67,26.98,20.85,2.68,82.92,1.94
2024-08-12,20240812,2024,8,225,28.73,31.11,26.92,22.8,1.84,83.36,2.93
2024-08-13,20240813,2024,8,226,29.12,32.2,27.28,20.8,0.87,80.74,3.34
2024-08-14,20240814,2024,8,227,28.73,31.35,27.46,21.65,0.64,83.68,2.53
2024-08-15,20240815,2024,8,228,29.16,32.1,27.51,21.83,0.39,81.64,2.29
2024-08-16,20240816,2024,8,229,29.46,32.57,27.71,21.62,0.36,81.88,3.11
2024-08-17,20240817,2024,8,230,29.42,32.62,27.78,19.83,0.4,79.93,2.68
2024-08-18,20240818,2024,8,231,29.12,31.43,27.68,22.27,1.72,82.52,2.83
2024-08-19,20240819,2024,8,232,29.59,32.74,27.76,24.21,6.02,81.64,3.61
2024-08-20,20240820,2024,8,233,29.32,31.73,27.86,21.82,7.62,83.0,4.04
2024-08-21,20240821,2024,8,234,28.82,30.59,27.74,20.22,10.14,85.25,4.43
2024-08-22,20240822,2024,8,235,28.55,30.46,27.42,17.5,4.81,85.04,3.35
2024-08-23,20240823,2024,8,236,28.82,31.18,27.31,18.57,14.85,83.12,2.35
2024-08-24,20240824,2024,8,237,28.95,31.07,27.65,14.36,12.95,84.94,3.33
2024-08-25,20240825,2024,8,238,28.71,30.3,27.58,15.74,14.35,84.86,2.45
2024-08-26,20240826,2024,8,239,27.34,28.66,26.12,6.59,10.57,84.38,0.96
2024-08-27,20240827,2024,8,240,27.86,30.01,25.95,21.02,4.2,84.38,2.53
2024-08-28,20240828,2024,8,241,29.39,32.73,27.3,18.98,1.85,81.3,3.96
2024-08-29,20240829,2024,8,242,29.64,32.14,28.01,23.48,0.24,83.23,4.82
2024-08-30,20240830,2024,8,243,29.23,31.47,27.96,18.79,0.57,84.19,2.36
2024-08-31,20240831,2024,8,244,28.85,30.87,27.35,20.49,0.46,82.57,1.81
2024-09-01,20240901,2024,9,245,28.61,31.05,26.81,20.51,0.64,78.86,1.29
2024-09-02,20240902,2024,9,246,28.15,30.45,26.58,21.56,1.32,83.86,2.09
2024-09-03,20240903,2024,9,247,28.71,31.08,27.34,20.15,15.41,84.26,2.17
2024-09-04,20240904,2024,9,248,28.6,31.34,26.95,20.49,3.89,83.12,2.51
2024-09-05,20240905,2024,9,249,29.03,30.58,27.94,21.13,11.99,86.63,2.55
2024-09-06,20240906,2024,9,250,29.64,32.03,28.0,15.62,11.43,83.84,1.95
2024-09-07,20240907,2024,9,251,28.97,30.84,27.63,18.3,4.51,83.86,2.16
2024-09-08,20240908,2024,9,252,29.17,31.03,27.98,18.42,1.61,85.39,2.85
2024-09-09,20240909,2024,9,253,29.41,31.12,28.43,22.36,1.56,85.47,3.53
2024-09-10,20240910,2024,9,254,29.68,32.15,28.51,19.2,1.22,83.48,2.89
2024-09-11,20240911,2024,9,255,29.47,31.88,28.26,20.77,0.83,83.88,2.69
2024-09-12,20240912,2024,9,256,29.22,31.4,27.73,12.71,2.16,84.59,2.51
2024-09-13,20240913,2024,9,257,28.94,31.39,27.38,17.69,5.46,83.88,1.9
2024-09-14,20240914,2024,9,258,29.5,32.17,27.67,22.9,4.04,83.41,2.59
2024-09-15,20240915,2024,9,259,30.08,33.38,28.43,24.1,2.55,82.43,3.35
2024-09-16,20240916,2024,9,260,30.22,32.96,28.79,22.3,4.32,83.64,2.86
2024-09-17,20240917,2024,9,261,29.34,31.64,28.43,14.43,3.71,84.16,2.63
2024-09-18,20240918,2024,9,262,29.86,32.54,28.69,22.54,3.46,83.55,3.33
2024-09-19,20240919,2024,9,263,29.98,32.69,28.29,21.84,3.35,81.9,2.32
2024-09-20,20240920,2024,9,264,29.05,31.15,27.47,16.07,6.99,81.28,1.61
2024-09-21,20240921,2024,9,265,28.44,31.35,26.53,15.86,6.21,81.26,1.57
2024-09-22,20240922,2024,9,266,27.65,29.05,26.81,4.95,9.5,86.01,1.68
2024-09-23,20240923,2024,9,267,28.78,31.36,26.9,21.23,5.86,79.99,1.84
2024-09-24,20240924,2024,9,268,29.17,31.38,27.79,20.81,6.21,80.91,1.42
2024-09-25,20240925,2024,9,269,28.33,30.38,27.02,13.39,2.98,84.24,1.89
2024-09-26,20240926,2024,9,270,28.36,31.0,27.01,17.77,4.74,81.98,1.96
2024-09-27,20240927,2024,9,271,28.5,30.91,26.65,20.62,3.49,82.46,2.19
2024-09-28,20240928,2024,9,272,28.7,30.94,26.84,14.12,3.99,84.5,2.02
2024-09-29,20240929,2024,9,273,26.28,26.77,25.61,10.42,13.0,88.27,2.13
2024-09-30,20240930,2024,9,274,27.72,31.57,24.83,14.54,0.99,75.35,1.6
2024-10-01,20241001,2024,10,275,28.47,32.02,26.17,20.25,2.1,77.94,1.67
2024-10-02,20241002,2024,10,276,28.05,30.02,26.53,19.53,1.06,78.3,1.59
2024-10-03,20241003,2024,10,277,28.93,31.32,27.17,19.68,2.33,81.66,2.58
2024-10-04,20241004,2024,10,278,28.88,30.54,27.86,20.17,2.14,83.68,3.9
2024-10-05,20241005,2024,10,279,28.34,30.15,27.26,20.22,3.47,83.32,2.12
2024-10-06,20241006,2024,10,280,29.42,32.41,27.3,16.86,4.45,78.6,1.27
2024-10-07,20241007,2024,10,281,28.47,30.65,27.08,17.46,5.15,79.64,0.71
2024-10-08,20241008,2024,10,282,29.02,31.14,26.66,17.4,4.77,72.9,1.1
2024-10-09,20241009,2024,10,283,29.1,32.26,26.8,18.99,1.27,74.8,1.52
2024-10-10,20241010,2024,10,284,28.24,29.85,27.09,13.93,3.6,85.43,1.73
2024-10-11,20241011,2024,10,285,28.36,30.47,26.97,18.49,3.55,82.85,1.63
2024-10-12,20241012,2024,10,286,29.44,31.7,27.95,19.73,2.79,82.37,3.15
2024-10-13,20241013,2024,10,287,29.35,31.17,28.39,19.24,5.11,86.37,3.72
2024-10-14,20241014,2024,10,288,29.44,31.8,27.99,17.68,3.31,81.82,2.57
2024-10-15,20241015,2024,10,289,28.08,29.2,26.9,9.72,2.54,83.96,2.43
2024-10-16,20241016,2024,10,290,28.02,29.99,26.5,12.74,2.32,84.89,2.02
2024-10-17,20241017,2024,10,291,29.18,31.78,27.63,20.52,4.09,82.81,2.44
2024-10-18,20241018,2024,10,292,29.52,31.65,28.39,20.82,6.12,84.16,3.48
2024-10-19,20241019,2024,10,293,29.22,31.25,28.16,17.36,8.13,83.47,3.25
2024-10-20,20241020,2024,10,294,28.79,30.52,27.76,16.28,7.01,85.14,2.67
2024-10-21,20241021,2024,10,295,28.27,29.55,27.38,17.02,1.01,83.48,1.38
2024-10-22,20241022,2024,10,296,28.86,32.63,27.02,15.74,9.21,79.49,1.21
2024-10-23,20241023,2024,10,297,28.57,30.92,27.09,19.23,5.11,83.15,2.07
2024-10-24,20241024,2024,10,298,28.97,30.84,27.86,19.06,14.28,84.42,2.45
2024-10-25,20241025,2024,10,299,29.61,31.99,28.28,20.7,5.37,84.86,4.28
2024-10-26,20241026,2024,10,300,29.43,31.12,28.23,20.72,4.91,85.43,4.58
2024-10-27,20241027,2024,10,301,29.82,32.82,28.2,20.68,1.59,82.08,4.82
2024-10-28,20241028,2024,10,302,28.8,30.29,27.97,14.77,2.3,86.36,3.93
2024-10-29,20241029,2024,10,303,28.39,28.96,27.75,19.35,7.45,89.93,3.32
2024-10-30,20241030,2024,10,304,29.42,31.67,28.13,18.2,7.71,84.67,3.13
2024-10-31,20241031,2024,10,305,27.92,29.32,26.42,15.39,6.82,84.28,2.14
2024-11-01,20241101,2024,11,306,26.88,29.02,25.62,7.73,9.16,82.29,0.88
2024-11-02,20241102,2024,11,307,26.34,27.36,25.52,11.93,16.38,87.46,2.52
2024-11-03,20241103,2024,11,308,26.33,27.55,25.5,7.78,21.69,91.06,3.59
2024-11-04,20241104,2024,11,309,27.14,29.39,25.67,12.5,15.88,86.47,3.21
2024-11-05,20241105,2024,11,310,27.97,31.29,26.22,17.74,2.02,82.87,2.09
2024-11-06,20241106,2024,11,311,28.26,29.9,27.41,17.39,2.09,86.01,3.05
2024-11-07,20241107,2024,11,312,28.51,29.89,27.57,14.17,9.78,83.21,3.22
2024-11-08,20241108,2024,11,313,28.28,30.78,26.87,13.43,14.57,83.71,1.61
2024-11-09,20241109,2024,11,314,26.8,28.37,25.84,15.34,33.37,87.12,2.16
2024-11-10,20241110,2024,11,315,27.27,30.14,25.33,17.4,1.73,84.02,2.62
2024-11-11,20241111,2024,11,316,26.75,28.19,25.82,15.08,5.07,86.37,2.31
2024-11-12,20241112,2024,11,317,27.17,29.77,25.34,16.9,1.66,81.48,2.29
2024-11-13,20241113,2024,11,318,27.51,30.11,25.79,17.42,0.55,81.64,2.22
2024-11-14,20241114,2024,11,319,27.43,29.6,26.05,15.8,1.86,82.77,1.99
2024-11-15,20241115,2024,11,320,27.43,29.63,25.95,19.15,0.54,80.99,1.93
2024-11-16,20241116,2024,11,321,27.84,30.32,26.49,16.04,0.91,76.36,1.93
2024-11-17,20241117,2024,11,322,27.58,29.09,26.53,15.02,5.97,86.09,2.77
2024-11-18,20241118,2024,11,323,28.72,32.0,27.0,18.59,1.59,80.11,2.82
2024-11-19,20241119,2024,11,324,29.01,32.42,27.08,19.29,3.4,79.74,2.56
2024-11-20,20241120,2024,11,325,28.02,30.35,26.7,15.82,5.61,86.8,2.05
2024-11-21,20241121,2024,11,326,28.04,30.56,26.6,16.19,4.96,80.99,1.35
2024-11-22,20241122,2024,11,327,27.72,30.12,26.24,13.26,11.19,83.74,1.87
2024-11-23,20241123,2024,11,328,27.32,28.61,26.26,15.53,7.49,86.0,2.09
2024-11-24,20241124,2024,11,329,28.36,30.5,26.89,18.28,8.24,85.77,2.95
2024-11-25,20241125,2024,11,330,28.47,30.19,27.59,17.22,4.25,86.34,2.63
2024-11-26,20241126,2024,11,331,28.28,30.66,27.02,13.01,10.35,86.39,1.65
2024-11-27,20241127,2024,11,332,27.94,30.56,26.81,14.12,10.31,85.27,2.76
2024-11-28,20241128,2024,11,333,27.95,30.13,26.76,16.92,4.04,84.67,2.14
2024-11-29,20241129,2024,11,334,28.14,29.63,26.91,15.73,7.8,87.5,2.34
2024-11-30,20241130,2024,11,335,28.81,30.9,27.7,17.94,7.06,85.23,2.94
2024-12-01,20241201,2024,12,336,29.08,31.11,27.99,20.2,7.52,85.68,4.48
2024-12-02,20241202,2024,12,337,28.36,29.67,27.57,15.39,21.18,86.75,4.85
2024-12-03,20241203,2024,12,338,28.38,30.63,27.35,17.64,7.61,83.07,4.99
2024-12-04,20241204,2024,12,339,28.58,30.69,27.3,19.48,0.13,78.91,5.43
2024-12-05,20241205,2024,12,340,28.58,30.95,26.93,20.88,0.75,80.02,5.18
2024-12-06,20241206,2024,12,341,28.01,30.18,26.34,20.27,0.1,76.53,5.31
2024-12-07,20241207,2024,12,342,27.88,30.37,26.1,20.84,0.0,78.03,5.11
2024-12-08,20241208,2024,12,343,28.24,30.62,26.76,21.31,0.0,81.62,5.22
2024-12-09,20241209,2024,12,344,28.57,31.3,26.99,21.08,0.0,82.46,4.73
2024-12-10,20241210,2024,12,345,28.5,31.36,26.51,20.99,0.0,83.29,4.84
2024-12-11,20241211,2024,12,346,28.41,31.33,26.36,20.81,0.01,83.17,4.52
2024-12-12,20241212,2024,12,347,27.91,29.86,26.89,19.62,0.01,79.72,5.83
2024-12-13,20241213,2024,12,348,27.65,30.0,26.39,20.9,0.0,78.62,5.47
2024-12-14,20241214,2024,12,349,27.25,29.59,26.01,20.68,0.0,78.06,4.89
2024-12-15,20241215,2024,12,350,27.29,30.52,25.74,20.75,0.0,79.09,3.48
2024-12-16,20241216,2024,12,351,27.86,31.32,25.78,19.51,0.02,82.23,3.16
2024-12-17,20241217,2024,12,352,28.09,30.61,26.77,20.12,0.0,85.85,4.12
2024-12-18,20241218,2024,12,353,27.75,28.94,26.74,18.26,0.0,89.38,4.35
2024-12-19,20241219,2024,12,354,27.99,30.06,27.01,18.16,0.0,88.1,4.69
2024-12-20,20241220,2024,12,355,27.65,29.14,26.75,16.59,0.0,88.37,3.92
2024-12-21,20241221,2024,12,356,27.66,29.13,26.94,16.17,1.04,87.49,4.08
2024-12-22,20241222,2024,12,357,27.47,28.55,26.92,11.74,5.7,89.0,4.27
2024-12-23,20241223,2024,12,358,27.32,28.35,26.42,12.18,2.71,88.17,4.77
2024-12-24,20241224,2024,12,359,27.9,30.53,26.53,15.57,3.33,82.44,4.55
2024-12-25,20241225,2024,12,360,27.78,29.97,26.48,18.58,1.36,83.16,4.33
2024-12-26,20241226,2024,12,361,28.01,30.78,26.5,17.08,2.87,83.98,3.52
2024-12-27,20241227,2024,12,362,28.14,30.83,26.79,13.14,6.49,82.59,2.93
2024-12-28,20241228,2024,12,363,27.98,30.07,26.64,13.77,2.18,82.81,3.85
2024-12-29,20241229,2024,12,364,28.01,30.42,26.47,18.49,0.64,81.5,3.36
2024-12-30,20241230,2024,12,365,27.72,30.29,26.4,13.64,0.54,80.92,3.73
2024-12-31,20241231,2024,12,366,27.47,28.82,26.88,13.72,15.42,85.88,4.36
2025-01-01,20250101,2025,1,1,28.25,30.87,26.44,18.53,2.44,76.41,4.52
2025-01-02,20250102,2025,1,2,28.28,30.68,26.78,18.47,2.65,77.27,4.67
2025-01-03,20250103,2025,1,3,28.32,30.61,26.72,15.5,2.15,78.5,4.34
2025-01-04,20250104,2025,1,4,28.01,30.13,27.03,9.7,5.32,79.59,4.64
2025-01-05,20250105,2025,1,5,27.83,29.83,26.67,14.16,5.21,79.84,5.08
2025-01-06,20250106,2025,1,6,28.09,30.54,26.47,17.56,1.79,79.15,3.34
2025-01-07,20250107,2025,1,7,28.18,30.54,26.72,19.33,2.0,82.02,3.95
2025-01-08,20250108,2025,1,8,28.07,30.19,26.38,20.69,0.27,78.03,5.6
2025-01-09,20250109,2025,1,9,27.89,30.29,26.14,20.94,0.41,77.04,5.87
2025-01-10,20250110,2025,1,10,28.07,31.08,25.9,21.64,0.0,74.51,4.45
2025-01-11,20250111,2025,1,11,28.18,31.32,25.97,21.17,0.0,74.3,4.22
2025-01-12,20250112,2025,1,12,28.08,30.76,25.9,21.69,0.0,76.41,4.83
2025-01-13,20250113,2025,1,13,28.27,31.14,26.11,20.48,0.04,77.28,5.21
2025-01-14,20250114,2025,1,14,27.87,30.31,26.08,21.04,0.16,76.4,6.28
2025-01-15,20250115,2025,1,15,27.55,29.49,26.05,20.23,0.18,76.82,6.65
2025-01-16,20250116,2025,1,16,27.66,30.14,25.8,19.48,0.24,75.17,5.67
2025-01-17,20250117,2025,1,17,27.86,30.79,25.58,20.95,0.38,77.28,4.48
2025-01-18,20250118,2025,1,18,27.64,30.48,25.49,20.96,0.22,79.89,4.65
2025-01-19,20250119,2025,1,19,27.74,30.87,25.39,22.05,0.53,78.43,4.48
2025-01-20,20250120,2025,1,20,27.7,30.45,25.62,21.5,0.48,79.07,5.8
2025-01-21,20250121,2025,1,21,27.81,30.89,25.45,22.26,0.0,76.19,4.99
2025-01-22,20250122,2025,1,22,27.57,30.78,25.12,22.11,0.01,78.45,4.69
2025-01-23,20250123,2025,1,23,27.94,31.18,25.5,22.03,0.06,75.84,5.57
2025-01-24,20250124,2025,1,24,27.65,30.69,25.53,21.92,0.11,77.67,5.7
2025-01-25,20250125,2025,1,25,27.76,30.52,25.84,22.1,0.05,75.33,6.46
2025-01-26,20250126,2025,1,26,27.62,30.66,25.51,22.38,0.04,75.64,6.56
2025-01-27,20250127,2025,1,27,27.5,30.59,25.25,22.5,0.02,77.56,5.36
2025-01-28,20250128,2025,1,28,27.9,31.52,25.49,21.16,0.02,78.41,4.65
2025-01-29,20250129,2025,1,29,27.18,29.43,25.79,20.78,0.13,82.01,5.85
2025-01-30,20250130,2025,1,30,28.04,31.11,25.65,20.7,0.14,78.13,6.07
2025-01-31,20250131,2025,1,31,28.06,30.86,26.03,20.63,0.2,75.34,6.4
2025-02-01,20250201,2025,2,32,27.73,30.89,25.31,21.97,0.02,75.24,6.04
2025-02-02,20250202,2025,2,33,27.55,30.56,25.39,22.2,0.0,76.04,6.54
2025-02-03,20250203,2025,2,34,27.38,30.48,25.57,21.68,0.0,74.1,6.83
2025-02-04,20250204,2025,2,35,27.35,30.62,25.05,21.67,0.0,75.28,6.64
2025-02-05,20250205,2025,2,36,27.28,30.03,25.48,21.22,0.02,76.0,6.78
2025-02-06,20250206,2025,2,37,27.28,30.24,25.28,22.2,0.02,75.52,6.25
2025-02-07,20250207,2025,2,38,27.42,30.49,25.06,22.53,0.03,75.65,6.01
2025-02-08,20250208,2025,2,39,27.33,29.92,25.41,17.95,0.0,74.36,6.3
2025-02-09,20250209,2025,2,40,27.09,29.67,25.22,20.22,0.07,76.95,6.39
2025-02-10,20250210,2025,2,41,27.27,30.35,25.26,21.27,0.17,75.75,6.73
2025-02-11,20250211,2025,2,42,27.4,30.53,25.15,22.01,0.11,73.89,6.09
2025-02-12,20250212,2025,2,43,27.61,30.76,25.49,21.84,0.88,73.53,5.39
2025-02-13,20250213,2025,2,44,27.87,31.24,25.37,22.57,0.4,74.04,5.47
2025-02-14,20250214,2025,2,45,27.43,30.08,25.54,20.21,1.66,75.5,6.18
2025-02-15,20250215,2025,2,46,27.41,30.66,25.16,21.9,0.74,73.52,5.69
2025-02-16,20250216,2025,2,47,27.51,31.01,25.13,20.46,0.15,74.93,4.9
2025-02-17,20250217,2025,2,48,27.38,30.6,25.28,20.11,0.66,76.71,5.52
2025-02-18,20250218,2025,2,49,27.67,30.82,25.69,20.77,0.61,76.39,5.64
2025-02-19,20250219,2025,2,50,28.03,31.54,25.93,21.3,0.17,73.9,4.59
2025-02-20,20250220,2025,2,51,28.25,31.87,26.22,20.71,0.61,76.01,4.81
2025-02-21,20250221,2025,2,52,28.04,30.89,26.14,22.19,0.65,76.24,6.38
2025-02-22,20250222,2025,2,53,28.11,30.92,26.38,22.23,0.69,74.15,7.07
2025-02-23,20250223,2025,2,54,28.05,30.7,26.17,20.78,0.19,74.13,6.66
2025-02-24,20250224,2025,2,55,27.69,30.56,26.36,17.81,5.7,78.81,3.95
2025-02-25,20250225,2025,2,56,28.2,32.05,26.04,19.46,2.63,79.09,2.43
2025-02-26,20250226,2025,2,57,26.82,28.0,25.87,14.24,7.56,85.66,3.48
2025-02-27,20250227,2025,2,58,27.96,30.85,26.14,19.28,1.0,80.33,4.81
2025-02-28,20250228,2025,2,59,27.97,30.73,26.36,20.97,0.48,75.37,5.97
2025-03-01,20250301,2025,3,60,27.92,30.71,26.17,21.92,1.54,77.1,5.41
2025-03-02,20250302,2025,3,61,28.03,31.33,26.17,19.43,1.59,76.42,5.43
2025-03-03,20250303,2025,3,62,27.66,30.46,26.01,19.35,0.7,75.25,5.89
2025-03-04,20250304,2025,3,63,27.8,30.66,26.02,22.01,1.67,75.43,5.51
2025-03-05,20250305,2025,3,64,27.87,30.92,25.81,21.47,0.91,76.24,4.98
2025-03-06,20250306,2025,3,65,27.7,30.48,25.91,21.04,1.95,76.87,4.57
2025-03-07,20250307,2025,3,66,27.61,29.84,26.1,20.71,2.06,76.42,5.5
2025-03-08,20250308,2025,3,67,28.31,31.95,25.9,22.55,0.07,74.37,5.01
2025-03-09,20250309,2025,3,68,28.62,32.2,26.52,22.87,0.15,73.48,5.01
2025-03-10,20250310,2025,3,69,28.5,32.19,26.28,21.61,0.78,73.49,4.42
2025-03-11,20250311,2025,3,70,28.18,31.68,26.22,21.83,0.38,74.73,5.11
2025-03-12,20250312,2025,3,71,28.14,31.62,26.18,22.34,0.21,73.79,5.42
2025-03-13,20250313,2025,3,72,28.32,31.98,26.37,21.56,0.15,74.41,5.57
2025-03-14,20250314,2025,3,73,28.16,31.2,26.42,20.65,0.55,74.3,5.69
2025-03-15,20250315,2025,3,74,28.08,31.51,26.13,21.52,2.27,75.41,4.62
2025-03-16,20250316,2025,3,75,28.61,32.07,26.49,20.24,1.33,75.95,3.7
2025-03-17,20250317,2025,3,76,28.34,30.99,26.8,20.77,1.47,78.37,5.73
2025-03-18,20250318,2025,3,77,27.81,30.16,26.54,14.76,0.25,74.27,7.08
2025-03-19,20250319,2025,3,78,27.71,30.02,26.12,20.16,0.04,72.55,6.56
2025-03-20,20250320,2025,3,79,28.3,31.28,26.27,21.32,2.5,77.74,5.19
2025-03-21,20250321,2025,3,80,28.37,31.0,26.85,20.91,1.27,80.63,6.3
2025-03-22,20250322,2025,3,81,28.69,30.9,26.68,22.98,0.61,77.14,5.58
2025-03-23,20250323,2025,3,82,29.29,32.82,26.77,23.76,0.19,71.0,6.53
2025-03-24,20250324,2025,3,83,29.29,32.91,26.78,24.77,0.12,71.31,5.33
2025-03-25,20250325,2025,3,84,28.8,32.84,26.63,23.84,3.43,74.83,5.28
2025-03-26,20250326,2025,3,85,27.72,29.8,26.5,16.71,2.09,79.72,5.24
2025-03-27,20250327,2025,3,86,27.62,30.23,26.16,21.82,1.74,79.61,5.67
2025-03-28,20250328,2025,3,87,27.82,30.47,26.16,21.68,4.87,78.94,5.49
2025-03-29,20250329,2025,3,88,28.26,31.17,26.37,21.79,2.91,76.52,5.34
2025-03-30,20250330,2025,3,89,28.31,31.26,26.56,18.38,1.64,76.03,5.28
2025-03-31,20250331,2025,3,90,28.12,31.41,26.15,23.39,1.84,75.83,4.43
2025-04-01,20250401,2025,4,91,28.04,30.91,26.33,21.91,3.99,77.25,4.74
2025-04-02,20250402,2025,4,92,28.28,31.21,26.43,,2.49,76.42,5.67
2025-04-03,20250403,2025,4,93,28.56,30.87,26.62,20.77,4.33,75.92,5.29
2025-04-04,20250404,2025,4,94,28.71,31.6,26.68,16.45,0.87,71.25,6.11
2025-04-05,20250405,2025,4,95,28.72,31.77,26.58,22.8,0.49,70.85,5.9
2025-04-06,20250406,2025,4,96,28.54,31.43,26.63,20.4,2.9,75.05,4.45
2025-04-07,20250407,2025,4,97,28.28,30.69,26.72,21.71,1.98,78.3,3.97
2025-04-08,20250408,2025,4,98,28.68,31.97,26.65,24.55,1.52,78.12,3.58
2025-04-09,20250409,2025,4,99,28.45,31.74,26.67,19.21,5.05,80.32,4.1
2025-04-10,20250410,2025,4,100,28.07,30.81,26.5,15.04,27.72,83.57,3.48
2025-04-11,20250411,2025,4,101,27.34,29.24,26.16,16.91,35.78,87.63,2.47
2025-04-12,20250412,2025,4,102,28.15,31.3,26.34,22.75,2.21,83.11,2.5
2025-04-13,20250413,2025,4,103,28.42,31.37,26.56,22.78,1.39,82.01,4.77
2025-04-14,20250414,2025,4,104,28.87,31.66,26.99,24.46,0.46,78.75,6.15
2025-04-15,20250415,2025,4,105,29.08,31.83,27.05,25.12,1.18,75.46,5.72
2025-04-16,20250416,2025,4,106,28.85,32.4,27.11,24.32,1.23,78.06,5.69
2025-04-17,20250417,2025,4,107,28.69,31.59,26.95,22.6,0.67,78.41,6.17
2025-04-18,20250418,2025,4,108,28.46,30.39,27.08,22.9,1.23,79.2,6.94
2025-04-19,20250419,2025,4,109,28.78,31.2,27.11,21.02,3.01,79.52,5.52
2025-04-20,20250420,2025,4,110,28.55,31.04,27.05,18.91,4.02,79.45,5.7
2025-04-21,20250421,2025,4,111,27.95,29.91,26.66,17.68,7.0,79.07,5.61
2025-04-22,20250422,2025,4,112,27.65,30.07,26.04,19.72,3.08,77.32,5.86
2025-04-23,20250423,2025,4,113,27.76,29.96,26.07,21.23,4.24,77.99,4.41
2025-04-24,20250424,2025,4,114,28.02,30.29,26.37,22.79,6.38,79.78,4.77
2025-04-25,20250425,2025,4,115,27.9,29.98,26.49,19.85,4.8,81.42,5.04
2025-04-26,20250426,2025,4,116,27.67,29.63,26.42,11.67,5.74,83.04,4.03
2025-04-27,20250427,2025,4,117,27.86,30.22,26.49,14.4,9.77,83.41,3.61
2025-04-28,20250428,2025,4,118,27.69,29.18,26.75,13.87,3.56,84.11,4.23
2025-04-29,20250429,2025,4,119,27.93,30.44,26.61,12.46,6.92,82.25,5.04
2025-04-30,20250430,2025,4,120,28.15,30.52,26.73,15.78,3.31,81.56,3.63
2025-05-01,20250501,2025,5,121,28.17,30.34,26.94,17.12,4.33,83.42,3.35
2025-05-02,20250502,2025,5,122,28.15,30.88,26.77,9.05,5.16,83.52,2.36
2025-05-03,20250503,2025,5,123,28.14,30.53,26.96,11.01,5.66,83.8,2.1
2025-05-04,20250504,2025,5,124,28.27,31.1,26.66,23.14,3.04,80.47,2.17
2025-05-05,20250505,2025,5,125,28.3,30.2,26.99,11.55,5.34,82.27,2.4
2025-05-06,20250506,2025,5,126,28.01,30.16,26.62,7.79,14.28,83.73,2.58
2025-05-07,20250507,2025,5,127,27.52,28.3,27.14,5.29,14.88,85.64,2.03
2025-05-08,20250508,2025,5,128,27.97,29.07,26.93,18.95,4.73,83.16,3.07
2025-05-09,20250509,2025,5,129,28.61,31.16,26.66,22.55,3.24,81.71,3.2
2025-05-10,20250510,2025,5,130,29.25,31.56,27.46,24.27,2.31,82.98,4.21
2025-05-11,20250511,2025,5,131,29.7,32.37,27.84,20.64,3.82,83.52,3.86
2025-05-12,20250512,2025,5,132,29.65,32.07,28.07,21.25,3.26,82.18,3.97
2025-05-13,20250513,2025,5,133,29.25,31.68,27.86,19.19,2.74,81.43,4.6
2025-05-14,20250514,2025,5,134,28.62,30.67,27.49,20.51,3.46,83.95,3.77
2025-05-15,20250515,2025,5,135,28.21,29.84,27.3,10.37,5.33,86.16,2.9
2025-05-16,20250516,2025,5,136,28.39,30.81,26.98,10.88,4.61,84.47,2.59
2025-05-17,20250517,2025,5,137,28.05,30.06,27.11,11.88,7.07,84.22,3.23
2025-05-18,20250518,2025,5,138,28.36,30.52,27.01,19.28,6.32,83.57,2.99
2025-05-19,20250519,2025,5,139,27.76,28.53,27.24,16.22,9.41,87.0,2.74
2025-05-20,20250520,2025,5,140,28.94,31.54,27.33,18.53,4.23,82.94,2.23
2025-05-21,20250521,2025,5,141,28.93,31.22,27.64,20.17,5.14,84.83,2.88
2025-05-22,20250522,2025,5,142,29.18,31.01,27.88,17.57,3.94,83.57,3.57
2025-05-23,20250523,2025,5,143,29.51,31.65,27.76,24.53,1.07,80.24,4.74
2025-05-24,20250524,2025,5,144,29.53,31.5,27.99,22.2,1.0,80.82,4.82
2025-05-25,20250525,2025,5,145,29.21,31.37,27.72,22.65,0.33,80.31,5.18
2025-05-26,20250526,2025,5,146,29.14,31.64,27.48,18.8,3.2,81.09,3.87
2025-05-27,20250527,2025,5,147,28.79,30.8,27.49,13.36,4.35,82.38,3.16
2025-05-28,20250528,2025,5,148,28.54,29.94,27.22,16.33,0.2,82.55,4.37
2025-05-29,20250529,2025,5,149,28.72,30.48,27.78,21.16,0.12,83.35,4.12
2025-05-30,20250530,2025,5,150,28.77,30.79,27.41,20.77,0.59,84.43,3.35
2025-05-31,20250531,2025,5,151,28.47,31.1,27.14,8.45,3.37,86.78,2.07
2025-06-01,20250601,2025,6,152,28.84,31.25,26.62,13.51,1.02,82.56,2.72
2025-06-02,20250602,2025,6,153,29.02,31.46,27.41,21.49,3.55,82.56,2.78
2025-06-03,20250603,2025,6,154,29.08,31.31,27.56,18.63,3.27,81.68,3.55
2025-06-04,20250604,2025,6,155,29.3,31.7,27.57,18.34,1.1,77.23,4.47
2025-06-05,20250605,2025,6,156,29.02,31.28,27.67,16.92,4.19,79.19,3.81
2025-06-06,20250606,2025,6,157,28.55,30.45,27.42,14.63,2.81,82.11,3.04
2025-06-07,20250607,2025,6,158,28.93,30.78,27.78,20.51,2.35,81.8,3.41
2025-06-08,20250608,2025,6,159,29.28,31.56,27.59,22.68,2.61,81.33,3.37
2025-06-09,20250609,2025,6,160,29.35,31.34,28.29,15.77,2.02,79.96,3.32
2025-06-10,20250610,2025,6,161,29.11,31.23,27.94,13.95,4.86,81.15,3.25
2025-06-11,20250611,2025,6,162,28.68,30.8,27.59,11.89,5.96,82.75,2.59
2025-06-12,20250612,2025,6,163,28.62,30.51,27.68,16.72,6.29,83.55,2.86
2025-06-13,20250613,2025,6,164,27.74,29.07,26.76,5.65,13.65,84.68,1.7
2025-06-14,20250614,2025,6,165,27.48,28.62,26.68,17.32,9.44,82.71,2.42
2025-06-15,20250615,2025,6,166,27.91,29.75,26.22,22.76,5.73,82.5,3.33
2025-06-16,20250616,2025,6,167,28.76,30.53,27.2,22.07,1.79,81.0,3.38
2025-06-17,20250617,2025,6,168,28.99,31.35,27.31,19.03,3.1,81.21,4.24
2025-06-18,20250618,2025,6,169,29.31,31.84,27.32,16.92,0.59,79.99,3.77
2025-06-19,20250619,2025,6,170,29.26,31.56,27.55,22.39,0.45,80.08,4.76
2025-06-20,20250620,2025,6,171,29.47,31.93,27.68,14.52,1.36,79.16,3.74
2025-06-21,20250621,2025,6,172,29.23,31.84,27.6,16.87,3.02,79.19,3.93
2025-06-22,20250622,2025,6,173,28.35,30.77,27.28,14.03,4.55,83.1,3.3
2025-06-23,20250623,2025,6,174,27.78,29.78,26.91,12.52,4.24,83.52,3.53
2025-06-24,20250624,2025,6,175,28.19,30.34,26.67,18.78,3.27,82.79,3.04
2025-06-25,20250625,2025,6,176,28.25,30.11,26.97,21.9,4.55,85.0,3.1
2025-06-26,20250626,2025,6,177,28.82,31.21,27.37,22.02,5.05,82.97,3.13
2025-06-27,20250627,2025,6,178,29.2,31.97,27.37,21.44,2.55,79.89,4.47
2025-06-28,20250628,2025,6,179,28.85,31.29,27.25,19.6,2.65,79.62,4.49
2025-06-29,20250629,2025,6,180,29.0,31.63,27.31,20.83,4.14,81.14,4.27
2025-06-30,20250630,2025,6,181,29.38,32.5,27.53,20.58,4.07,81.34,3.86
2025-07-01,20250701,2025,7,182,29.31,31.54,27.83,22.59,2.03,78.55,4.32
2025-07-02,20250702,2025,7,183,28.82,30.97,27.48,21.61,3.39,80.26,3.92
2025-07-03,20250703,2025,7,184,28.59,30.83,27.03,18.58,4.76,83.93,2.59
2025-07-04,20250704,2025,7,185,28.31,30.43,27.12,9.22,5.74,84.74,2.02
2025-07-05,20250705,2025,7,186,28.01,30.16,26.99,12.54,4.6,82.85,2.06
2025-07-06,20250706,2025,7,187,28.24,30.31,26.92,22.69,2.56,83.1,3.1
2025-07-07,20250707,2025,7,188,28.83,31.53,27.02,21.51,0.54,78.58,4.76
2025-07-08,20250708,2025,7,189,29.04,31.78,26.92,23.48,1.13,78.15,4.33
2025-07-09,20250709,2025,7,190,29.2,31.49,27.67,,3.7,80.44,3.11
2025-07-10,20250710,2025,7,191,28.86,31.26,27.53,18.8,6.41,82.76,3.45
2025-07-11,20250711,2025,7,192,28.43,30.38,27.29,17.56,4.43,84.22,3.07
2025-07-12,20250712,2025,7,193,28.58,30.46,27.45,14.64,5.82,82.46,2.81
2025-07-13,20250713,2025,7,194,28.14,29.81,27.32,13.67,4.64,84.93,2.33
2025-07-14,20250714,2025,7,195,28.66,31.29,27.11,17.38,1.02,81.37,4.1
2025-07-15,20250715,2025,7,196,28.73,31.09,27.01,24.35,0.59,80.89,4.71
2025-07-16,20250716,2025,7,197,29.08,31.5,27.16,23.46,1.51,80.44,4.37
2025-07-17,20250717,2025,7,198,29.16,31.54,27.42,23.45,1.13,79.25,3.96
2025-07-18,20250718,2025,7,199,29.35,32.22,27.55,23.96,1.91,77.87,4.16
2025-07-19,20250719,2025,7,200,29.26,32.27,27.22,23.42,0.8,79.2,4.39
2025-07-20,20250720,2025,7,201,29.08,31.69,27.64,23.49,2.64,80.33,3.49
2025-07-21,20250721,2025,7,202,28.74,31.19,27.39,21.65,3.48,82.66,3.63
2025-07-22,20250722,2025,7,203,28.88,32.23,27.12,22.65,1.3,81.39,3.3
2025-07-23,20250723,2025,7,204,28.64,31.44,27.15,15.56,1.84,82.15,3.59
2025-07-24,20250724,2025,7,205,28.95,32.2,27.3,20.67,3.41,82.34,3.44
2025-07-25,20250725,2025,7,206,28.85,31.55,27.24,20.63,5.04,81.67,3.43
2025-07-26,20250726,2025,7,207,28.7,31.36,27.3,20.16,8.62,81.27,3.95
2025-07-27,20250727,2025,7,208,28.36,30.45,27.12,23.09,1.72,84.1,3.53
2025-07-28,20250728,2025,7,209,29.01,32.26,27.23,21.71,3.6,83.32,2.75
2025-07-29,20250729,2025,7,210,29.39,32.59,27.65,23.14,5.07,81.74,2.86
2025-07-30,20250730,2025,7,211,28.88,30.95,27.73,17.39,1.91,80.25,3.74
2025-07-31,20250731,2025,7,212,29.04,31.71,27.47,22.79,1.48,76.9,4.69
2025-08-01,20250801,2025,8,213,29.41,32.33,27.6,24.18,2.3,79.61,3.83
2025-08-02,20250802,2025,8,214,29.32,31.92,27.86,23.63,2.22,80.55,4.22
2025-08-03,20250803,2025,8,215,29.35,32.46,27.89,19.77,5.33,79.74,2.38
2025-08-04,20250804,2025,8,216,29.15,32.14,27.82,21.03,5.11,82.53,2.65
2025-08-05,20250805,2025,8,217,29.4,32.44,27.48,15.77,3.75,79.2,3.47
2025-08-06,20250806,2025,8,218,29.09,31.86,27.73,22.94,2.51,79.28,3.89
2025-08-07,20250807,2025,8,219,29.16,31.89,27.29,17.32,1.21,76.49,4.15
2025-08-08,20250808,2025,8,220,28.96,31.69,27.55,22.3,5.1,77.5,3.69
2025-08-09,20250809,2025,8,221,28.8,31.15,27.56,13.99,6.05,79.03,3.13
2025-08-10,20250810,2025,8,222,28.48,30.33,27.5,13.62,5.7,80.81,2.37
2025-08-11,20250811,2025,8,223,29.03,32.09,27.09,,3.94,78.79,2.97
2025-08-12,20250812,2025,8,224,29.39,32.62,27.54,23.81,2.27,79.44,3.5
2025-08-13,20250813,2025,8,225,29.73,32.69,27.82,22.09,2.46,78.87,3.86
2025-08-14,20250814,2025,8,226,29.33,31.9,27.81,18.84,3.69,78.17,3.86
2025-08-15,20250815,2025,8,227,29.02,31.73,27.44,18.88,5.75,78.43,3.37
2025-08-16,20250816,2025,8,228,28.24,30.7,27.03,19.69,4.59,78.87,2.11
2025-08-17,20250817,2025,8,229,27.92,31.09,26.52,21.63,11.83,78.85,1.93
2025-08-18,20250818,2025,8,230,28.2,31.02,26.37,19.14,4.84,78.57,2.08
2025-08-19,20250819,2025,8,231,28.54,31.2,26.19,21.36,8.77,81.79,3.1
2025-08-20,20250820,2025,8,232,29.43,32.41,27.65,21.42,4.08,82.43,2.97
2025-08-21,20250821,2025,8,233,29.56,32.2,28.2,19.99,4.75,81.29,3.62
2025-08-22,20250822,2025,8,234,29.43,32.28,27.81,19.27,3.37,79.57,3.25
2025-08-23,20250823,2025,8,235,29.25,32.12,27.84,21.95,5.31,80.05,2.48
2025-08-24,20250824,2025,8,236,29.88,32.97,28.28,21.52,5.14,79.48,2.82
2025-08-25,20250825,2025,8,237,29.78,32.41,28.0,19.14,2.26,78.79,4.33
2025-08-26,20250826,2025,8,238,29.98,32.97,28.28,22.71,3.92,80.88,3.52
2025-08-27,20250827,2025,8,239,29.76,32.69,28.2,23.27,5.07,81.83,2.84
2025-08-28,20250828,2025,8,240,29.59,31.93,28.18,23.84,4.05,81.56,2.09
2025-08-29,20250829,2025,8,241,30.23,33.86,28.05,24.68,3.12,80.15,2.44
2025-08-30,20250830,2025,8,242,29.87,32.58,28.52,18.09,2.97,79.63,3.13
2025-08-31,20250831,2025,8,243,29.93,32.42,28.4,21.57,2.75,77.56,3.49
2025-09-01,20250901,2025,9,244,29.82,32.24,28.6,18.73,4.68,79.19,2.76
2025-09-02,20250902,2025,9,245,29.69,32.76,28.35,20.59,4.38,79.25,3.16
2025-09-03,20250903,2025,9,246,29.69,32.41,28.17,21.72,3.71,79.55,2.76
2025-09-04,20250904,2025,9,247,29.96,32.6,28.33,19.09,4.56,79.88,2.96
2025-09-05,20250905,2025,9,248,29.07,31.33,28.3,16.38,7.64,82.57,2.3
2025-09-06,20250906,2025,9,249,29.16,31.64,27.86,21.02,6.32,79.61,2.36
2025-09-07,20250907,2025,9,250,28.85,31.18,27.79,10.37,7.71,79.74,1.64
2025-09-08,20250908,2025,9,251,27.84,29.52,26.84,17.78,35.43,85.06,1.85
2025-09-09,20250909,2025,9,252,29.11,31.63,27.6,23.38,2.67,80.48,2.57
2025-09-10,20250910,2025,9,253,29.83,32.38,28.34,23.66,3.26,80.85,3.24
2025-09-11,20250911,2025,9,254,29.95,32.74,28.37,22.87,4.04,81.27,3.28
2025-09-12,20250912,2025,9,255,29.1,30.57,28.13,10.46,5.49,82.68,2.85
2025-09-13,20250913,2025,9,256,28.82,30.74,27.73,22.81,1.53,80.66,2.62
2025-09-14,20250914,2025,9,257,29.38,32.09,27.79,22.64,4.29,80.17,2.9
2025-09-15,20250915,2025,9,258,29.76,32.38,28.24,22.79,4.6,81.3,3.15
2025-09-16,20250916,2025,9,259,29.72,31.99,28.47,20.0,4.36,80.3,2.87
2025-09-17,20250917,2025,9,260,29.17,30.87,28.0,20.91,6.36,80.0,1.85
2025-09-18,20250918,2025,9,261,27.09,27.88,26.4,15.7,93.29,87.81,1.59
2025-09-19,20250919,2025,9,262,28.01,30.05,26.72,12.11,11.31,81.52,1.88
2025-09-20,20250920,2025,9,263,28.69,31.13,26.64,24.48,3.38,81.59,2.09
2025-09-21,20250921,2025,9,264,29.34,31.57,27.77,21.11,4.1,82.49,2.98
2025-09-22,20250922,2025,9,265,29.34,31.55,28.35,20.15,4.91,81.84,2.68
2025-09-23,20250923,2025,9,266,29.56,31.84,28.26,22.41,2.38,80.81,3.8
2025-09-24,20250924,2025,9,267,29.87,32.38,28.47,18.63,4.72,81.54,3.24
2025-09-25,20250925,2025,9,268,29.24,31.18,27.99,21.31,5.04,82.52,2.59
2025-09-26,20250926,2025,9,269,28.76,30.66,27.71,19.2,6.71,81.06,1.25
2025-09-27,20250927,2025,9,270,28.56,30.68,27.19,18.54,7.01,81.17,1.81
2025-09-28,20250928,2025,9,271,28.37,30.36,27.12,22.0,13.53,82.52,1.85
2025-09-29,20250929,2025,9,272,28.93,30.69,27.7,21.35,6.84,82.6,3.04
2025-09-30,20250930,2025,9,273,29.27,31.43,28.1,20.88,4.47,80.58,2.6
2025-10-01,20251001,2025,10,274,29.22,31.26,27.98,20.61,4.04,77.85,1.35
2025-10-02,20251002,2025,10,275,28.8,30.26,28.12,13.01,2.87,80.46,1.54
2025-10-03,20251003,2025,10,276,28.72,30.13,26.98,17.57,22.91,80.91,1.25
2025-10-04,20251004,2025,10,277,28.23,29.87,26.66,13.37,4.11,82.57,1.87
2025-10-05,20251005,2025,10,278,29.15,31.29,27.91,21.85,3.16,79.54,2.33
2025-10-06,20251006,2025,10,279,29.31,31.53,28.0,15.39,4.84,80.03,2.84
2025-10-07,20251007,2025,10,280,29.0,30.96,28.08,21.51,3.95,79.87,2.6
2025-10-08,20251008,2025,10,281,29.25,31.36,27.97,15.54,4.31,79.85,2.87
2025-10-09,20251009,2025,10,282,28.98,30.96,28.03,14.55,5.06,81.65,2.13
2025-10-10,20251010,2025,10,283,28.38,30.3,26.41,12.52,43.8,81.98,2.45
2025-10-11,20251011,2025,10,284,27.09,28.52,25.62,11.86,96.54,84.38,2.8
2025-10-12,20251012,2025,10,285,27.96,29.94,26.48,18.11,4.87,79.01,2.15
2025-10-13,20251013,2025,10,286,28.22,29.83,27.19,18.9,3.26,78.54,2.29
2025-10-14,20251014,2025,10,287,28.71,30.6,27.64,19.08,5.35,80.13,2.24
2025-10-15,20251015,2025,10,288,28.79,30.2,27.81,,3.85,78.32,1.5
2025-10-16,20251016,2025,10,289,28.12,29.18,27.34,9.33,6.59,83.03,2.54
2025-10-17,20251017,2025,10,290,27.79,29.19,26.73,17.42,4.8,79.68,1.7
2025-10-18,20251018,2025,10,291,28.37,30.27,26.88,20.5,3.44,82.33,2.94
2025-10-19,20251019,2025,10,292,29.21,31.42,27.92,21.09,3.43,80.46,3.06
2025-10-20,20251020,2025,10,293,28.91,30.51,28.15,13.22,3.63,81.53,2.92
2025-10-21,20251021,2025,10,294,28.7,30.27,27.9,19.46,2.71,80.39,1.96
2025-10-22,20251022,2025,10,295,28.62,30.26,27.6,13.19,5.87,81.54,2.73
2025-10-23,20251023,2025,10,296,28.17,29.61,27.19,10.15,5.26,84.99,3.85
2025-10-24,20251024,2025,10,297,28.16,30.06,26.83,12.85,2.64,82.98,3.5
2025-10-25,20251025,2025,10,298,28.34,30.46,26.6,18.94,5.6,80.36,2.76
2025-10-26,20251026,2025,10,299,28.6,30.81,26.91,20.09,6.9,79.87,2.45
2025-10-27,20251027,2025,10,300,27.99,29.32,26.91,16.13,9.61,82.8,3.52
2025-10-28,20251028,2025,10,301,28.02,30.0,26.43,20.39,7.53,83.56,3.56
2025-10-29,20251029,2025,10,302,28.51,30.42,27.05,17.18,2.7,82.34,2.31
2025-10-30,20251030,2025,10,303,28.24,29.74,27.04,16.7,32.59,84.03,1.81
2025-10-31,20251031,2025,10,304,28.51,30.35,26.94,17.0,33.39,82.3,1.73
2025-11-01,20251101,2025,11,305,29.0,30.95,27.85,20.46,3.0,81.13,2.92
2025-11-02,20251102,2025,11,306,29.31,31.3,28.08,17.26,3.23,80.68,3.11
2025-11-03,20251103,2025,11,307,29.25,30.92,28.37,18.39,3.29,79.6,3.36
2025-11-04,20251104,2025,11,308,28.81,30.68,27.61,18.19,1.89,78.74,3.8
2025-11-05,20251105,2025,11,309,29.0,30.83,27.67,17.53,4.76,78.38,3.25
2025-11-06,20251106,2025,11,310,29.02,30.7,28.11,16.25,4.94,81.19,2.66
2025-11-07,20251107,2025,11,311,29.02,30.86,27.93,18.88,4.91,81.78,2.57
2025-11-08,20251108,2025,11,312,29.12,30.92,27.89,20.29,3.45,81.84,3.73
2025-11-09,20251109,2025,11,313,29.26,31.08,27.96,19.09,3.21,81.68,3.95
2025-11-10,20251110,2025,11,314,29.11,30.66,28.31,15.93,5.64,83.59,3.13
2025-11-11,20251111,2025,11,315,28.84,30.23,28.08,16.73,3.09,81.83,3.73
2025-11-12,20251112,2025,11,316,28.74,30.44,27.63,19.1,2.41,81.3,4.51
2025-11-13,20251113,2025,11,317,28.74,30.7,27.26,19.42,2.81,79.74,3.65
2025-11-14,20251114,2025,11,318,28.47,30.07,27.24,17.5,4.41,80.31,3.59
2025-11-15,20251115,2025,11,319,28.08,29.4,27.28,9.4,2.54,81.86,3.46
2025-11-16,20251116,2025,11,320,27.88,29.14,27.05,13.91,3.73,81.27,3.12
2025-11-17,20251117,2025,11,321,27.8,29.23,26.85,18.64,3.51,81.22,3.8
2025-11-18,20251118,2025,11,322,28.12,29.66,27.0,17.03,2.32,82.02,4.67
2025-11-19,20251119,2025,11,323,28.55,30.57,27.1,18.85,2.57,81.99,4.73
2025-11-20,20251120,2025,11,324,28.31,30.19,27.1,17.37,1.77,80.93,3.94
2025-11-21,20251121,2025,11,325,28.16,30.1,27.13,16.56,1.54,80.19,3.58
2025-11-22,20251122,2025,11,326,28.13,30.0,26.73,18.23,0.57,80.94,4.37
2025-11-23,20251123,2025,11,327,28.28,30.03,26.91,14.79,2.11,80.68,5.06
2025-11-24,20251124,2025,11,328,28.19,29.55,26.76,14.73,1.15,81.35,4.64
2025-11-25,20251125,2025,11,329,27.99,29.04,27.23,17.5,1.79,82.08,4.24
2025-11-26,20251126,2025,11,330,28.36,30.54,26.68,17.95,0.97,80.21,4.58
2025-11-27,20251127,2025,11,331,28.4,30.75,26.73,19.32,3.09,80.57,4.59
2025-11-28,20251128,2025,11,332,27.85,29.47,26.88,7.37,4.27,81.57,4.19
2025-11-29,20251129,2025,11,333,27.03,27.76,26.3,7.73,4.33,83.51,2.27
2025-11-30,20251130,2025,11,334,27.55,29.37,26.48,13.88,4.21,82.61,2.44
2025-12-01,20251201,2025,12,335,27.66,29.21,26.62,7.42,7.64,84.14,3.0
2025-12-02,20251202,2025,12,336,27.26,28.82,26.53,17.22,8.15,81.69,2.68
2025-12-03,20251203,2025,12,337,27.43,29.31,26.24,18.67,0.44,78.56,4.71
2025-12-04,20251204,2025,12,338,27.2,29.24,25.48,19.09,0.71,78.7,4.22
2025-12-05,20251205,2025,12,339,27.7,29.81,25.99,19.48,1.72,78.3,2.83
2025-12-06,20251206,2025,12,340,27.99,30.11,26.67,18.4,5.13,78.35,2.93
2025-12-07,20251207,2025,12,341,28.03,30.12,26.65,18.8,6.08,80.21,2.94
2025-12-08,20251208,2025,12,342,28.12,30.42,26.96,18.29,3.93,80.12,2.97
2025-12-09,20251209,2025,12,343,28.0,30.38,26.77,17.64,5.7,81.6,3.17
2025-12-10,20251210,2025,12,344,28.2,30.26,26.8,19.71,1.51,79.0,4.66
2025-12-11,20251211,2025,12,345,28.42,30.83,26.69,20.28,1.27,79.13,3.95
2025-12-12,20251212,2025,12,346,28.38,30.55,26.81,18.74,2.71,80.71,4.85
2025-12-13,20251213,2025,12,347,28.38,30.59,26.81,15.05,3.89,80.05,4.61
2025-12-14,20251214,2025,12,348,28.11,30.06,26.71,16.29,0.38,78.71,3.51
2025-12-15,20251215,2025,12,349,27.83,29.92,26.69,19.2,0.47,81.62,3.78
2025-12-16,20251216,2025,12,350,27.63,30.03,26.47,18.84,5.03,81.97,4.09
2025-12-17,20251217,2025,12,351,27.62,29.7,26.15,18.19,2.94,79.94,4.62
2025-12-18,20251218,2025,12,352,28.07,30.19,26.62,18.3,3.29,81.82,3.75
2025-12-19,20251219,2025,12,353,27.8,30.17,26.56,19.26,1.68,79.74,4.39
2025-12-20,20251220,2025,12,354,27.45,29.75,25.47,19.78,0.62,77.79,5.62
2025-12-21,20251221,2025,12,355,27.42,29.4,25.64,19.0,0.87,77.21,6.01
2025-12-22,20251222,2025,12,356,27.74,30.3,25.95,20.27,0.25,78.12,5.39
2025-12-23,20251223,2025,12,357,27.66,30.58,25.79,19.71,0.97,76.98,5.43
2025-12-24,20251224,2025,12,358,27.39,29.84,25.46,19.24,0.21,76.81,5.02
2025-12-25,20251225,2025,12,359,27.19,29.75,25.3,19.18,1.62,77.84,5.4
2025-12-26,20251226,2025,12,360,27.1,29.81,25.23,20.13,0.51,76.53,5.35
2025-12-27,20251227,2025,12,361,27.36,30.16,25.28,20.55,0.11,76.71,5.37
2025-12-28,20251228,2025,12,362,27.3,30.12,25.29,20.29,1.15,79.5,4.54
2025-12-29,20251229,2025,12,363,27.35,30.16,25.43,20.28,0.95,80.95,4.64
2025-12-30,20251230,2025,12,364,27.39,29.83,25.77,19.61,1.33,83.45,3.98
2025-12-31,20251231,2025,12,365,27.63,30.84,25.96,19.27,2.62,85.71,3.63
